Sample,G0F,G1F,G2F,G0FN,G1FN,G2FN,G1FS,G2FS,G1FNS,G2FNS
sample_01,5.278419944818226,5.280337648307995,4.8316861686484085,4.692816341949595,4.591499717241691,3.7866982357894385,4.502479076948495,4.878153026366099,3.2839047708589355,3.181347413426408
sample_02,5.391038174679404,5.110279335970083,4.580040366082252,4.8776953859240395,4.581925475906761,3.7749330878756275,4.479370419789906,4.806167038639008,3.4717769157179035,3.3839333968652365
sample_03,5.157461560240686,5.022779527159175,4.666266840650837,4.7931645092313255,4.585111718032035,3.968864688132797,4.347459410905122,4.849620195298803,3.4272974826744402,3.6150992151977026
sample_04,5.208066161802874,5.104402921572626,4.695965355067451,5.023945370484999,4.690926095510692,3.7707425439467666,4.495018413547555,4.853527914263217,3.2902676472195163,3.4376563353994984
sample_05,5.141871141609379,5.1889308444406765,4.793016679752739,4.642323808250638,4.593505554275193,3.8248308540030296,4.596384577357116,4.988110259822439,3.332324368609678,3.4586917067755962
sample_06,4.854711018986512,5.049190821775456,4.780267039347842,4.484804418633171,4.586579461471566,4.022126810716624,4.401476221746308,4.96023851348854,3.428147785088576,3.4863398421600187
sample_07,5.153670502931726,5.038961693390825,4.7181721486540935,4.7535084097486555,4.464430566238767,3.75892157539523,4.437282161554477,4.952797206887388,3.4177061072527875,3.398732348091721
sample_08,5.12795127404235,5.128752459953108,4.834765484312881,4.55524587444912,4.5664916122105135,3.8917184487809102,4.475775308081783,5.007458471237932,3.347975353553092,3.144309891589521
sample_09,5.310782884168306,5.1581717381341745,4.650804745209115,4.956757099446264,4.752485189824279,3.7985352330951776,4.402010194896748,4.715596162151877,3.333395275658629,3.506918490722785
sample_10,5.380457124512472,5.110562019752255,4.649019580284977,4.957230316223345,4.597640992306541,3.8219986287549483,4.44859852908706,4.792571143504535,3.4495102287391113,3.3469693023178557
sample_11,5.137976096053989,5.172004070735028,4.825139072064485,4.666133623783695,4.5090285489782165,3.716251447993136,4.436372803521756,4.901957312524101,3.343466925608638,3.8013684741212668
sample_12,5.118922449974043,5.079473694315709,4.585582878450143,4.762463953469061,4.617640406401951,3.8300396296773744,4.5393169280464924,4.878760640839227,3.5764819078147774,3.4438987914193038
sample_13,5.134605046790541,5.127167732162477,4.678103748445104,4.667147229512968,4.614927941673952,3.8850821528286597,4.499477673831937,4.864880855693896,3.484492017052281,3.4597244855997635
sample_14,4.9482039051375,5.181950196476037,4.9678089376163665,4.46960802153755,4.611198613594844,4.044279837606921,4.434995693257305,5.059077225621548,3.320526845831687,3.3899750389178895
sample_15,5.19174764743203,5.217936061290525,4.76923602408115,4.545032384248392,4.5373708414568705,3.8319827574869345,4.539668919212745,4.881169169028473,3.38656344985866,3.4572614288494092
sample_16,5.054536789677125,5.109728693478907,4.792803830399925,4.65771457393932,4.633648581634807,3.920353240425741,4.420643784485012,4.872458018684778,3.376887964363626,3.466297289774772
sample_17,5.175741083382918,5.039838953800496,4.622553904279339,4.752586841759478,4.575341115953587,3.8036948513037117,4.469238320659202,4.939501488073823,3.267587840289619,3.782969998894735
sample_18,5.294496040243597,5.1496034034460925,4.641064514308695,4.823078925131492,4.583301763415143,3.7749522919362586,4.51863422822295,4.8108468809858485,3.3900535451702205,3.488366983494693
sample_19,5.038936491824713,5.010559901221668,4.786330778518498,4.5858751108438405,4.584340910468405,4.0629344826221185,4.461152895117012,5.03696994615186,3.3273417716148908,3.537936088617956
sample_20,5.133109635330306,5.129766995222221,4.783376613176084,4.683855871936361,4.661924901691045,3.8865914027558683,4.365873928365117,4.864948072035276,3.2525688925162406,4.109498117528559
sample_21,5.357281687747693,5.142156534853173,4.5534375298953345,4.920856830166963,4.627872575103961,2.4617386047988514,4.417032675240798,4.745245416692939,2.265443959654883,4.679270402517506
sample_22,5.314727966235192,5.069479550503482,4.490105511930733,4.961563789573553,4.6786105003075615,3.7557070921861784,4.427432246426481,4.621894833865533,3.4240572811543903,3.5078342788911643
sample_23,5.1082881047697635,5.341154545128487,5.133312965256831,4.295511474579386,4.583805309987297,3.9069114921614916,4.675120655062633,5.255990768013791,3.177550981259774,3.3234707721572763
sample_24,5.1926150466364405,4.988410443580973,4.414833303775288,4.794294938453903,4.565510341273407,3.6472512445415473,4.477717644975596,4.766354591987284,3.49931710760812,3.5785828056699933
sample_25,5.32591137760976,5.198777042419432,4.623219966166404,4.7454476154925045,4.536603979068039,3.6138890521108102,4.572563092087439,4.820934172667744,3.251388649456812,3.7232769136427666
sample_26,5.019524433573187,4.9598328599811925,4.618837895251253,4.740552067423882,4.638547943973376,3.964116757600812,4.271576010284695,4.831131277248075,3.496391971224647,3.5284599470711098
sample_27,5.149868792893186,5.011296947028755,4.614200073353481,4.737114446077749,4.6029675442029205,3.888623757669877,4.349012703797874,4.775039771938699,3.4526198738376563,3.520091576229028
sample_28,5.262745066178645,5.17111730039457,4.857914557836762,4.707730755755881,4.5009674361236325,3.778936988925024,4.436978335109526,4.933922585541754,3.1150687419375456,3.150030845659147
sample_29,5.155757009936466,5.099691040990366,4.706743947756908,4.667379379509338,4.531708476538369,3.859440413724737,4.462037857733176,4.946659506358076,3.4155388287354946,3.447707889347597
sample_30,5.0153522810474165,5.014462730315248,4.723431485003889,4.715823540521329,4.740324059817658,4.089625976827047,4.317974350436386,4.858214838903117,3.4627706417736652,3.4307110612353062
sample_31,5.216266355114055,5.086519881415851,4.491232453794122,4.790343417588682,4.606709143040206,3.65869800969394,4.489020252066701,4.59443195059695,3.5061987915597617,3.4147599328172156
sample_32,5.391612865931077,5.169712448420793,4.6297073461395515,4.911692711200184,4.634458974303695,3.609412946380495,4.409527586429739,4.771298530738787,3.0734048453722638,4.2810045558981304
sample_33,5.14759162069049,5.197635518339008,4.792635051864974,4.625661265770122,4.52905555633466,3.8196286246000213,4.577931949646748,4.996664932718417,3.3931054543974315,3.361725142856671
sample_34,5.222306551277888,5.1572941902126,4.805884629704653,4.622718447932189,4.404951737226877,3.7231780715618887,4.456009052073093,4.936902552163017,3.395561713244511,3.2960519915509785
sample_35,5.181440172077278,5.110945273054887,4.724118132856921,4.696511852242772,4.632168745758029,3.8860203668482356,4.360931331240548,4.8197583458072035,3.3198855799665505,3.4716363031539936
sample_36,4.896091342575107,5.0130796176104955,4.745175305630957,4.532900451139179,4.592245024303953,3.996951424545847,4.392424750047903,4.918879803993098,3.4206343359239213,3.5500443096180625
sample_37,4.812779268242689,4.953437337366715,4.744594843809,4.4526794028443915,4.56961053490965,4.064282108548776,4.392531744846475,5.033124731719085,3.551464130310361,3.667274710124892
sample_38,5.361096489149775,5.121935434313087,4.5127336231147295,4.8159833467826285,4.568694297904869,3.70642881619063,4.620010238516345,4.823964123509519,3.5470254403187647,3.3899361428676142
sample_39,5.314398511130751,5.189799841997107,4.708665877498012,4.825349682131711,4.607987013977042,3.8175879169658984,4.407578696439003,4.713781971134971,3.5052886205726392,3.2329718159191443
sample_40,5.253861743557408,5.030398498905024,4.6416732317938365,5.008013286836652,4.688782421628016,3.8922424404610103,4.422261999061968,4.837060975343857,3.4856734597033,3.465376802316528
sample_41,5.166311603897615,5.239306256969175,5.010563799404918,4.5580240251098205,4.403081375043081,3.779950445205129,4.591403665250816,5.1490507876395135,3.1327538275850673,3.432402917532663
sample_42,5.089436563337104,5.12207819904747,4.720277686472504,4.6351596697463355,4.583682211534981,3.8803827962096333,4.505214077051951,4.898320623606915,3.4380361362678795,3.3814548621091
sample_43,5.149318792452006,4.950901654895237,4.606867412457459,4.811011837580916,4.590923158755747,3.91979911847594,4.386977360135468,4.849629309492713,3.477659444334355,3.4822812809511756
sample_44,5.369987804769868,5.1178509566341965,4.665687502658602,4.997797273603235,4.641195751352062,3.8405362590035517,4.4577162473107785,4.853272152356425,3.3601920248768753,3.4069189231657306
sample_45,5.393036765716076,5.090006422801547,4.575688255700252,4.91358799014713,4.623185013631196,3.5557171747696312,4.442065687044951,4.82034983705076,2.8734528639364654,3.9541921187649907
sample_46,5.504323473355061,5.127010497336018,4.496380314693078,5.036148632966412,4.562689852307412,3.6457628434502305,4.584477439674651,4.80757337913629,3.5528001348804987,3.3338110500721068
sample_47,4.8011238239758125,4.951049726548415,4.7178222810018475,4.394737846103537,4.430844845303106,3.8829087504549444,4.499535213590393,5.066649893356077,3.479962977855746,3.562074541596389
sample_48,5.609187027914018,5.313242350778856,4.7252959944837585,4.995609230079414,4.588463662022505,3.671589723804911,4.587569436032271,4.848648700445391,3.396712446742418,3.2155785245673556
sample_49,5.005512094436359,5.160614789484572,4.800900569820082,4.49151586158751,4.632591539579107,3.985088992726491,4.438225471002229,4.869953898638789,3.408431366847487,3.3550100206947624
sample_50,4.827392715015436,4.921938361357883,4.640837856167666,4.428963699469617,4.6655722123580246,4.107868298491156,4.353544873493592,4.961817512902016,3.64680447922602,3.701852045556926
sample_51,5.300479513140487,5.104174018437112,4.610964892971768,4.846518397299238,4.588562021874291,3.7726257671416383,4.527697228455297,4.810011542583812,3.4455654782185547,3.2720945412646256
sample_52,5.392989888010693,5.15122151319862,4.581338095445346,4.881998935064354,4.5700163914885925,3.653147428548743,4.598765935971163,4.799041360416106,3.4407274233627043,3.1454881065796187
sample_53,5.24701145650147,5.124599105589075,4.704098368058821,4.791993840785358,4.543114190458195,3.7790056714643976,4.451243060253883,4.908752199251897,3.32902326318692,3.288792126671556
sample_54,5.1416511572819825,5.071674792385741,4.620545953858016,4.736404346255721,4.623305115589606,3.8538975726299953,4.474764747417144,4.838997540988223,3.3994113443683336,3.513678918027969
sample_55,5.328146934252046,5.257522443226993,4.840186254895969,4.581159618704405,4.558847418659089,3.830040549538867,4.5398169507619,4.9096539948772415,3.1805906157455763,3.227303207698912
sample_56,5.064266320810487,5.039748939511394,4.710937259843546,4.807409742610958,4.578527029581425,3.9338280141069184,4.444571519841509,4.933117438197136,3.4744731630016354,3.4071977979954826
sample_57,5.0059680055949505,4.993989947690766,4.659632703704333,4.793396994349104,4.622965300233676,3.959607158032861,4.412335192972454,4.848857161892375,3.4951208157123905,3.5124404641033635
sample_58,5.511134927844999,5.172474917442264,4.606579971779803,5.1120929101156225,4.647706156927313,3.7328277917148744,4.507009719743766,4.7127513148908955,3.3605151089243597,3.242170342053633
sample_59,5.390680684809503,5.178435830884169,4.617803749072762,4.767243780280951,4.533491350742779,3.7102005294880533,4.625984504766864,4.867293809502225,3.411087347385471,3.3292476785767664
sample_60,5.244287143178575,5.131089204331305,4.710186458217493,4.908000895359343,4.652858062090377,3.890582587437335,4.343930526818038,4.700329136816841,3.3708653475016885,3.25924759476475
sample_61,5.261990654031703,5.117285559716452,4.600555054949109,4.812336474680614,4.574063671624869,3.773813437684103,4.4987555983892245,4.798855194637524,3.480380444419836,3.355563649264507
sample_62,5.043297710883157,5.094039420400049,4.803027931528618,4.505649230589329,4.528644730474656,3.8832537451284517,4.41962213406341,4.912537655966304,3.568171819858095,3.572692398031908
sample_63,5.135298192001751,5.097352570056037,4.709480956044503,4.712833976636694,4.660684959002496,3.9281676484186785,4.397875173638137,4.816231223799941,3.3723043465580993,3.333770215559574
sample_64,5.145355152397757,4.987206134683345,4.580592151338004,4.808001784179384,4.536662139962317,3.8155004436564646,4.428648366624912,4.901855402605191,3.5322536933662803,3.4854649066291894
sample_65,5.097204028383634,4.993283661863075,4.686835807319528,4.873937700182258,4.736037490639506,4.089345682425651,4.253297327071446,4.766991309855815,3.434053300814739,3.495655011004366
sample_66,5.139002865848195,5.186670055215089,4.705684314261409,4.550357988723322,4.544927739661603,3.772286090520039,4.589484228881594,4.8999211102975515,3.4252208082084836,3.353751462429934
sample_67,4.836595192888766,5.054779321759654,4.911072180556942,4.48037649164061,4.492775806093518,3.969345955244335,4.469537348506522,5.145219069822603,3.3806768318116385,3.5294637952614085
sample_68,5.048759133428915,4.768103249457368,4.415023672250505,4.9846371401316665,4.672934841322768,4.0854258267757135,4.3602404396029195,4.357335448959512,3.8593162702106323,4.166420413586806
sample_69,5.427942082039183,5.198097783471536,4.733064360732437,5.080381353363498,4.764052917127857,3.832780010019971,4.421476039789952,4.839310877178929,3.14034087284291,3.447804978512301
sample_70,5.031976215482986,5.053610804870888,4.732753272974967,4.681450449615235,4.624937774424461,4.021076262662388,4.339546087256533,4.9231980665635175,3.355835559147813,3.762282151717619
sample_71,5.187086265604506,4.9648508755591605,4.636748183170602,4.887539950002059,4.5707811663914,3.918484326833777,4.376462330408113,4.908240057994378,3.3211644910140508,3.6487922551718266
sample_72,5.201482790087544,4.992270357661162,4.7099331656736885,4.996691836704816,4.560441738243632,3.890832548713571,4.373673204347711,4.9425745686231854,3.4211062033900514,3.4574572817530735
sample_73,5.197795485719953,5.198549835179501,4.695416110666912,4.645158770396984,4.554030280958117,3.7651437015370957,4.6141820160929,4.90904521548463,3.4262738675195896,3.307395033808919
sample_74,5.015909278189465,4.997325950386912,4.685334986535298,4.7655758711928655,4.60530456833757,3.981478687981191,4.388034466629462,4.881671436196891,3.503959489391237,3.4682623117933984
sample_75,5.342802015571463,5.174519105800864,4.575968363367751,4.831668700651994,4.506713859296853,3.5700565246586407,4.550391192916812,4.734131027338989,3.217952733001206,3.549087623706553
sample_76,5.191582668999349,5.16102790454118,4.752961114852176,4.614518511286298,4.476799565662196,3.777142653776529,4.512255861946066,4.917337912645067,3.3653439554177793,3.248036044546276
sample_77,5.2433676759139995,5.1687657343271045,4.71392811438506,4.718699219816598,4.506566842607843,3.704463032467691,4.535515785098027,4.867975501668134,3.344064381671888,3.2782745711333465
sample_78,5.086687745679984,4.991611487209264,4.605077283072604,4.907737232704612,4.640536872628413,3.9252807024801086,4.382578898409398,4.848534371862965,3.522460929189984,3.489331510875876
sample_79,5.181854897335284,5.087968039236015,4.665673919827782,4.747247978991297,4.605275903084216,3.900056949471196,4.459147867405978,4.867010677260426,2.0612078587339404,2.945814440031871
sample_80,5.107253806350933,5.1363720836775135,4.734114082075885,4.535779803288095,4.520647371071495,3.867650120984277,4.490851584227027,4.943609222549395,3.4287207592096607,3.441633561556846
sample_81,4.995006044708561,5.0249767914416505,4.731621223303102,4.5764675503988865,4.584233952305143,3.9375872905794655,4.366728697731219,4.98651489870614,3.488185164585485,3.5313975985756447
sample_82,5.104253739656703,5.044565367255091,4.655170561194888,4.7722020056100245,4.535966029721711,3.8207674569683663,4.504050801117823,4.9497131073546505,3.524932433318186,3.495779942344353
sample_83,5.151557100962285,5.073553279899974,4.630096073953208,4.788954563689515,4.657675649050196,3.903223074686497,4.416181958052928,4.771429418291803,3.436515529685073,3.3386028671935293
sample_84,5.321096899580338,5.236291998755767,4.738776884263676,4.685613602636468,4.525703969533008,3.706775137363313,4.6217518406142455,4.884943812198958,3.329101612992411,3.162205486785649
sample_85,5.293520534114,5.174568444134211,4.635772321491004,4.825172645051519,4.586379707634218,3.753815898539019,4.578294613830011,4.838924999828923,3.4261284574524637,3.3344791417929063
sample_86,5.354416881039127,5.134299319872687,4.611096286276672,4.95253269759187,4.6998123465608,3.7580222863852826,4.512838229304014,4.805435057431133,3.35946669365284,3.246876476359621
sample_87,5.089261210628704,5.132230108064185,4.693883490139371,4.653319199969014,4.678590643763496,3.908032335429027,4.460833022649379,4.801212379932433,3.4299763731491724,3.425894279265071
sample_88,4.927036569949785,5.048171234319528,4.702128696752715,4.399007076354904,4.559258075678311,3.93456287637161,4.453126501989855,5.027016172360308,3.513160313063999,3.581439764507766
sample_89,5.089027941295554,4.994847672873023,4.693273712487088,4.7210244446645415,4.568544470194408,3.973457339460791,4.409998854969059,4.9122766366667365,3.459507993201375,3.5128292634418914
sample_90,5.264034167199767,5.0783641269834,4.6549375199816305,4.908520485717208,4.614606833821719,3.8625426421702245,4.469003266223367,4.881599341941214,3.2900899113258526,3.3881800731087655
sample_91,4.909459230783684,5.003586668836175,4.717333474220284,4.566397442929442,4.509921827102209,3.904360394745141,4.438139722351233,5.004488488272378,3.4839350714728785,3.4959202316889053
sample_92,5.077285013392,5.099838390409984,4.710853983806943,4.704286623725214,4.643816054765291,3.921257475514825,4.435286457155186,4.842354157421194,3.443788560549081,3.4176552149589448
sample_93,4.90031069411332,4.864028627099195,4.6205207859625865,4.728264211786806,4.610477341795599,4.036863126747383,4.268517053136566,4.902064815920886,3.402593136381289,3.575681073129168
sample_94,4.9122395667463925,5.093593602656897,4.905705755572346,4.488475441213855,4.543537583051439,3.984438849326075,4.485436143424119,5.095405477026468,3.377102076327698,3.4656883123798212
sample_95,5.485143033298096,5.031740312693051,4.463225753029215,5.189242943136519,4.667410138686339,3.7718745232655833,4.493544743250834,4.7543903413842905,3.558544127854918,3.408328638863869
sample_96,5.182750999919228,5.073197222442723,4.70393068358066,4.796805188996498,4.643623291479082,3.935136201790694,4.3831670355463945,4.851117655127293,3.4182560944454488,3.4100370290377437
sample_97,5.208904329291715,5.07201075081189,4.539672417163201,4.869981866447724,4.658113972071287,3.8428802731710197,4.402310965223891,4.669344827624769,3.4262369566743525,3.5195640260198187
sample_98,5.435906440794155,5.108936717321316,4.5363497749599535,5.082972895624575,4.73872284840548,3.8280537379947206,4.446885600402167,4.691847836856558,3.4050708603206346,3.4320823301938423
sample_99,5.263291173202423,5.179010295701685,4.537739736716835,4.710550364652221,4.595243064696345,3.7045019634803995,4.554918934785048,4.683386612186767,3.4192016414869406,3.199093553446885
sample_100,5.1677049790662535,5.0991064517608145,4.666947814258239,4.893880161913676,4.717082158223746,3.9109188267445796,4.383310227348717,4.750850961093679,3.3996009317968303,3.321196830869023
sample_101,5.080863785195366,5.096680743592389,4.7576911364534755,4.694903802554913,4.702597647591133,4.031603900798621,4.383721292647298,4.880797179670985,3.215412834394529,3.3951444708583285
sample_102,5.311153193848397,5.115028752013251,4.6858192859348895,4.832394868493878,4.566632878215681,3.793855613566407,4.523014728628514,4.918862237327535,3.2704696418376016,3.353979440148384
sample_103,5.182531338584391,5.110119078159658,4.594566936510524,4.894237710260446,4.672592333302421,3.795640338322659,4.420925568207527,4.685592384921213,3.3454972503021163,3.6483916181768135
sample_104,5.1727952522684655,5.070040309989692,4.706861558965073,4.808012530164682,4.522552726293682,3.8136632070889314,4.495559257770434,4.962456417202804,3.4154244746986593,3.4353787673003913
sample_105,4.930667235445201,4.826216490605848,4.606759612789404,4.8221371235849535,4.645020007362231,4.0987035003455485,4.1512412362086835,4.823354615101305,3.736632484158456,3.6107451607546075
sample_106,5.231317328414887,5.071334639172565,4.565526105939925,4.79474008439873,4.5416393253238745,3.7232345309473547,4.567637114745567,4.886396591229237,3.486542083109682,3.4072317556279357
sample_107,5.459653484628336,5.072742941548686,4.520830846290532,5.055217754589011,4.688484651183648,3.759569035333633,4.4587072296215,4.7183900803655305,3.513629994563407,3.3608573215395663
sample_108,5.276205529251337,5.099902450222719,4.6062408134977355,4.8656315458986175,4.62641018333492,3.7820678763685054,4.421524731168647,4.858302744209494,3.2415093014743315,3.885795290301705
sample_109,5.418854939452119,5.141774573605036,4.690461273737935,5.057515303251001,4.600893894573969,3.6225141372037637,4.44541171475322,4.801231329570156,3.082879215543596,3.96230940085361
sample_110,5.1821487439093525,5.032618008232303,4.610901068955049,4.931551870920014,4.787424802304438,3.95905021242881,4.255448776558894,4.721987381445913,3.2643344356507473,3.845651965807134
sample_111,5.3007240918268765,5.1970302353391915,4.696468711129544,4.801873940391489,4.6196236765817185,3.8514482306265037,4.573464819038028,4.833578068749667,3.3908380126990085,3.412996802729593
sample_112,4.85873703270883,5.047750534625325,4.826133042704438,4.454937444429683,4.625426533559551,4.061293206123712,4.419758769738293,5.004326075769723,3.3156365064014897,3.5042305948052643
sample_113,5.339640264081535,5.147082525758875,4.689790642320197,5.0518123650825215,4.726647921629689,3.9098236473084493,4.34705495517792,4.690991058700156,3.1179854568939382,3.1525192074480013
sample_114,5.359341462767421,5.206511634288764,4.714144562418179,4.800599349318918,4.5623524164448845,3.745669693235483,4.538775812484072,4.8677579608595805,3.3572974614538866,3.243335733700903
sample_115,5.06542489300703,5.0603992791348205,4.574312959728539,4.710727623065848,4.7117459789591845,3.918994970425281,4.490500294634429,4.798038307345674,3.5468915524241336,3.4611302868857092
sample_116,4.935691307848882,5.167450357944088,4.893578011922591,4.376273821670319,4.535244709171704,3.9469997607242053,4.57168557469907,5.082564085126921,3.2699801597980156,3.373708473550196
sample_117,5.0836407575046625,5.126284535630134,4.727728029470793,4.570502904957134,4.57546053570941,3.84840584559513,4.558958579372502,4.987464210331862,3.465860164413355,3.454517120796604
sample_118,5.546608882811412,5.278017584333737,4.698404513062252,4.932973645216096,4.589306381009427,3.6829997866319792,4.627998008933958,4.866474120130621,3.4118992504314876,3.3177308964439645
sample_119,5.074677698677297,5.090440624827536,4.757240071380229,4.661807646500806,4.641212238888771,4.008915021346578,4.3901661756620936,4.868017871345675,3.4186171870454785,3.441311313646961
sample_120,5.24084800355582,5.240710486995984,4.812656489222277,4.6302662054258015,4.589192402263686,3.829707546148423,4.485496172360934,4.8690013087715664,3.4093862252289315,2.9064458098907817
sample_121,5.133006633380124,5.142160576687283,4.670564774848678,4.701059146988124,4.611666569603856,3.8356188247169563,4.50220638171714,4.825970285971105,3.4503313764183994,3.375102709093144
sample_122,5.168657599318627,5.0722268983255425,4.539359045864541,4.755153935769432,4.620361704329663,3.8368134706457235,4.480321568934556,4.703360179826062,3.456073519006503,3.321478519419993
sample_123,5.1464877425074596,5.14215203678506,4.697809061436349,4.63476887247778,4.548430896133545,3.8233021772897913,4.4718039569395165,4.828898557246156,3.47104270436616,3.9624714241256993
sample_124,5.09339424458456,5.105098375193799,4.718691049264388,4.63882017037806,4.5576471904537454,3.867731656219336,4.485719158531667,4.947506382871715,3.4691457363192533,3.4639980808216992
sample_125,5.126543187179088,5.097242941151485,4.747059428015042,4.723214523963273,4.5675596847147855,3.9120099509150763,4.412768423988776,4.874216486095799,3.3809084702828613,3.369584057189934
sample_126,5.344119725084609,5.170685889358922,4.710717008096705,4.951651792828548,4.683355770510315,3.8628839514542674,4.444789639879302,4.795834069074422,3.346021580749602,3.2693656199150194
sample_127,5.19144031960672,5.155257690845474,4.83529591509606,4.6109628736783845,4.516586791288283,3.830464479090328,4.493248070401904,4.963089004909182,3.216593031750766,3.232140800214716
sample_128,5.2641169149602876,5.145052411534993,4.68383942334471,4.818793240214657,4.630943816440632,3.8491510515992404,4.449382842425278,4.770805772626593,3.402508399504071,3.3095599353762837
sample_129,4.985246016437406,5.083310329579769,4.818911740746723,4.520947439526278,4.661860760730366,3.9989406467468838,4.420374849984553,4.9609031351588335,3.3012132598019606,3.4759236131412563
sample_130,5.330126723112882,5.186849313369617,4.716861194155602,4.7943514684287285,4.5449570111063755,3.787033661062657,4.527967586357513,4.865009005827222,3.2810666130775767,3.1983342885216595
sample_131,5.080224983446875,5.168359693524505,4.7866127085573345,4.564143704286727,4.634516905912514,3.9969715605234204,4.475963970580114,4.83100002647743,3.376312523616185,3.3870676343392354
sample_132,5.147404708382405,5.098092287390322,4.60724147478259,4.693439547445587,4.552489740412219,3.7320717868535893,4.465503503536167,4.7673590830141235,3.440693176865789,3.4787467939012884
sample_133,5.319651467753512,5.0865629064755336,4.524915382638426,4.91540044088428,4.649216777471649,3.730012003011659,4.445490082365833,4.746433908489471,3.2329749427121115,3.7537403286790503
sample_134,5.134599336213159,5.1239285368113725,4.762574992585443,4.717858415029858,4.6009961165993465,3.905507449397241,4.3567329768837455,4.788479548014986,3.2330193313047517,3.25737338118066
sample_135,5.310259202060823,5.113837954745156,4.723675686780198,4.77488221769358,4.50894025758519,3.7584253285933835,4.431570413610275,4.933845000195644,3.2756891709947364,3.2316346646642824
sample_136,5.05890274278677,5.094641194180411,4.747387513058344,4.611481723435176,4.59956459932232,3.936636124216745,4.365665615250706,4.926572498064132,3.413571755438623,3.440298493794745
sample_137,5.026408580159321,5.115169326664986,4.901860176356263,4.572177767667636,4.574002842461806,4.041025666415973,4.424564641598952,5.0499836512235925,3.251057666760134,3.4871140451196196
sample_138,5.217258260238383,5.114703699125456,4.603608098749387,4.738446788814273,4.542703320018445,3.774911292518393,4.517780587054727,4.8480120887025056,3.4294112136739603,3.3095320206511993
sample_139,5.292325722640319,5.207639272841101,4.720877029798585,4.694125987227292,4.552843842902634,3.7700749803801257,4.498024140388633,4.8821188292025575,3.3468883051615754,3.326236499330917
sample_140,5.29459815434514,5.062031716776328,4.409680341033312,4.923037723591845,4.629583280636452,3.71111085224544,4.565282315769959,4.730157933499606,3.626863753995253,3.419217509979276
sample_141,5.361554428418931,5.213461448461493,4.6821264495966854,4.783440798431359,4.521070496360233,3.699629203200345,4.6123773158562384,4.884393094416624,3.3934258663760084,3.2641364709957226
sample_142,4.7406922362667405,4.946591234033426,4.762122254795712,4.397423179262353,4.5535621010094465,4.047836711528239,4.311213471122827,5.042179506484772,3.4544104727306864,3.610867906834395
sample_143,4.961998977709348,5.045216434470999,4.767087822219767,4.6070946135201964,4.633714270256532,4.0630630088753135,4.365472425734834,4.922743793567427,3.3772404914694225,3.5410619410630235
sample_144,5.312150817895584,5.061685310379528,4.472643426882177,4.728345440789113,4.412361501535565,3.5587843281482328,4.619539557928014,4.896832473404803,3.493250420099107,3.349489027509057
sample_145,4.963658085468376,5.000128045007723,4.614732628385004,4.69885750467353,4.7264521313004835,4.070588863612271,4.420062017511912,4.872284975289382,3.555465583028696,3.580165171183463
sample_146,5.021995259138734,5.096298384519441,4.751160685975352,4.422773914614434,4.447443792982384,3.8301826169602067,4.507440667525571,5.078511397845263,3.4395051484174584,3.4629143535447917
sample_147,5.104658923141469,5.03432737936034,4.625776689274504,4.698872939696817,4.60775743767717,3.901493305538346,4.424234631926189,4.872269775052112,3.498244129711995,3.5135918215531494
sample_148,5.227343285106636,5.133496918470386,4.681812263807376,4.890745612311842,4.683910746909196,3.841055395952027,4.459755705355472,4.851071930451383,3.247373189818658,3.0817473644411417
sample_149,5.244327553280926,5.135311312789631,4.599195568389661,4.678521942626922,4.576396720484519,3.792204253883104,4.569204889133559,4.886341372628522,3.5235950838046435,3.4517177089482853
sample_150,4.996138378403696,5.084301399533686,4.810824490922822,4.5913296466999425,4.667282189674274,4.099023378459542,4.4061985457877775,4.901080720000022,3.301742125580438,3.4749580237113538
sample_151,4.973077904042399,5.045964310476479,4.6905763566801095,4.472040630197723,4.555616208077528,3.9253948163933785,4.463845834721884,4.918933606119256,3.4936677680636916,3.516481949651471
sample_152,5.079648756455331,5.088821838675273,4.755417699706056,4.684578347397927,4.604426426891988,3.9463154057908976,4.450627555168769,4.91721285936925,3.334071897350156,3.4121162461990435
sample_153,5.14685897415112,4.968128342657359,4.713900925232914,4.8120641533375,4.456661326496033,3.8814405601031643,4.412470204858127,5.034074563576641,3.408467012449514,3.4975079910097153
sample_154,4.942089470146991,4.92892950940985,4.811270922611994,4.689868254156856,4.690557970749937,4.158024069927782,4.03411432134268,4.880958989831091,3.2786298427588587,3.71529388814113
sample_155,5.231848497425125,5.066909676044727,4.557847749670267,4.978894278440667,4.759990959712634,3.909314382465819,4.410919819955963,4.684580029077121,3.549346607547794,3.4431524016931245
sample_156,5.044017531843891,5.162316191240701,4.930949086127537,4.591663429653507,4.614300152525822,4.069273511305424,4.419903043213788,5.00667910170855,3.273628311205189,3.459009646031101
sample_157,4.866976509178254,4.9329692684644,4.602680757873861,4.605485719437204,4.574127936120087,3.9259014223971875,4.470304209364054,5.015538997113183,3.5962145065577698,3.6202782110282707
sample_158,4.8878923411812645,4.983768734341665,4.699878661331878,4.590865619157777,4.616434349107849,4.005437544132845,4.402016340338369,4.942715568942385,3.491903162579026,3.584042865391323
sample_159,5.069900641101587,5.091200278179707,4.644717231549644,4.696913788916471,4.650857645473578,3.9081573906782436,4.4408657338264605,4.835403937407941,3.4696309710759947,3.4793663552455856
sample_160,5.120662060659365,5.0598492106167745,4.723862881368622,4.790787968889488,4.702585749886542,4.034962755196166,4.38996552736556,4.849254740819917,3.3718986803978965,3.579950880258574
sample_161,5.312837220444642,5.1225711659564945,4.531504237858741,4.817413330206813,4.567950497708547,3.767454214506082,4.5934610005060925,4.794644166384898,3.461843382648434,3.384076777857811
sample_162,5.172331334154266,5.035271813810348,4.641031718215531,4.980249167547267,4.854162625262656,4.12558975019134,4.359085594456251,4.821822877222881,3.4579183022984123,3.4251908505275748
sample_163,5.085494265687323,5.008494253169796,4.573466982944469,4.707694330605257,4.598192317444379,3.873431266925177,4.526691583639656,4.9395056169989315,3.626004074773358,3.584869911820794
sample_164,5.380783524626653,5.108936075725724,4.619483506851983,5.02103978706077,4.638141601032794,3.7848076677766285,4.513409878338469,4.79577646180602,3.389077813909708,3.443565135729279
sample_165,5.19749744819702,5.14744563297528,4.75002215845186,4.774695149834256,4.682992395826521,3.847300748654154,4.357742042834454,4.800625330181021,2.759937655379097,3.3037481874289707
sample_166,4.938544720380493,5.018890799115554,4.898501036012448,4.4573792505615994,4.545766829710704,4.090861161177606,4.431676242116426,5.234488141979458,3.4200566876509955,3.7412876406737525
sample_167,5.2924419410711785,5.064869868992109,4.585289563766124,4.785641274859313,4.53254303502396,3.725884654628997,4.518189139318169,4.886506339369291,3.391142479438308,3.5214041119839905
sample_168,5.2997271095614265,5.204269741430454,4.700542788382934,4.714263515055135,4.503943816934092,3.732248109098238,4.5514236587468275,4.912883969757792,3.3714903192898618,3.263658177354034
sample_169,4.918161739538734,5.005764130747761,4.678867540814087,4.431293613920169,4.5295645981376085,3.9488890429367713,4.4741701088777,4.983745096974525,3.501278385725647,3.584404204593601
sample_170,5.044966611389006,5.109370010828902,4.692120062929701,4.413923370363891,4.519026603044038,3.8154853153990023,4.6189558736536975,5.015081574861527,3.5075883285588003,3.514054370808032
sample_171,5.386118092988029,5.203718682192702,4.664022692361827,4.740707267598625,4.490132550406697,3.65993279367404,4.643150491264951,4.919417774856873,3.3671769160142238,3.236851426023653
sample_172,5.321175888677796,5.163432240399436,4.654152143333085,4.910639624873127,4.649298002498229,3.8268120263654644,4.521735949357706,4.818071420902727,3.305743598345437,3.294766742360788
sample_173,5.247861070003147,5.213838146049366,4.7294201661070385,4.474662053737607,4.352670309747063,3.623595740948355,4.662852850432075,5.08396492171852,3.392300096385276,3.3108934961815857
sample_174,5.374337416710649,5.033471928741288,4.474608770523088,4.911872596985057,4.662543466933361,3.825801340546258,4.461290579580304,4.790666699742194,3.3898660133127874,3.8948473663221286
sample_175,5.151152014132297,5.212399898721057,4.869761792195835,4.5133482794268875,4.517981292021375,3.867655861641306,4.583420688927321,5.08865465352991,3.3810939130780495,3.426947635520772
sample_176,4.998658867827492,5.083622495861643,4.718742107205408,4.539683017078294,4.61495551511587,3.927215590905809,4.397123514879537,4.915119924032543,3.3893569947654374,3.4862670077734936
sample_177,4.941169171972317,5.1026227590945545,4.776057248173917,4.261015174902687,4.31051758760919,3.7135776037317143,4.637069901831021,5.184977565807841,3.422192057939065,3.456669166909522
sample_178,5.2213143239503035,5.1671541048691525,4.691975869342393,4.623884030034088,4.489989859099632,3.7355280918411307,4.579056126916167,4.962529487793694,3.429428259811667,3.3428110425666513
sample_179,5.065248157857337,5.0687104043586135,4.709463548360783,4.8308984885592965,4.663929446314444,3.9378368593904933,4.446026789151832,4.864895259063714,3.5014903873778866,3.459214758290949
sample_180,5.233574245698094,5.064391813094645,4.63758993792299,4.972419399580369,4.591920555187414,3.817366421149946,4.460431707170984,4.880477847459987,3.4989215389446753,3.381712310155376
sample_181,4.975993557885685,5.06188082022681,4.686038311754634,4.412560630601982,4.534267612417301,3.9131780336625703,4.551895609260888,5.031892975487624,3.496111150814894,3.5601621399704126
sample_182,4.986477181167383,5.0739015070896265,4.714701934854393,4.704013037220921,4.728818636088579,4.033415573630055,4.425116050563271,4.8671967722378735,3.297149015347372,4.4155179918127345
sample_183,5.13073972592546,5.155992600110794,4.888040484549474,4.615518737503917,4.6048701905120835,4.015988624098297,4.39861058108245,4.9406331220812145,3.3937052261919254,3.391054386943209
sample_184,5.225092186535006,5.074843812118596,4.512054861668137,4.843992313558172,4.617927079540652,3.683839968253454,4.4721460258857935,4.687285248849135,3.5023344603159132,3.2927634041599516
sample_185,5.127373690056123,5.155746028674385,4.701862362253397,4.73217501917277,4.6697962964453215,3.8922850216727185,4.4273271615222605,4.805731306864419,3.4001267702004077,3.5517058793786824
sample_186,5.09134265192909,5.11100393056376,4.690318524014341,4.487645077677347,4.489884945939544,3.8485900782424705,4.558910003142556,5.044842848432186,3.493412831746374,3.5004683824176754
sample_187,4.975169689239174,5.115359126121159,4.956227115794984,4.245967544143327,4.576252289158298,4.102591566548142,4.41384072739381,5.090089324202281,3.218898476124136,3.515057828416776
sample_188,5.203175173922351,5.246372619590621,4.815765459305403,4.530516731922081,4.507684723304034,3.790910389679093,4.5797726032551385,4.956365875153518,3.32405750501095,3.274259002024072
sample_189,5.47920170254584,5.319483185106676,4.70615765851265,4.785784986974608,4.606672066384088,3.758294945949483,4.64890734454779,4.808125260459578,3.4064844600915904,3.2510129334905673
sample_190,5.1214476008716385,5.055731914264317,4.565347337484099,4.844751392030058,4.705186639594532,3.8980131123276056,4.512057570867275,4.851330640514272,3.5059122057998984,3.318172160390862
sample_191,5.237284253650179,5.177476763282047,4.7467901452255035,4.715026674989212,4.6153545657966815,3.855831937583556,4.430651121679093,4.800035377352965,3.305521506266065,3.24037968360074
sample_192,5.053670532307991,5.130095276079155,4.813094784100291,4.5682839684182825,4.589221548582996,3.9768570184997447,4.410238278552877,4.902763304681118,3.377530549264974,3.4838805558148933
sample_193,5.22277009972472,5.049209537591781,4.725822799593051,4.772117844242691,4.59047822155148,3.910096122897031,4.3281205112197965,4.917626323135037,3.175594446537957,3.3088935740626053
sample_194,5.143551253796609,5.095339928223414,4.804448943792596,4.718609371965103,4.535845454538097,3.8233652861576455,4.34363496701955,4.863040982909209,2.6007618978077076,3.8203388315274576
sample_195,5.070248748999388,5.060732599947141,4.739922861163775,4.528162967873855,4.572537979422408,4.050994379895444,4.393358962848498,4.9887918514369325,3.4759456800392523,3.601501158420793
sample_196,5.305849293367842,5.11877674765831,4.657617554117578,4.897616658889863,4.592659213039098,3.798433052824716,4.453388848346327,4.8303439348955255,3.3232724988705815,3.831529162515738
sample_197,5.187390527188956,4.937571804967025,4.64955885380673,5.0805990790898745,4.58837453106209,3.9431031384071167,4.313172975091197,4.883811772129879,3.4531806985227287,3.410505509629148
sample_198,4.975390717225085,5.007289132937181,4.629639626188417,4.573039009177453,4.590992529232733,3.9235557715858,4.454967637941199,4.943648496715316,3.519301324807262,3.555538278180204
sample_199,5.082523401584904,4.895379303259627,4.7153359498090115,4.75367294171517,4.571502270670495,4.0593098076857865,4.26397211869706,5.052715837948213,3.407020855174199,3.704607646841109
sample_200,5.529776566113433,5.188628146577494,4.566175333057818,4.978837783593132,4.622513849336416,3.6353360626818705,4.554529690973817,4.735651998608731,3.389815054999226,3.3190288676668853
sample_201,5.325594798587377,5.145560879482897,4.607545421076736,4.854510281137369,4.566445656215266,3.7515601386098183,4.5462682454541135,4.806770018624534,3.4437782084518678,3.227464128072007
sample_202,5.0762734501926605,5.026605982685945,4.71105356901081,4.884350674234032,4.60654780303815,3.9021055163337284,4.345402328667389,4.870844086560016,3.167956015526742,3.7401739424909923
sample_203,4.878136057922089,5.0188282290675446,4.712062688517948,4.5497957005381675,4.681886204732165,4.058845010502928,4.367819428336361,4.869841376233175,3.507193249268962,3.574246444506356
sample_204,5.242614434678462,5.172260531796997,4.688826024394953,4.812805779276021,4.682646193129489,3.8684399076308265,4.3636087555691425,4.713715102239383,3.427998357348962,3.397651126929022
sample_205,5.29146943454658,5.071457492530823,4.440418020662452,4.863438547707628,4.621072152336284,3.751422637086264,4.473880775502466,4.7008809066621735,3.5546875478260747,3.378710597849542
sample_206,5.002121234226437,5.242323073823455,4.997653374733888,4.478405622375126,4.542437049774475,3.9586061527517873,4.496292253035505,5.029277307869602,3.2979839498018038,3.33487123427815
sample_207,5.256882429583729,4.9290930395198975,4.476859816306624,4.809131129163906,4.491573788867122,3.7011342294429364,4.399949100902899,4.907774269817991,3.5993499286598056,3.8696256999306575
sample_208,5.1440803135789,5.12257569231015,4.825545023132248,4.694428082703317,4.580382607900025,3.8493416459988894,4.332645706976525,4.876603158917578,2.937472761890332,3.5812267179459405
sample_209,5.042769288834915,5.1070925059387084,4.7838765050284024,4.543471441678394,4.559312689934289,3.91672287186109,4.441510155607984,4.980621758069474,3.4104869441601444,3.4426940842634974
sample_210,5.141581977330723,5.079556745213904,4.6732701910774175,4.836417930621452,4.657517742783572,3.9068193207204116,4.391243747090611,4.805071352549758,3.4313343889849772,3.3770806479500193
sample_211,4.870519520586849,5.0439554520001515,4.954832905543543,4.41999195552652,4.598056161068353,4.186773811345811,4.351716131173739,5.140596952448384,3.415046457353383,3.643911604965556
sample_212,5.009647200289244,4.94499692929965,4.520152522831189,4.743009950805361,4.738014077588058,3.9354524289543207,4.424444446110105,4.917994666734598,3.426828680389512,3.4132751285365113
sample_213,5.0593246580231614,5.000408774070039,4.655225757957967,4.7108123130171276,4.548489693329229,3.8790624045055404,4.466623943868229,4.948042730130269,3.5195765729458124,3.5259924811283736
sample_214,5.37856533941781,5.118453608037314,4.562705247155083,4.880220743250306,4.622492654460977,3.784871049648151,4.450325286416861,4.691613054322647,3.4015335430394993,3.252594530027433
sample_215,5.303608706272954,5.078281376611949,4.515457145774485,4.8822333216871785,4.63106494503313,3.785730977980312,4.453508868035733,4.69366023676596,3.4463263390599446,3.323707258021603
sample_216,5.093204335970965,5.119975555744538,4.802584814318336,4.918586722709808,4.823435655166592,4.055077540844509,4.212508819542181,4.836183778090633,3.371123712487897,3.3885612346747647
sample_217,4.99535750937652,4.997540843220319,4.782737841056188,4.51336004015191,4.5581091447024376,4.056703501164552,4.4154838366806395,5.070591800081565,3.434924827461454,3.6132938600001885
sample_218,5.354120355935632,5.2563256030026695,4.712720795435211,4.657943516155609,4.550794553346566,3.7339373283463386,4.686935851419037,4.975282133696804,3.4096491397503152,3.378950813275838
sample_219,5.115635555308503,5.078670320166042,4.698822093014449,4.799391072414216,4.681154930757291,3.9152583464038178,4.453138943209391,4.881797525767076,3.3232661603026235,3.3387443758158324
sample_220,5.315715775784408,5.047215044215723,4.564097535510702,5.147358053652683,4.825266148697843,3.9694980009482035,4.3695714761190425,4.694662165626138,3.4479556556463837,3.331914428329179
sample_221,5.356266377405724,5.121137520567875,4.618347716675213,5.024819564658487,4.5757308300684025,3.667796146524603,4.468894731881999,4.741339709704796,3.364502872182029,3.5084688155078103
sample_222,5.020944145679766,5.0270306644818366,4.812630970533523,4.62926107548288,4.6869096085595885,4.185197035515978,4.305696655307538,4.923564109245453,3.340572432093052,3.548040436385769
sample_223,5.16089486742843,5.091259317055133,4.711176572982663,4.835288589161716,4.695263101152016,3.947572344401064,4.399907600921131,4.817179998644127,3.32419523888028,3.3761424449563546
sample_224,5.106050019742428,5.1249097703045186,4.791250665564589,4.703121031677707,4.602833921579391,3.912312521828607,4.424374872626278,4.892706091414214,3.2671843755198524,3.4612581523359993
sample_225,5.200008665226373,5.2050731593182755,4.771199296691921,4.753319181062556,4.6127956886670525,3.8157028711335195,4.433336183123211,4.778408822931568,3.2015561939562547,3.174359186821963
sample_226,5.567156237307503,5.192905115803266,4.6474629053833025,5.075249532657777,4.622508388318185,3.7645854414621085,4.422968981647591,4.651037718813581,3.6257204609481417,3.4169565471417407
sample_227,5.526364736221775,5.15933161915613,4.59215851779731,4.92168371698941,4.537186939271317,3.590585449260131,4.414329236927071,4.637769916528535,3.435945191290082,3.686541532972815
sample_228,4.929292638285552,5.013042798296317,4.74605927060678,4.624148317744203,4.643341899756126,3.998660022699756,4.320640444713334,4.833111563911441,3.629813108692306,3.65487112939032
sample_229,5.030971543413416,5.100823869526297,4.736149309024325,4.591682266440491,4.597634685224911,3.992952405760799,4.448604662300509,4.9032683661607415,3.2885459001126236,3.3948551549919306
sample_230,5.060648943701685,5.250388710614118,4.840881819727996,4.556715075941752,4.763923788770968,4.012316007019109,4.353201965051725,4.902105678435009,3.3664636618857027,3.4339380110385984
sample_231,4.685636092546116,5.072897242023223,5.0545789725667225,4.207492433394773,4.619740749582278,4.184528099873443,4.00287552671231,5.10457234361857,3.1195221755725218,3.5233183433914683
sample_232,5.0162084113259615,5.035761454470037,4.615735052910209,4.6441717563261795,4.59635901434529,3.8951100008888915,4.514823550157805,4.9828415549475835,3.5816595687257315,3.571318735387513
sample_233,5.173984108277051,5.056803683255441,4.676072479799404,4.7229330939849,4.55842860724159,3.8275439981062602,4.472459818554111,4.924448058436419,3.4438764307949947,3.4480563907033144
sample_234,5.278366244135262,5.196713579467404,4.65755211012276,4.8071772575997445,4.632728526397727,3.706456133032893,4.536494692115857,4.837910918620977,3.3622981867476174,3.2785422370386614
sample_235,5.144476057273009,5.173930123257961,4.889511265710977,4.582769192340978,4.5430841257848735,3.947703596569442,4.429582797864132,4.968297735594117,3.236060675928686,3.2062988411390867
sample_236,5.31698959012194,5.134955737620468,4.726994645631936,4.92299888990791,4.5892301734385,3.8153044868780746,4.4665825008762186,4.813688389903776,3.1688635338182403,2.613659123350005
sample_237,4.989696985795438,5.098104398327855,4.710798893715862,4.526905154884581,4.540108344958652,3.86434396153756,4.53601722500288,4.972850929329015,3.444587824792225,3.4719567585941253
sample_238,5.067367310752184,5.097396558803574,4.767784818429801,4.547231642488218,4.507514506348516,3.879798295691851,4.460172479875119,5.010422816348142,3.443828409003699,3.440812977915454
sample_239,5.001929715851148,5.052495049060566,4.91912100197213,4.66356393566913,4.617720238375745,4.117361761806168,4.360798495210712,5.046631353057156,3.394991737021185,3.562516307564023
sample_240,4.976982642470109,5.087334557771046,4.768507763330312,4.4913136639648945,4.5509925479912186,3.940871836666106,4.422027778260723,4.964728889688186,3.4202905271084685,3.4719755995697343
sample_241,5.307242290758317,5.186208241386095,4.708458908478255,4.9001146705094945,4.700258402796503,3.8421618829964084,4.447013253227742,4.721035120541396,3.3593072845238034,3.300696537419718
sample_242,5.2394724101318095,5.056741897082312,4.48532420411556,4.836729858138693,4.61987718555018,3.7764733464640923,4.485445977053403,4.818096547795368,3.4847758029651548,3.453073267277916
sample_243,5.2031520891900405,5.030952229302741,4.672170157270596,4.838356430966638,4.622794150050122,3.8333420707885093,4.422656614088813,4.896573957261485,3.305442524133121,3.605983541158203
sample_244,4.973729378784939,5.1315049043148395,4.818496798666268,4.4387556830346675,4.5892084058980975,3.9948972193215377,4.421809535290508,4.942921233689569,3.42349671357382,3.452438187316578
sample_245,5.0321245893293725,5.115303463371305,4.7487874305399105,4.3925434700461885,4.522554767793536,3.910864691705313,4.441092548618941,4.951790476679008,3.403394783334691,3.4712982620939328
sample_246,5.2563167103483375,5.185580711878189,4.7242250533081185,4.752857593933294,4.660420453502337,3.861490503632224,4.43099210327752,4.7667243509222486,3.220889615972444,3.318143715475644
sample_247,5.312273643367789,5.078747812428945,4.76413931970886,4.759623408051832,4.507502779478908,3.8983335981498213,4.3295020979822505,4.921950019522365,3.0761782966587585,3.343593596194375
sample_248,5.207115141822763,5.218881400543033,4.765223630407499,4.691170299773042,4.614513073173646,3.832631174272095,4.511793991626447,4.828125743125482,3.2881105040529146,3.419643794967125
sample_249,5.196685896105593,5.1171297734857895,4.61414669238252,4.679963809780267,4.607025316241881,3.86595545720066,4.534176591418919,4.865661915802596,3.5358254515552754,3.4292349117595182
sample_250,5.0941612968636285,5.186576462440241,4.875265096007011,4.613566039313732,4.576698929175454,3.913307132367063,4.491008227534732,4.9258727410453576,3.360451801007726,3.232383806009283
sample_251,5.058078348873388,5.11970571130237,4.680478234871356,4.56420790180502,4.652857589372174,3.9305464562551164,4.4934729042563495,4.821225592361919,3.4906154393679945,3.4371930270986812
sample_252,5.1213338511193225,5.161856510408468,4.79249975151158,4.644219736523819,4.556594486704791,3.89812156836809,4.486893601228797,4.914681732374142,3.3500960983457975,3.338343254932845
sample_253,5.11020844978034,5.203715639433485,4.851754569106582,4.353970926460967,4.4060989406565705,3.7067275285711956,4.463199163748558,4.930076789422406,3.0963655895251896,3.5142679183334162
sample_254,5.11290620114516,4.972768810643573,4.6605349548871775,4.713626567395046,4.606203172181741,3.9784431457123652,4.309695598619245,4.86649501156538,3.419685821927773,3.51081196081423
sample_255,4.95437535354876,5.0232934259676005,4.698166051769448,4.69258575299296,4.6311696015250865,3.9556097861364186,4.4067220563970295,4.908964981112306,3.4854324895455076,3.4792341898087003
sample_256,5.254162200635303,5.230726885858671,4.727434693203178,4.463639687660599,4.434918671197593,3.704867146565144,4.675446706550844,4.974572768990049,3.39443513339403,3.2611847338118127
sample_257,5.023621411881198,5.062972575202377,4.7641558399066115,4.6411629624146995,4.644047532593505,4.013394629611149,4.467572769361987,4.949511088914632,3.3094835586732327,3.4183403586952528
sample_258,5.143970656487122,5.07704329337908,4.680588053612734,4.760721120408361,4.649564799243065,3.901631415739853,4.386323364468484,4.749123068143563,3.57219916822234,3.361617491675709
sample_259,4.817092047236701,4.853867200994904,4.647808062122164,4.693963498029395,4.669051239797144,4.0724835750301285,4.240607850389766,4.877051066886156,3.5022872703400276,3.6454759074411047
sample_260,5.2948502627221155,5.189344561689023,4.725569588545174,4.70399060316197,4.59707874232132,3.8767125349824383,4.503805799880699,4.867170143677634,3.4040895186397786,3.3512065418831916
sample_261,5.227695560496596,5.1299766944495655,4.739442693164024,4.672248327969171,4.527213681514426,3.784914788629645,4.492805214244084,4.95626308774417,3.381204882166153,3.3666945246737434
sample_262,5.144641187906901,5.130662229503253,4.7107555039525675,4.734485394119742,4.605716956863827,3.9090978033798587,4.430818815267083,4.794959299895824,3.4074504123684757,3.208196525235776
sample_263,5.103336677819123,5.128569922929729,4.664938027128859,4.584939636685679,4.666308724527678,3.946919911286247,4.444090239500576,4.8025273456399615,3.5190228431288615,3.4683002930142885
sample_264,5.4744011298459085,5.083982884476624,4.53451188671242,5.056175986409517,4.642099295434647,3.764096686302383,4.448020638203166,4.785922321514634,3.5111116080942213,3.32550346324849
sample_265,5.133954857725609,5.1897049799909105,4.958722262660859,4.588245385234856,4.544760258411716,3.9715007851949924,4.440471206792803,5.048959994032844,3.267592445480369,3.387187019551184
sample_266,5.412105341360557,5.200735499391113,4.710599584292176,4.812796822667108,4.519512081783779,3.690945406357585,4.542783796079793,4.871293676326907,3.324518846806769,3.3096376794238163
sample_267,5.391335381883454,5.036570601382368,4.2402558675894575,5.007613956082752,4.552648867070946,3.408386093308956,4.488290560975677,4.688281073320594,4.308206595736052,3.999450700335455
sample_268,5.06505247915165,5.182728064739233,4.7832368548780035,4.532654934995343,4.555362553041223,3.8786552336401643,4.5304536570097715,4.919075915130555,3.418422577514092,3.4468686913260917
sample_269,4.833678364715253,5.105399806539702,4.978847238519343,4.324713754529077,4.517294146571247,4.048173261635023,4.426068513808377,5.140061888123455,3.3385630854140076,3.5099501820521506
sample_270,5.166094794372213,5.043503160848856,4.699588773009458,4.7763038245517295,4.616707372490126,3.9374620611439535,4.336928026280724,4.854543702541598,3.345077965860742,3.495489361818468
sample_271,5.205059717533486,5.026620091631333,4.585860286359084,4.842561493933546,4.648948334920446,3.886784915495732,4.443628611484206,4.798337516970443,3.506652701076111,3.4599811280498023
sample_272,5.248133861724419,5.06835581169578,4.5048124246317975,4.864085280761087,4.624783804823469,3.791480349186242,4.462735178109829,4.718379407737622,3.478565382142532,3.385540054972593
sample_273,4.8847892927853245,5.079848140362202,4.851188422668602,4.345891474571803,4.4935760923080155,3.961859284225672,4.452014761946394,5.11573783438298,3.3859439289954087,3.5148588855127674
sample_274,5.132439143251286,5.07469759630353,4.549739177876227,4.8101724316332515,4.677531258589879,3.860074214571187,4.47003694369383,4.805959275901568,3.5647070442591793,3.469244471090273
sample_275,4.971198356469075,5.048232598877452,4.70112870955522,4.673838623998001,4.682050256385817,4.008747113828141,4.409377211331272,4.880464183071761,3.4832733813298358,3.5158624762709976
sample_276,5.13161364701124,5.0981798282357556,4.713192757376776,4.73618866941007,4.69560489349,3.926306025258455,4.373595085258149,4.781975394562786,3.2537728684703766,3.295815242433326
sample_277,5.189089416459861,5.0537454974134635,4.751485785547309,4.828518073096552,4.636782991953134,4.052963353715936,4.328203837075749,4.803320533553572,2.9909588021365408,2.9376509676630245
sample_278,5.232419091308764,5.194792235335579,4.672822706976626,5.014875840203276,4.839002000166855,3.8520101284547024,4.475673588488304,4.783888338217105,2.9989285091770923,2.6175877623245163
sample_279,5.078501509985012,5.055299905100943,4.709245722832323,4.613526336032416,4.594503098718986,3.9324786129663263,4.446241058050322,4.949271907234839,3.4568679492719028,3.497538915141635
sample_280,5.117190760569182,5.103690987754808,4.735565229068171,4.509044387517682,4.472698600192411,3.789512503042292,4.5302827483230885,5.0143967097833455,3.3772315683207683,3.527611348161649
sample_281,4.892855956320471,4.960684801257817,4.810697813364162,4.56871641756546,4.592962498775252,4.096154753861359,4.254279131166746,5.002091981449873,3.419952323458317,3.562946153939495
sample_282,5.273164933506594,5.164029788207594,4.737306486697571,4.937889500666838,4.725106492493285,3.8620316796104053,4.313414321220313,4.82375642930996,3.3593417567966197,3.4179067777284566
sample_283,5.113195430810219,5.080224265872691,4.7699242541139775,4.715390536524002,4.580440683266458,3.8969229427509147,4.452854698138429,4.974010385530016,3.3179874989304086,3.3627472284681885
sample_284,5.22934205378736,5.128226065853119,4.707079537219744,4.759326355850503,4.592585972383167,3.8587785393253564,4.467549846682511,4.874748171890613,3.368170432373081,3.4305121659398607
sample_285,5.193763397594137,5.219910469149695,4.743825697939614,4.566580385092834,4.570503774723789,3.8183558642853517,4.616250415923819,4.922280261706282,3.316423047666844,3.307238229890804
sample_286,5.175171918617432,5.160529812693829,4.723240208308146,4.691660378413627,4.635885514345813,3.8222602948573585,4.473578902534549,4.8043315110429585,3.31281184407015,3.0452862228801525
sample_287,5.232375628200865,5.090743993693276,4.649517317587088,4.9452639477164295,4.678851660698271,3.886593565211554,4.4040803232838135,4.764435653954303,3.355270508290534,3.492533376709713
sample_288,4.907062527018687,4.985615141995085,4.688441476837335,4.60377701265119,4.626944237862918,4.0024750814090755,4.412489949737351,4.967148986302454,3.5311770750411378,3.5595768692639287
sample_289,4.90586289104633,5.051835304813954,4.768248343726345,4.406393193168203,4.520764251062376,3.9498210199760355,4.446760552290133,4.945758416577222,3.405198391867722,3.5113631276009407
sample_290,5.248680429237234,5.181104671834131,4.820796844620504,4.581433192481367,4.492845833382128,3.7968783190342066,4.5177453166881145,4.982189542088399,3.1978520306650546,3.222694808453772
sample_291,5.0204400112235135,5.104097922708581,4.7490289126177565,4.773600173922036,4.764064750662465,4.090988601535841,4.357146839588911,4.766807650588629,3.394318942629024,3.4311640000365284
sample_292,5.083002412739873,4.912674260985308,4.456936840266791,4.9430594039722395,4.674763345147072,3.904322509151692,4.425443455627974,4.789161671194631,3.7615947956172597,3.641024627778829
sample_293,4.991288932054717,5.002328805651079,4.790564651155319,4.560519636235931,4.587157720169821,4.065882245776796,4.427197085177614,5.082345638696868,3.424276746245417,3.6292135327567503
sample_294,5.2317682483104635,5.121251694924581,4.608883697204675,4.708514036298336,4.537941474909185,3.8029681875435264,4.539258390103936,4.862561108477927,3.4508809324306164,3.41534659434942
sample_295,5.0219448294681195,5.121879732621249,4.758278884548922,4.513605096758631,4.586669608373114,3.9335622648775894,4.459008220967612,4.976921771903156,3.3765688865109684,3.4504993564240607
sample_296,5.420321439471362,5.079496515893234,4.4754259687367135,4.923777746575974,4.613527613067811,3.7471311593623,4.559745318250375,4.821195077888932,3.619709599125597,3.444351432012243
sample_297,4.988282799141772,5.0411115982182215,4.647121164156746,4.601645119000812,4.619589802389028,3.9171463573608203,4.435482187772971,4.875939368941416,3.5289856181069976,3.4887925419844836
sample_298,4.999176276974471,5.041300687424378,4.908873929423528,4.524741506295003,4.647129911443711,4.102319676246401,4.382510651350385,5.240840176090585,3.264396514658305,4.427211362701993
sample_299,5.4714732892271805,5.193871156364375,4.584252294462425,4.821561297379362,4.542900702598635,3.6656767674736,4.61127863271017,4.851196172298737,3.426493109540996,3.3209560625794623
sample_300,5.119620981937863,5.026820008948359,4.7097090338616345,4.80325017100266,4.637783186751601,3.939793229872398,4.3302831350076225,4.872172895258244,2.9917360973639315,4.18732129426605
sample_301,5.453207275946836,5.181263261831877,4.6175220641474235,4.931730787505952,4.588308604492467,3.682309085748028,4.614540872211212,4.883873257353236,3.3850576939080184,3.2896403514684303
sample_302,4.993062540038551,5.170919599508146,4.959853057468131,4.545123941568495,4.600943581847839,4.036505751512091,4.406511953966386,5.027020901892228,3.3106131043531914,3.4726108552413
sample_303,5.517422487132984,5.213134096186646,4.536454629420858,4.852090438262139,4.474344907934892,3.5455272200337293,4.65486591466118,4.820086780392563,3.453352612489064,3.2221198754398985
sample_304,5.512146656603571,5.241059494521193,4.711475998669742,4.941132143492309,4.605213681604062,3.762316958725151,4.542550524710321,4.824430708056706,3.2691926550818575,3.236639804181496
sample_305,5.347448673024636,5.170272481505538,4.536390475056955,4.838683645909913,4.664334582217207,3.6744962464057758,4.519867698776323,4.672754993389755,3.338998581430744,2.835249348879002
sample_306,4.935788057458503,5.128847700268042,4.886797234386106,4.453186771141457,4.519728333521084,3.9306506153801886,4.399301396556578,4.957466408804662,3.156836150496285,3.63692677667392
sample_307,5.071170427508657,4.848336195140109,4.447493105865068,4.947932067343648,4.6569914170949955,4.0063260923335315,4.3447140238445225,4.619934698049028,3.8787418989245532,3.6353351478798346
sample_308,5.178750425820488,5.189281203307176,4.779609998135689,4.606873087899159,4.551180559376196,3.8266412070837523,4.553479239616901,4.971405559848411,3.3216270155024885,3.3807230769647663
sample_309,5.267149591170454,5.145714124609909,4.672547859857257,4.688635947817483,4.5158587799745575,3.7557267295192744,4.52018411590947,4.893676955233916,3.422585135883285,3.340367375271013
sample_310,4.8262348288731935,5.004145294053424,4.752050531162556,4.35345274255713,4.560771117337907,4.050765706369092,4.332691986229671,4.977628964404506,3.456880017342919,3.583932165469093
sample_311,5.219672485454921,5.12797340427885,4.616326221342819,4.714603216430271,4.596840513287474,3.8286627023231,4.449375539894644,4.7412108958775105,3.463662204273934,3.311024424858348
sample_312,5.040735883480086,5.040812171800654,4.711364573876758,4.633295152185002,4.56755738402907,3.915787195233241,4.4521995513393975,4.971644783922261,3.410999751648643,3.5019005448333522
sample_313,4.988082793988793,5.046135634714822,4.727276904847449,4.596992061875881,4.588928518233988,3.94172968742116,4.391572563660739,4.914531326035621,3.433928497841772,3.622252783281811
sample_314,4.805003834850263,4.907389474354774,4.696294894053904,4.547623956689364,4.619784954975806,4.077453396273275,4.3826836377055916,5.060823936866326,3.621600863383744,3.7315467696280287
sample_315,4.917492961370967,4.972822656221792,4.68252782182909,4.676370259798287,4.628135549925461,4.057409517932124,4.38107463090631,4.970946352617465,3.446252734454333,3.5573070008731844
sample_316,5.347030356392573,5.172212578292933,4.622507479903759,4.7807321701577346,4.505251998705735,3.5962204721949163,4.517385301877154,4.733726333530648,3.1768206007724586,3.570527489775844
sample_317,5.186983442016955,5.056669182215683,4.700126542971177,4.735255826783038,4.593253187937003,3.8880646233392535,4.425363484256282,4.886110339288452,3.447358080385508,3.469599543840808
sample_318,5.421228778286976,5.06242480000893,4.512994681980396,5.057841975062123,4.629235300012957,3.7715753658107296,4.497292128694063,4.771621911492346,3.528963799263867,3.332746651350994
sample_319,4.8586271090386886,5.019855757808879,4.728245651155708,4.443397369013177,4.640554131989596,4.072635115566002,4.3486639983423,4.858388609714379,3.4197476287347635,3.5084157057877285
sample_320,5.257368900914365,5.13810808598478,4.621328926650628,4.860846147694734,4.577158010762978,3.7565406147403535,4.480103977033355,4.782945010761459,3.4344835369940423,3.324976825311015
sample_321,5.19596071636608,4.98126580428331,4.401466535954536,4.965223335226719,4.783969084695615,3.8984255805006534,4.376835582849635,4.604340932773256,3.550019559941547,3.458974340339123
sample_322,5.13557727846069,5.056417385541349,4.765716644697713,4.754168582850735,4.600003481119603,3.9444610960578728,4.295545333087614,4.874893968599485,3.379158534824936,3.386028252277648
sample_323,4.718346324113622,5.033750117759037,4.8752926516758555,4.162945092080962,4.5232037474986795,4.069058516417699,4.418080586135652,5.133310130226534,3.432611184036673,3.6092874948373055
sample_324,5.08293541031867,5.104681925230346,4.777770090685993,4.81728140949453,4.721698754565984,4.033981492437722,4.350676622310574,4.806523882776485,3.393692724259753,3.3451908449519903
sample_325,5.093908389416895,5.0746494193363105,4.6961426812014775,4.743592225485296,4.639446898115608,3.891429038086797,4.464474681544407,4.881113074978792,3.405809226213265,3.4196734084432596
sample_326,4.881283302218375,5.016751981298808,4.8029555926740874,4.597823063111763,4.569973251855341,4.02261465757641,4.397052094947151,5.0621585221121235,3.4407645598397414,3.5522411018936215
sample_327,4.762872493371528,5.023119258103595,4.841991205283423,4.422699839514843,4.626301535310767,4.11389059457955,4.295564295577651,4.971884663937056,3.3856393521954753,3.524532474238936
sample_328,5.191161306274812,5.184612283683121,4.907581325263836,4.572295118129914,4.623657360250701,3.9952334839535864,4.34800970616548,4.848098254828811,3.2846227273010875,3.3336227488881827
sample_329,5.097098586948248,5.0910706917240045,4.614637918921108,4.72494415819158,4.640275306784829,3.886264737735485,4.460595733570274,4.768833406332174,3.53147249053757,3.435296014409753
sample_330,5.177749468260657,5.141208267112216,4.717892528079568,4.712275613152841,4.531644774514688,3.8325491541774532,4.457508267578777,4.863956290370285,3.386577315397587,3.342296762683786
sample_331,5.082940396850697,5.240569684938816,4.903226675539433,4.542147214307601,4.570512579072669,3.9187161858247084,4.552211170869138,4.992344551242154,3.246420836521258,3.3307295858359334
sample_332,5.187839411767307,5.109443109431266,4.580189141857398,4.753341117997404,4.582846033515376,3.7621402816803577,4.538270488727974,4.78868108294245,3.4491722276108354,3.382648951320001
sample_333,5.322598770961902,5.1447099931669324,4.641764584747308,4.866240279285511,4.651218918113415,3.778250522707681,4.3892730570136065,4.7561528214105815,3.1899316483951017,3.6352055358627693
sample_334,5.036132163772688,5.069672361899083,4.711790409189614,4.644378725616535,4.605686398537472,3.9211939044171373,4.443724544992981,4.969511387367614,3.4414627825689372,3.443039844259707
sample_335,5.122943066896969,5.080111276612704,4.680086760714676,4.773777340982693,4.706730049302014,4.0047495808541145,4.389735645103425,4.8082127305073765,3.5117957900626284,3.4785618151545195
sample_336,5.134026054831229,5.040824384927703,4.710769658246528,4.836544150816756,4.595469757993866,3.8735666635364354,4.332799387709067,4.8942079568782635,3.4746671905722053,4.095031881761774
sample_337,4.882282436808272,5.041035307538016,4.842470550988702,4.338719281503717,4.539343814945434,4.049688350861243,4.410791858919723,5.09162641881452,3.439039772313554,3.5876772147914275
sample_338,5.73707763115117,5.274095807002315,4.64390954995013,5.00681618981342,4.635150426269817,3.750146841921908,4.563591654664182,4.72323266820958,3.3755774604536968,3.114475411689667
sample_339,5.112619083219848,5.099277336023995,4.702940468400444,4.772763265397316,4.695387775413653,3.961043992577442,4.364332805742553,4.7427094179837,3.33999366627948,3.5114788028059962
sample_340,5.136410844655328,5.099355595457519,4.694558381577934,4.697609816509745,4.632086367609011,3.907138275100413,4.403204979497021,4.827594478601837,3.335608332912498,3.526107940764672
sample_341,5.2232826949157225,5.240798972784444,4.75586685005798,4.55228293500009,4.56977196969821,3.799060372336292,4.5948494284313375,4.8862408150254995,3.391430653941582,3.3161348132038064
sample_342,4.919735044742907,5.1082880871636345,4.947858687985029,4.455396332765178,4.458288874816686,3.910824218562881,4.422934820568461,5.133667287121088,3.3196406314779376,3.4969776445915777
sample_343,5.099155455660076,5.126413744056641,4.792239276019382,4.5989899759078865,4.530468010491298,3.871644610288362,4.484636514718599,4.956300365608635,3.425041066513868,3.3756415009646883
sample_344,4.9857409188228665,5.081114880623972,4.789344957819517,4.544575826782782,4.50551680675336,3.9269656197024085,4.450799031883786,4.993782486627095,3.36658923314737,3.4845600747372507
sample_345,5.2906790787796245,5.0673948435420035,4.565251501023521,4.821926933037978,4.626647438113801,3.8682688737464006,4.461302973276598,4.772297696561511,3.531833092970029,3.430861512118623
sample_346,5.514567445664377,5.16752079450437,4.6177673742929795,4.9620643474308075,4.694818227567675,3.686357181991145,4.234722167929075,4.592444170135032,2.838784522849033,4.123440805637548
sample_347,5.018968483037016,5.039908360582154,4.614814958748894,4.824310998677019,4.715291364595997,3.959918425274909,4.394329368735614,4.733640837919992,3.5359742735169304,3.5132389553936796
sample_348,5.03512151970693,5.130373589047769,4.8371311891695505,4.506382731450653,4.5859536733629715,3.9673451441498058,4.452323938979365,4.965144182726573,3.3994518282000823,3.457402443321264
sample_349,5.116460087060408,5.146663038615253,4.774584770031716,4.533985620075694,4.54140973025508,3.8918383786605446,4.485504462357634,4.97601453290993,3.4053926435708375,3.4633115200542153
sample_350,4.79599180900578,5.016967720158349,4.828255364577807,4.215757900450108,4.489132410798052,4.0412922491497385,4.395600005272878,5.112109966065734,3.4518112086187407,3.623516885915879
sample_351,5.40715061561596,5.068835666620546,4.535285954671589,5.007494816015886,4.661142667698402,3.801839644723443,4.49291195124378,4.803144280805005,3.4291504357663563,3.362125416020805
sample_352,5.249859371057935,5.230856486368204,4.760765690187131,4.701835645160626,4.589878984934441,3.8126930425509578,4.566262747592061,4.869332145314076,3.3364639216763647,3.2891018611551543
sample_353,5.2858549675106605,5.089501060448926,4.718874551550626,4.8793766793681606,4.6037482589158065,3.886083366917115,4.364342156945056,4.832370673711329,3.1638853099694066,3.567961449504536
sample_354,5.1640408155528394,5.045648343538161,4.423970864507588,4.7760822801408995,4.605517472015504,3.676882021593799,4.449647862867685,4.635785620161025,3.4076516232827885,3.5235796170074396
sample_355,5.148087810905143,5.1183578183272544,4.6445225896815305,4.605173855164319,4.588689518621355,3.8672706169880944,4.53526436749136,4.883517755505657,3.4760098159008077,3.4105718422142743
sample_356,5.086942140286652,5.035160794049827,4.711424191340604,4.744888441647335,4.692646305916867,4.060384643699839,4.296393645791535,4.840477312076896,3.41094055741363,3.5014530690493
sample_357,4.853145019347444,5.0602782145002605,4.850066514747379,4.552897603492968,4.700700823855136,4.1406046660707725,4.275495759554303,4.896339605849626,3.358083488917683,3.525142301460198
sample_358,5.134831930274615,5.167098519814507,4.837116096445089,4.599097035875213,4.559361950404187,3.884852255424965,4.5110622967171805,4.932368796545662,3.242407925066016,3.1285531952432954
sample_359,4.978394285036286,5.075000962732361,5.040037293580844,4.66506251747542,4.617779971464643,4.179729644162273,4.373314852934545,5.1880780155499355,3.370250618640595,3.722538254622955
sample_360,4.8980158589339124,4.892843687795494,4.64855765251308,4.194019200124233,4.627492857612228,4.056534125949501,4.431514101304034,4.909441585165505,3.420210930751371,3.8546050396166036
sample_361,5.142770704107497,5.048409512880398,4.696673266132399,4.773804136075765,4.648993831963419,3.9723002223385526,4.404877198389264,4.8577722666234795,3.466173203152335,3.3772321198155537
sample_362,4.977038477093526,5.020328567285344,4.611051887337399,4.614699865136585,4.612527670966238,3.900992707745472,4.438691823136411,4.872809282990122,3.5139857714223615,3.4757081891536927
sample_363,5.072988676832599,5.1128813332254115,4.741272770062152,4.5238710404234785,4.517024264003853,3.8228893352644784,4.5631160346500295,5.0466940920426735,3.476101849039822,3.4451086464758394
sample_364,4.951813570197331,5.0844454699094115,4.797539066947067,4.549088452407962,4.628383259643496,4.010233770434059,4.436391834024563,4.923744726347309,3.40597994181431,3.4732408160885115
sample_365,4.813395023320515,5.072204786053075,4.854225505256796,4.433857218539538,4.616842385757956,4.045397256859067,4.253269374496253,4.999823352754053,3.395926968209038,3.529227972173469
sample_366,5.141181121059892,5.1625822719478816,4.876542451058487,4.524506745797963,4.537278579177979,3.9572162040171004,4.433050726809112,5.075784363083747,3.3530590486131695,3.4427898676499846
sample_367,4.955999063450891,5.031212197347121,4.665160610032641,4.616287409500886,4.600854543031612,3.9220720022200024,4.44545055019318,4.94247219209603,3.528833637487271,3.5069980326907935
sample_368,5.136175856736922,5.062355311613186,4.555977415025561,4.83526170804061,4.540016184707991,3.7391486213630944,4.534589589575375,4.894146263183597,3.5603225221180703,3.465465252104505
sample_369,5.176321192222449,5.270908693395163,4.947421264806721,4.482362550231653,4.494915686449952,3.838307630305298,4.529531336661849,4.971730896421629,3.147432675717498,3.1003280123607158
sample_370,5.168780476125756,5.226556875341339,4.84970726045217,4.567862925622141,4.539733010899062,3.8379257789883034,4.535878800682934,5.011972997758573,3.3690754260025537,3.4082202688497043
sample_371,5.219415694822447,5.035002626469819,4.747872576280918,4.950261156908898,4.541720516315959,3.8498570991271417,4.394087526908699,4.9317637412183375,3.365942821339038,3.781676921826526
sample_372,4.598913265036346,4.881290295534657,4.759508304564561,4.373757836166126,4.571668286605943,4.111181890155244,4.2423690993216585,4.969145738538224,3.4393002179721552,3.59313488342835
sample_373,5.145492968268782,5.031918881093568,4.726663340213593,4.820060655230243,4.60963645609363,3.9553226140530433,4.27612915009595,4.862994787779255,3.4006633958151022,3.3222540330158186
sample_374,5.3407219702013204,5.146431812091564,4.556104490117186,4.714865294928947,4.5141314955883844,3.7068771995182455,4.58818587553856,4.855922723711493,3.443581978814819,3.3283943137500946
sample_375,5.23141490242654,5.068695795532665,4.609006798866311,4.891214392013925,4.738037726875945,3.8570046998701524,4.344223308793422,4.621828356183958,3.555780692819472,3.4896739939596673
sample_376,5.107229548776864,5.128226434227632,4.839665688441639,4.565185552907563,4.534331831600747,3.9647194693528047,4.433103840410608,5.032281090357797,3.3283303821836507,3.479089907019666
sample_377,5.101791283181039,5.079711970732874,4.722515386704861,4.640520646578806,4.530174371875462,3.8693349742519993,4.53676298243678,5.02959357545199,3.5251119629611125,3.480117061677858
sample_378,4.725224001746065,4.792921061007907,4.65509674301081,4.579777346057614,4.654790539152281,4.214977226835749,4.199685236010971,5.000564622570042,3.563524386582699,3.758442502897864
sample_379,5.444097507106862,5.194845050274846,4.718843441433494,4.875550071759202,4.597769947837507,3.7804347277900883,4.51072727539452,4.808929598532777,3.2881262781192686,3.144744054423712
sample_380,5.076924225162268,5.249537517664943,5.000371847977683,4.401522560715432,4.479332232290455,3.9322581551079554,4.543404442435832,5.159503171713021,3.336951368106374,3.42034068708377
sample_381,5.186251712611464,5.090359094944773,4.613650564642399,4.821911856904607,4.674445978121003,3.8869803367282283,4.396924591277253,4.7352659026820305,3.3537315756503476,3.6692112407673165
sample_382,5.213910043268255,5.1295744943246415,4.707164148362822,4.715134276797177,4.66633810909755,3.8214573068445064,4.309915875141358,4.8746657846581325,3.2539644698122077,3.422502590977443
sample_383,5.220007185631937,5.122713350697083,4.671536425579693,4.671880106469625,4.650593100817556,3.884802193939531,4.445592768329568,4.751145441314234,3.432285293015004,3.30970113348428
sample_384,4.875815959686657,5.025829854230069,4.803405171712537,4.4706441300866935,4.641487950963769,3.937004613148837,4.401242403387638,5.117928011421544,3.5341185779439863,3.1542898060782387
sample_385,5.4457354204823245,5.309234327205818,4.7064632459591085,4.708592079168079,4.520151316547771,3.6396518094341026,4.646395778895296,4.875995772632573,3.344612789583528,3.1892194535522638
sample_386,5.135942828233244,5.0483620402364595,4.5924969872615815,4.967950965304619,4.70290763593863,3.871268122888023,4.4384546646714815,4.79510120107741,3.554596395232115,3.5650865592992265
sample_387,5.388459328739041,5.154142657808143,4.595728129536681,5.095145034964739,4.679097576097745,3.7844608689209878,4.509676044116833,4.724170101934264,3.333448450267408,3.163786288092789
sample_388,5.00300199330099,5.029128289170424,4.746576445860594,4.696560228319646,4.619488831518141,4.017536761784911,4.33379928199796,4.874535413876407,3.3446036111142368,3.4960705132394727
sample_389,5.274672633098652,5.154951869703399,4.677966028208943,4.707093103370821,4.555698800078979,3.7566820937952614,4.57086732129986,4.899132171941862,3.404483592227632,3.363795219048003
sample_390,5.266918426054559,5.098108128812085,4.638086706114884,4.880672864096938,4.531649224821364,3.8009288530953316,4.477838594957516,4.86017829045939,3.4827365312295537,3.4177305037864887
sample_391,5.145738054953171,5.113262992904438,4.709855781273806,4.530249357775064,4.494235719744376,3.8421823882178248,4.554921553020773,4.994826260723855,3.412492461191687,3.4334386234237217
sample_392,5.478401415604238,5.114572453250138,4.454561995233911,5.059372160467224,4.6173817202689476,3.73493328991705,4.428500805322915,4.592933638881741,3.1984543811763264,4.213312123074866
sample_393,5.1844165257154335,5.120913421110197,4.7064855224572115,4.764423064500833,4.610114459595469,3.850213270135833,4.474558150351032,4.808999946687992,3.3585116729564306,3.2554978179021705
sample_394,5.272858291618557,5.127185875151661,4.601407177306777,4.8146131121838485,4.5582622476833325,3.719687251334161,4.477197979727586,4.831336090980487,3.5689752951860596,3.341583970117147
sample_395,5.346249777244329,5.140287544084052,4.660069777265605,4.898730745394571,4.686558269239905,3.8802138733561717,4.45007053846403,4.813355936973787,3.39772787967221,3.3221073028066823
