,1A,2A,3A,4A,5A,6A,1B,2B,3B,4B,5B,6B,1C,2C,3C,4C,5C,6C,1D,2D,3D,4D,5D,6D
b-D-GalxS-(1-3)-?-D-Galx2NAc,1.3966985111087311,1.5331199631502723,1.2609406587959766,0.7377003199444793,0.7616180385548588,0.7561055602984432,0.6967640027951498,0.9087285438567116,1.3381664012327144,0.7068843439049898,1.0094513954471844,0.7716492889650605,1.2292823997773434,1.4200659265175155,1.1416552169876175,1.1630126050265013,0.8063749375047193,0.7256144436589207,0.6929904804315139,0.7467509427131044,1.4013344189774397,1.2262018713089236,0.8183104218397714,0.8855293700628295
b-D-Glcx2NAc-(1-6)-?-D-Galx2NAc,62.92605263931619,48.79550890372501,55.51955782360989,48.84710512117389,56.520991703953456,55.1647279493835,52.124938607128286,52.517315038317356,58.53678179086561,46.0528580829529,56.94637401703874,52.00393190758748,61.89648832859767,51.36897239018561,58.04176590226302,53.27297027748574,55.88959500346553,55.81906327850564,56.53235996368041,44.31203553685469,54.38332147130572,59.07183001601907,53.08250904183434,52.76906374980688
a-D-Neux5Ac-(2-6)-?-D-Galx2NAc,5.414445205100619,3.536133261165893,3.8173771761435313,4.743080351491259,7.778528596060608,5.793916984674947,8.647214460569979,3.9827915380165932,3.665812757084133,8.260379006701093,5.149886309677338,8.231787468193914,5.475480384857921,3.903169036680718,4.068144190745066,5.216890439112085,8.696365434777883,6.296029110791747,4.143268767507401,8.645621554216753,5.679953790998832,4.800680905138152,3.759616741095975,8.343037567507048
b-D-Galx-(1-3)-?-D-Galx2NAc,68.60045788514094,52.636229336676685,60.80681276663151,53.50477451940176,63.28103565986572,60.655320410445356,58.55902445044055,57.614043612887286,63.411031418614904,55.73611238948512,63.43520803570021,62.090050304780505,67.39193936463572,55.9574797373168,63.98264590647597,58.39504633018547,62.729383198510895,60.835495594674704,61.61339081469553,55.32417576446204,62.311959130249825,64.54543278596317,56.97228356686186,62.623359831155575
?-D-Galx-(1-?)-b-D-Glcx2NAc-(1-6)-?-D-Galx2NAc,51.75192847200813,41.137600314037364,46.3329470252388,40.87959084974619,46.800201731649196,46.983522032972935,43.105184333838494,44.592367976419155,49.04281948932494,38.58970719225694,48.11946621399274,42.60935108517256,49.75685122366498,43.38160907470253,48.65229605371104,44.60953605858412,45.688333513286686,46.546494427043505,43.44325615884461,37.30428865028758,44.24896204078468,50.563475026083964,43.778326416246856,42.895181601771
a-D-Neux5Ac-(2-3)-b-D-Galx-(1-3)-?-D-Galx2NAc,6.761666014792013,4.781558380101046,4.62079421724669,5.737999344689444,7.599702592498421,6.544103601712374,14.417186930648176,5.939887910047657,5.149016326026753,15.236914015736305,6.349003326694678,11.29268903969821,7.417094516908365,5.5909078253033115,5.887047142350067,6.829811308502817,7.322774496090045,6.056374302654731,5.077679442490459,13.604076896999256,9.061464681783592,8.82692733055282,3.6526823282933183,11.094545497567935
a-D-Neux5Ac-(2-6)-[b-D-Galx-(1-3)]?-D-Galx2NAc,3.3286914258515137,2.2890444193089188,2.687901510949989,2.763767870739973,3.7477182636627315,3.4741915738224236,4.850068787875012,2.843537646795344,2.2783310431092585,5.780091519405112,2.933430692270705,6.116514487369548,3.4819273575491345,2.692380355284689,2.93452425666884,2.7109235065028097,4.568168111666425,3.397324460992785,2.5029020502070303,7.100328582781334,3.813286238787718,2.638371563085532,2.14219263688204,6.130059981934561
b-D-Glcx2NAc-(1-6)-[b-D-Galx-(1-3)]?-D-Galx2NAc,58.34947151947324,43.1215014594576,51.295206084581395,42.99361266504955,52.270506488993256,49.97364729287477,48.279668855364406,47.535750178723966,55.04528868557014,42.312017026253365,52.84597112947635,47.598706320166606,56.98172361855322,45.697402520959606,53.85770623966639,47.70712198002674,51.002660618489294,50.4523518154092,52.42735269242077,39.905931860021475,49.61067667423927,53.274723282551314,48.68262425090925,48.16238382390415
b-D-Glcx2NAc-(1-3)-b-D-Galx-(1-3)-?-D-Galx2NAc,29.44919301281406,22.10855400850856,26.607140105832297,22.312571173425265,27.738070949881592,26.281786350464984,21.0080176796222,24.64401261453597,28.25524115335722,20.319918820217246,26.30373907536247,26.250660722790712,29.42364712057193,24.281251937687426,27.41884505295873,24.485176199096703,26.64963463571673,26.05875835955153,23.61877727899803,21.00023168171405,23.178618509913512,30.9767897374584,19.897815268507987,25.742764826792268
a-L-Fucx-(1-2)-b-D-Galx-(1-3)-?-D-Galx2NAc,23.624332215928124,21.33090563211448,24.41483769620907,19.70459185488618,20.50616358734861,21.94162528781364,15.037491975407946,21.375072822551815,24.56589071370133,15.718015160741976,21.017075051173705,16.148779859661342,23.63036798889091,20.58500137360676,23.38538901506039,16.823813479929694,23.39904334048872,23.54386481144897,28.729310261690554,14.470543211400134,23.575964590784412,17.48465838000104,25.57727042604419,17.072822091994563
b-D-Glcx2NAc(6S)-(1-6)-[b-D-Galx-(1-3)]?-D-Galx2NAc,1.8680979879384287,2.2674121508096077,1.6534399416692749,1.6662862077083642,1.777987331608454,1.3738588879120064,1.5327887753635825,1.6325263703573312,2.116856170466981,1.439619653222194,1.9018163268836727,2.287556168320465,1.7324034793006349,2.294639049855414,1.834200154119194,2.0618591228840413,1.4659357031976412,1.4509315202032098,1.4817178715503438,1.8310133046066832,2.508552607399104,2.7361822415392,1.1002935167930494,2.2149304621398427
a-D-Neux5Ac-(2-6)-[a-D-Galx2NAc-(1-3)]?-D-Galx2NAc,0.4812932013147178,0.3486106126090889,0.3349170307471835,0.3714227637391309,1.220235328664892,0.43381817193515537,1.592877933766093,0.3178636900493801,0.442644971877295,0.5223205284019418,0.4946394639709921,0.8618468890261952,0.6982766998233859,0.4014757638830949,0.33596208518467563,0.4839149151526288,1.4141133195475477,0.853896599191329,0.36074985368066137,0.5181649177029258,0.5097538060019323,0.9072763448783052,0.3513555007433785,0.9863353852154516
a-D-Neux5Ac-(2-6)-[b-D-Glcx2NAc-(1-3)]?-D-Galx2NAc,0.6200029282258205,0.4114016447289959,0.3604734866868422,0.40398942161004303,0.7387018493286375,0.3710928832761457,0.7943125110136224,0.3339612650073457,0.3840340613749785,0.3311496643859875,0.4478246636907027,0.4848499268267431,0.6560861154230696,0.357032854037078,0.3323585751314904,0.4101757524408203,1.1196817938361332,0.6791123656970042,0.3283562799020856,0.3134577277892514,0.4941045292101687,0.4302535450180275,0.4614121348226618,0.5168681334757564
a-D-Glcx2NAc-(1-4)-b-D-Galx-(1-3)-?-D-Galx2NAc,5.044419259176709,2.8614154535246468,3.9234984437233513,3.117194728973612,4.797388970984286,3.641747104627077,3.2911621855591866,3.43539542278324,4.398512132436349,2.7401341537689934,5.144103425861119,3.9947647478709616,4.348503585985487,3.1416152738288794,4.082194916756841,4.9615926327175055,3.840420094213687,3.9052491092496986,3.2596852267943377,2.7997927310066304,3.3451388746894466,5.545816075063417,3.824616494349864,4.115736205351118
?-D-Galx-(1-?)-[?-L-Fucx-(1-?)]b-D-Glcx2NAc-(1-6)-?-D-Galx2NAc,13.168960989457526,8.957573142528737,11.68851928374815,8.921350491392623,11.000146940605834,9.706490776355027,13.898171628169804,10.744599634620485,12.767691491034258,12.567737805383072,9.86576162910844,9.944876210122834,13.04205114202743,9.292397214906435,12.238458197555385,10.457494836868843,11.058135669757291,9.794223230151019,10.864091549293656,9.09573689217531,12.684531324014573,14.407222906044824,10.486950788962153,10.131257250666447
a-D-Neux5Ac-(2-6)-[a-D-Neux5Ac-(2-3)-b-D-Galx-(1-3)]?-D-Galx2NAc,1.0540298104138903,0.8244096143479163,1.0017281583092534,1.1837686372832,1.4483037858448438,1.3501108474096313,1.5956395749242251,1.290884672879765,0.7966407489399883,3.0006755279698067,0.841952905327512,2.525286413509724,1.3324696748593066,0.9790704758096924,1.3048632962370148,0.8870841350202876,1.5118619476476562,1.1340482188957948,0.9275116443245508,3.7077939283099495,1.7286353896987132,1.3414074037582902,0.3916933643390141,2.6390742545270083
a-D-Glcx2NAc-(1-4)-b-D-Galx-(1-4)-b-D-Glcx2NAc-(1-6)-?-D-Galx2NAc,15.065064810768357,11.788620276683712,13.379832030755663,11.029600328775398,14.762305337954588,12.90007322886017,11.957128771500532,13.010250497939285,15.420932152076821,9.307365546754566,14.982611209648669,11.96685204964426,13.316209207045102,12.70259472499572,14.252818564305349,13.660854191991556,13.108531433829027,12.860976236895485,10.16039336781089,10.223466592757738,10.751189752863525,15.784629842570784,11.235289627162404,12.167253936588287
b-D-Galx-(1-4)-b-D-Glcx2NAc-(1-6)-[b-D-Galx-(1-3)]?-D-Galx2NAc,48.21969811939272,36.22150160437942,42.84309150519629,35.85364972207157,43.83251919396317,42.51778769920076,40.4658333393927,40.26962250229504,46.245400676284504,35.64294579572026,44.87977485214394,39.22602996902569,45.99370472151457,38.42173451109736,45.18034023789846,40.288965200058406,42.30613252309306,42.194029873280286,40.0003061338328,33.63688268968377,40.46577523256786,45.85391865914855,40.238578978260676,39.349084292707744
b-D-Glcx2NAc-(1-6)-[b-D-Glcx2NAc-(1-3)-b-D-Galx-(1-3)]?-D-Galx2NAc,28.68113783722917,21.519337623046674,25.661436464303705,21.45235803502891,27.105210516581828,25.377256119856682,20.460817735774654,23.71998857750999,27.623406006795893,19.795166502848343,25.466765314046224,25.71277746889124,28.44881981789673,23.67515306147304,26.561795395305015,23.87333469574285,25.9074870498729,25.1894766622019,22.58362137710116,20.51215621819489,22.193553393846408,30.09384266189885,19.054354032188925,25.269610346792998
a-D-Galx2NAc-(1-3)-[a-L-Fucx-(1-2)]b-D-Galx-(1-3)-?-D-Galx2NAc,6.932581634359872,2.3328509469988457,4.2689027742734105,2.378266222659967,4.959207801904452,4.104864514333953,5.453607277894855,2.3724357897037964,4.689859582647413,2.372878833481664,4.575755274530158,4.991085460805327,7.052914405476239,2.3221644580918683,4.320545713938172,2.4527059230413912,5.4765514145372185,5.12281880283751,7.792678794232241,2.3713115313629043,4.594005650943672,3.4327262070316333,4.8322239921826915,4.876841891866516
b-D-Glcx2NAc-(1-6)-[a-L-Fucx-(1-2)-b-D-Galx-(1-3)]?-D-Galx2NAc,20.44392780650137,16.743830452377445,20.53513508832461,15.634518246353853,17.034654282792133,18.222780966484407,12.805752738407008,17.566822956089073,21.218824195416946,12.234027226321436,17.301527601898727,12.92450196752894,20.503040078889423,16.137624129263912,19.820352109641174,13.349274274251961,19.24304355355536,19.594339038439365,24.509386387309146,11.238591005809305,19.62568232049645,14.125008429021294,21.74907497065866,13.812239381553605
b-D-Galx2NAc-(1-4)-b-D-Glcx2NAc-(1-6)-[b-D-Galx-(1-3)]?-D-Galx2NAc,3.4528751740174712,3.3757897500737024,2.8242874876516373,2.8406380952763914,3.1559129991911483,3.101494981797476,2.217252368076473,2.7272416183836303,2.522110321825569,1.5331669751146069,2.638419242508836,2.5665032022438528,3.6264377354500383,3.3191539612216507,2.754377804135729,3.0451351043915333,2.9742894975705685,3.224921833156473,3.15478561739173,1.7274491585924694,2.4678675540095307,2.058543128233164,2.6165447609316352,2.6818795830061566
a-L-Fucx-(1-2)-b-D-Galx-(1-4)-b-D-Glcx2NAc-(1-6)-?-D-Galx2NAc,19.76990143628872,17.426548783891974,19.268101684742533,17.398498025608188,15.220973417866444,18.716419130928394,15.432998398143608,18.289642029922426,17.98003578658259,12.623101966968566,16.74222032358773,13.877227491384208,20.884111659885946,17.39644722149092,18.53444958425581,14.182463054834733,17.651974895643125,19.307491504617808,20.304117940138468,12.264758183153074,18.57941024322355,16.87164083627685,20.42580272546807,13.855851791363714
?-D-Galx-(1-?)-b-D-Glcx2NAc-(1-3)-b-D-Galx-(1-3)-?-D-Galx2NAc,27.65472493625175,21.16157775147256,25.19329855812309,21.387567310532692,26.042506809671263,25.022432063897977,20.15743009663715,23.33924192682627,26.04217814401022,19.274152687892585,24.809558148612922,25.275769526775953,27.547590399933163,23.193073705976428,25.83653527015777,23.301669440625663,25.10242442333293,24.72829036872752,22.390671945818653,20.139101498223265,22.11321074968367,29.11392455184144,18.72855776846489,24.863531793517666
b-D-Glcx2NAc-(1-6)-[a-D-Neux5Ac-(2-3)-b-D-Galx-(1-3)]?-D-Galx2NAc,4.166645742019555,3.1269900078677018,2.6060316358676894,3.3057750232394802,4.456264215990702,3.5123425783259465,11.33234853961125,3.3858235174700986,3.313900175845924,9.192005428767331,4.009278675119901,5.870467925115683,4.300902101520024,3.5760001496866725,3.1297716139486407,4.685437261335399,3.7723155624556863,3.382549505150137,3.3711059308287545,6.368977781161169,4.965984307443426,5.848553775833544,2.606262579414074,5.613440711333841
b-D-Galx-(1-4)-b-D-Glcx2NAc(6S)-(1-6)-[b-D-Galx-(1-3)]?-D-Galx2NAc,1.5422615691876764,1.9165077799644288,1.338200517749145,1.3372440091698552,1.4832362950542324,1.0836605069291696,1.2297006227584073,1.3399405048258128,1.7677069019938814,1.1489918178636729,1.5947177828851284,1.9613789441307128,1.3751420516979094,1.9652105395239905,1.4948682035467802,1.6980118805184303,1.168212903688307,1.140398945699029,1.094527341366191,1.5088655935540811,2.10405894428872,2.2674809763683146,0.8219300526503128,1.9087671688418988
a-D-Neux5Ac-(2-6)-[a-L-Fucx-(1-2)-b-D-Galx-(1-3)]?-D-Galx2NAc,0.9942385794638734,0.6993529662324319,0.7095495887424734,0.8061959458088442,1.1868591184474189,0.8444856958341674,1.0593898384742306,0.6812365094489741,0.7539037874745359,1.2397377964696843,0.8146667255707967,1.1601128640736786,0.8976671961977412,0.7210705712934324,0.6926318506528037,0.9809440421161986,1.5654219040335506,1.1526594200580953,0.8500010025772758,1.032636373231245,0.8699094389633935,0.8129324495125059,0.8003419331336834,1.1905266531564351
b-D-GlcxS(2NAc)-(1-6)-[a-L-Fucx-(1-2)-b-D-Galx-(1-3)]?-D-Galx2NAc,1.000752916711834,1.5094540377811256,1.1766055097126378,0.8289375819196945,0.7613519950075017,0.7080326665178569,0.607104474947371,0.9518542206648656,1.248349588387783,0.6511013220453633,1.1034703410586504,0.7568551417701862,0.9632190981629036,1.3455837969557796,1.0901133996388317,1.0442071856436446,0.7911741730388557,0.779802825385677,0.9568405912220876,0.8263175078674003,1.2337227271623172,1.144082852543614,0.7246563642448816,0.7655579780242631
b-D-Glcx2NAc-(1-6)-[b-D-Glcx2NAc-(1-3)]b-D-Galx-(1-3)-?-D-Galx2NAc,9.632794244207627,7.228070346938728,8.667267495683793,7.221242647946296,9.05391460388291,8.340360223692816,6.7925506375884765,8.091154790926979,9.213112990252476,6.9645243352197,8.000968002747795,9.149607946231814,9.775232412165142,8.011116434663698,8.622409410508041,7.763183642018732,8.844534095572934,8.394045301616615,7.858353479670697,7.309789363790497,7.686420991478473,9.937676755260764,5.962599083723197,8.82181577610578
?-D-Galx-(1-?)-[?-L-Fucx-(1-?)]b-D-Glcx2NAc-(1-6)-[b-D-GalxS-(1-3)]?-D-Galx2NAc,0.4960683126170504,0.4947584037573685,0.4975603476653019,0.4337647927869638,0.4550483788142597,0.4006239793065219,0.4129894496537222,0.4365475987343326,0.5992129036039207,0.3647758651635985,0.5345748702316232,0.37137562381979217,0.470809357417693,0.5096318674349951,0.5015774442409102,0.42246358048163024,0.3942568290655281,0.3913492994207475,0.343436795656751,0.4012250886751778,0.6850561775518296,0.7195498933329256,0.3542534394604065,0.3992741176956098
a-D-Glcx2NAc-(1-4)-b-D-Galx-(1-4)-b-D-Glcx2NAc-(1-6)-[b-D-Galx-(1-3)]?-D-Galx2NAc,13.758500734319465,9.70423960347044,12.222203816312788,9.350325660052748,13.986365920840807,10.81642894921944,10.946972453805351,11.413704331257849,14.58910426037399,8.349975785120813,14.056930755330017,10.974301334565203,12.108005155611892,10.605882407376026,13.062907698809864,12.140878889413974,11.990274901488009,11.047749939421044,9.564258532116726,8.731282341856886,9.861868323299547,14.272394539242704,10.176978400307574,10.840433851017034
b-D-Galx-(1-4)-b-D-Glcx2NAc-(1-6)-[b-D-Glcx2NAc-(1-3)-b-D-Galx-(1-3)]?-D-Galx2NAc,25.1776081324996,19.674920741612183,22.540428537038004,19.43727072779265,24.576919164561897,23.064439750597053,18.487634881538295,21.346341436733912,23.924510455284878,17.57856217241336,22.92812313067391,23.274174565637875,23.91795419869469,21.717856069146986,23.64350989725716,22.039918515274653,23.13498299919386,22.589381926134504,18.520357904878875,18.5363257558248,19.06282187380829,26.242195492428603,16.16681537188972,22.87799868243209
b-D-Glcx2NAc-(1-6)-[a-D-Galx2NAc-(1-3)-[a-L-Fucx-(1-2)]b-D-Galx-(1-3)]?-D-Galx2NAc,6.386222503792284,2.0355256714938914,3.9354186042072485,2.1034801917136643,4.670450487314409,3.803064182205413,4.74851630649632,2.087238640536041,4.326568623136175,2.0530465615454467,4.287968639371736,4.58790177750732,6.5477771632365895,2.026544013258781,4.01862482362717,2.10279245142326,4.923173773623422,4.668436082602801,7.507789679553598,2.0858061011798505,4.170443744103991,3.0483532031976717,4.473496984333872,4.4822389618994585
b-D-Galx2NAc-(1-4)-b-D-Glcx2NAc-(1-6)-[a-L-Fucx-(1-2)-b-D-Galx-(1-3)]?-D-Galx2NAc,2.0989891327792902,2.5542413683283605,2.045840748301706,1.9491020724134245,1.96078439302684,2.3221693563383803,1.3261128803103448,1.785295741929024,1.5757999962635292,0.9432610285441708,1.5442389527733231,1.7479909178423956,2.166852361507241,2.368303289193701,1.8317148137823245,1.4819242229725005,2.1297898828881685,2.429625037123224,2.056610097167684,1.100646293206805,1.6791715013949138,0.747315477291046,1.6896186313567934,1.8270286101083144
b-D-Galx-(1-4)-b-D-Glcx2NAc-(1-6)-[a-L-Fucx-(1-2)-b-D-Galx-(1-3)]?-D-Galx2NAc,15.896815189084561,12.692650180844831,16.208685687819234,11.918136595879135,12.81508015657922,14.317815094532964,9.444921056475721,14.018106786609847,17.137310024707226,9.448824564994924,13.731678446064453,9.133228362159944,15.600933119063887,12.311917106979651,15.715394067780005,10.589058883538566,14.459992990667178,15.164633456591675,17.13918602249094,8.411275654579661,15.109032545745134,11.135527835826846,17.690500413849033,9.647018325552798
a-L-Fucx-(1-2)-b-D-Galx-(1-4)-b-D-Glcx2NAc-(1-6)-[b-D-Galx-(1-3)]?-D-Galx2NAc,18.04030347273924,15.08958915120468,17.4334347268082,14.485596359443187,13.484278676108458,16.734953056103468,14.216793171046724,15.999990321214078,16.613657768848885,10.998506197229242,14.962784286289205,11.85783271413619,18.799978566586425,15.04291684294043,16.75398207817961,11.804331079368241,15.782287266856036,17.159602547749806,17.800739546477576,10.490761562125305,16.370601042122544,14.393869666002464,18.29861995379714,12.035848685567336
?-D-Galx-(1-?)-[?-L-Fucx-(1-?)]b-D-Glcx2NAc-(1-3)-b-D-Galx-(1-3)-?-D-Galx2NAc,14.3863249000758,9.273665324077275,11.63074002214108,9.104215729621778,11.581537806375794,10.787900349451935,9.379482980828298,9.729366296410351,12.453488870829071,8.679284227569198,10.845493358316181,10.796440924955485,15.711684934125307,10.304901097359343,11.592426568776267,8.973869048700639,11.717960519690955,10.967154738909807,12.580418288849852,8.285757005933274,10.605147327777932,14.36019069388452,9.17965798415468,10.35069266839144
?-D-Galx-(1-?)-[?-L-Fucx-(1-?)]b-D-Glcx2NAc-(1-6)-[b-D-Galx-(1-3)]?-D-Galx2NAc,12.672892676840473,8.462814738771371,11.190958936082847,8.48758569860566,10.545098561791574,9.305866797048507,13.485182178516087,10.308052035886151,12.16847858743034,12.202961940219474,9.331186758876818,9.57350058630304,12.571241784609738,8.782765347471441,11.736880753314473,10.035031256387214,10.663878840691766,9.402873930730273,10.520654753636904,8.694511803500133,11.999475146462743,13.6876730127119,10.132697349501749,9.73198313297084
b-D-Glcx2NAc-(1-6)-[?-D-Galx-(1-?)-b-D-Glcx2NAc-(1-3)-b-D-Galx-(1-3)]?-D-Galx2NAc,26.886669760666862,20.57236136601067,24.247594916594505,20.527354172136345,25.409646376371498,24.11790183328967,19.610230152789608,22.41521788980028,25.410342997448893,18.749400370523688,23.97258438729667,24.737886272876484,26.572763097257965,22.58697482976205,24.979485612504053,22.689827937271808,24.360276837489096,23.859008671377893,21.355516043921774,19.651026034704106,21.12814563361656,28.23097747628189,17.885096532145838,24.3903773135184
?-D-Galx-(1-?)-?-D-Glcx2NAc-(1-?)-b-D-Galx-(1-4)-b-D-Glcx2NAc-(1-6)-?-D-Galx2NAc,8.194755701805082,7.282562544736358,6.975158528230243,7.019147719682873,7.406182760876322,7.485514501358309,8.335203815863029,7.59828700119846,6.884756152605838,6.1264351592766015,6.986174257445551,6.034124338719506,7.522859571810037,7.603688062713928,7.5424590770848,8.703475206925454,6.757760998660687,6.876516136628629,6.2624923344705365,6.482297973057679,6.312115216214773,9.47738604024533,6.092182926187045,6.578095746825937
?-D-Glcx2NAc-(1-?)-b-D-Galx-(1-4)-b-D-Glcx2NAc-(1-6)-[b-D-Galx-(1-3)]?-D-Galx2NAc,1.8669674723767675,1.1882695381321435,1.3915540262698314,1.5543066089667676,2.423812831536148,1.5897107734155025,1.7846960137607395,1.4976824012728862,1.7651952916266962,1.6942348347112928,2.1012723802546023,1.4933997988028334,1.34483082975352,1.337490918531463,1.832507747624869,3.1100850213447986,1.5681441961688654,1.3923110342609497,1.1496979298454757,1.6573120842998201,1.4426090898242725,2.2523618521594333,1.3413900916216268,1.6786972390676236
b-D-Glcx2NAc-(1-6)-[b-D-Glcx2NAc-(1-6)-[b-D-Glcx2NAc-(1-3)]b-D-Galx-(1-3)]?-D-Galx2NAc,8.56743430499112,6.578383727110229,8.057984014539366,6.599726124852836,8.438648047762415,7.742893169127313,6.28498799882067,7.650622012984626,8.69160095290441,6.540910069571438,7.5317546760451295,8.721312714217188,8.621794632626282,7.300613243065323,8.023336335501515,7.277162844858293,8.214380235627925,7.871911441371568,7.030888274643762,6.892886341581002,7.176240208387793,9.242825275745263,5.510484679416269,8.384677650282487
?-D-Galx-(1-?)-b-D-Glcx2NAc-(1-6)-[a-D-Neux5Ac-(2-3)-b-D-Galx-(1-3)]?-D-Galx2NAc,2.986125797120881,2.4404106740675644,1.9326677267170518,2.5698348949897003,3.6604443981787633,2.7561628363805992,9.467832217083517,2.6031335220269587,2.5565126185242693,7.821057295740704,3.154561645172615,4.814003155193723,2.769543132348381,2.828527283601029,2.355295935194308,3.991275471590448,2.8907865416864165,2.601691707195217,2.3337806940100907,5.260068892558833,3.8243887527319242,4.147641257151286,1.6553544545982843,4.476718814924812
?-D-Galx-(1-?)-b-D-Glcx2NAc-(1-6)-[?-D-Glcx2NAc-(1-?)-b-D-Galx-(1-3)]?-D-Galx2NAc,3.484680858493462,1.7007874654948727,2.705518788320186,1.5796958564366286,3.16385861044721,2.56063081435322,1.9963078372612173,2.1955288988452693,3.443080303192044,1.6978841554380997,3.522269429000678,2.649619260207901,3.1776103355978567,1.8912164147267407,2.8177332056809803,2.3649703053644937,2.727949610747683,2.7964831147044404,2.285567076093024,1.7012696894935668,2.164255469736555,3.5722082517204363,2.5788281109385944,2.6194337331407116
a-D-Neux5Ac-(2-3)-b-D-Galx-(1-3)-b-D-Glcx2NAc-(1-6)-[b-D-Galx-(1-3)]?-D-Galx2NAc,2.096822863498565,1.8509001203601918,1.3425879826721705,1.7480982074316271,2.388030689332576,2.0875815575955965,3.9381014602714224,1.9232326328042155,1.8235149305248888,6.608507375628372,2.1920167412235703,3.8197970892816393,1.916535348378316,2.093210237616629,1.9626548274425069,2.8735377270621,1.962411707417952,1.7768725504270666,1.5216192605651435,3.957748523071303,3.052251151359768,3.064180138548781,1.0983384130902272,3.5486502566281466
b-D-Glcx2NAc-(1-6)-[a-D-Neux5Ac-(2-3)-[a-L-Fucx-(1-2)]b-D-Galx-(1-3)]?-D-Galx2NAc,0.449415661046548,0.2816314220117121,0.28132623896359843,0.2757617425021344,0.2864317543598698,0.29184066055591784,1.0884381903154816,0.2828545986009151,0.2902764284635212,0.3154055529132823,0.316195573745944,0.382632395994127,0.6171286688639857,0.28454287030877234,0.300116309656305,0.2942381936268293,0.3057573330186154,0.29184066055591784,0.3106968203809679,0.3194126495104617,0.32711584618859124,0.9141694483152172,0.3223588376853885,0.4374067620396637
a-D-Neux5Ac-(2-6)-[a-D-Galx2NAc-(1-3)-[a-L-Fucx-(1-2)]b-D-Galx-(1-3)]?-D-Galx2NAc,0.546359130567587,0.29732527550495397,0.3334841700661623,0.27478603094630216,0.28875731459004306,0.30180033212854074,0.7050909713985352,0.2851971491677552,0.3632909595112381,0.31983227193621644,0.2877866351584196,0.40318368329800747,0.5051372422396532,0.2956204448330864,0.3019208903110025,0.3499134716181315,0.5533776409137985,0.4543827202347094,0.2848891146786452,0.28550543018305385,0.4235619068396828,0.3843730038339616,0.3587270078488201,0.3946029299670569
b-D-Glcx2NAc-(1-6)-[?-D-Galx-(1-?)-[?-L-Fucx-(1-?)]b-D-Glcx2NAc-(1-3)-b-D-Galx-(1-3)]?-D-Galx2NAc,13.618269724490908,8.684448938615395,10.685036380612493,8.244002591225431,10.948677373076034,9.883370118843628,8.832283036980755,8.80534225938437,11.82165372426775,8.154531910200294,10.008519596999934,10.258557671056009,14.73685763145012,9.69880222114496,10.735376911122547,8.362027545346782,10.975812933847118,10.097873041560176,11.545262386952976,7.7976815424141135,9.620082211710828,13.477243618324973,8.336196747835627,9.877538188392169
b-D-Galx-(1-4)-b-D-Glcx2NAc-(1-6)-[?-D-Galx-(1-?)-b-D-Glcx2NAc-(1-3)-b-D-Galx-(1-3)]?-D-Galx2NAc,23.38314005593729,18.72794448457618,21.126586989328803,18.512266864900084,22.881355024351567,21.805085464030036,17.637047298553245,20.0415707490242,21.71144744593788,16.532796040088698,21.43394220392436,22.299283369623108,22.041897478055915,20.629677837435995,22.061200114456202,20.856411756803613,21.58777278681006,21.25891393531049,17.292252571699493,17.675195572334008,17.997414113578447,24.379330306811628,14.997557871846617,21.998765649157487
?-D-Galx-(1-?)-?-D-Glcx2NAc-(1-?)-b-D-Galx-(1-4)-b-D-Glcx2NAc-(1-6)-[b-D-Galx-(1-3)]?-D-Galx2NAc,6.888191625356189,5.198181871523087,5.817530313787367,5.33987305096022,6.630243343762543,5.401870221717577,7.325047498167847,6.001740834517026,6.052928260903008,5.169045397642848,6.060493803126898,5.041573623640448,6.314655520376828,5.506975745094234,6.352548211589317,7.183499904347872,5.639504466319674,5.063289839154186,5.666357498776374,4.990113722156826,5.422793786650798,7.965150736917253,5.033871699332213,5.251275661254681
?-D-Glcx2NAc-(1-?)-b-D-Galx-(1-4)-b-D-Glcx2NAc-(1-6)-[b-D-Glcx2NAc-(1-3)-b-D-Galx-(1-3)]?-D-Galx2NAc,8.634903386619419,5.781712964003695,7.477861351268244,5.332972470389083,8.785312320829442,6.930547658334385,6.0715227333434925,6.228355966641554,9.146639985529893,4.842279023136856,8.345022330738423,7.639228601595843,7.75115557976043,6.624434910792862,7.7401662231991795,6.923817278920082,7.806796079637616,7.227229590366334,5.336502600250105,5.20005259458886,5.822468218044079,8.818316039730087,5.114183886451964,7.1172781406373895
b-D-Glcx2NAc-(1-6)-[b-D-Glcx2NAc-(1-6)-[?-D-Galx-(1-?)-b-D-Glcx2NAc-(1-3)]b-D-Galx-(1-3)]?-D-Galx2NAc,18.83628854128269,14.116676923947955,16.871323460214846,14.125206205693901,17.6378184243163,16.282443880042546,13.253606553054766,15.772949457940214,17.69703103991923,13.618803368180355,15.51215264788274,17.88117443178212,19.130970814939687,15.640757402213676,16.78804712246199,15.191145704789221,17.231627965517493,16.34658399010185,15.394136889433513,14.274453666427851,15.022163007943535,19.115333825124488,11.577304757902025,17.27708617882402
?-D-Galx-(1-?)-b-D-Glcx2NAc-(1-6)-[b-D-Glcx2NAc-(1-6)-[b-D-Glcx2NAc-(1-3)]b-D-Galx-(1-3)]?-D-Galx2NAc,7.881029391842843,6.3058619062214865,7.106763532050941,6.213698994328164,7.7897689278729425,7.1839520390630005,5.805959210470292,6.904331220538938,7.36366521449697,5.856222170002207,6.731646911061635,7.930306494605127,7.509799602564119,7.032467938500671,7.163266661484111,6.846475551784633,7.458282070233412,7.0939979335829175,5.8267217435595535,6.321874132605448,6.121055231459415,8.011853170525633,4.518829753573588,7.6260099439253315
?-D-Galx-(1-?)-[?-L-Fucx-(1-?)]b-D-Glcx2NAc-(1-6)-[a-D-Neux5Ac-(2-3)-b-D-Galx-(1-3)]?-D-Galx2NAc,1.9411213092952644,1.2809373924397842,1.0823488039507565,1.2705814494364134,2.4116551069395724,1.3783014516343317,4.30491300880073,1.3932294516188295,1.5223961922865925,3.515972786090312,2.124694714738516,2.341202029082401,1.66204133157949,1.4669181290570086,1.2774157721452135,2.8010232956704777,1.6166578054856378,1.4098950392034288,1.2005426929700935,1.9259847236308087,1.6906542515526048,2.2594972196575207,0.9980421688739998,2.1433158935539334
?-D-Galx-(1-?)-[?-L-Fucx-(1-?)]b-D-Glcx2NAc-(1-6)-[a-L-Fucx-(1-2)-b-D-Galx-(1-3)]?-D-Galx2NAc,4.197290147080799,2.99414677899993,4.23765084116654,3.1236293874103938,3.4209089255510663,2.7053422579209765,4.089429605888459,4.72353543559126,5.5601596389544365,4.522214084539373,3.055545043907445,2.7592800083858555,3.960327216606815,2.915161778193416,4.3672206529775135,3.8325113706044482,3.728654403350085,2.8754240862497067,4.411335735742872,3.1311954076722883,5.415064419734475,5.608644244680551,4.634575886582439,2.9477304026284044
b-D-Glcx2NAc-(1-3)-?-D-Galx-(1-?)-b-D-Glcx2NAc-(1-6)-[a-L-Fucx-(1-2)-b-D-Galx-(1-3)]?-D-Galx2NAc,3.7666286141287726,3.075373766186659,3.9035459231901286,2.887442016319849,3.347271635835748,2.9184508328013994,2.3639121594756847,3.7732328988759902,4.386927491259844,2.8192933455887914,3.1924239858128103,2.0098279351294432,3.370911351844408,3.0791105370878222,4.027975854745393,3.3423770767571024,3.1733330987110464,2.9652489185826294,3.2442249746128065,2.4896832137987936,3.1079606080680504,3.363387486757707,3.4582971525899766,2.204515036039604
?-D-Glcx2NAc-(1-?)-?-D-Galx-(1-?)-?-D-Glcx2NAc-(1-?)-?-D-Galx-(1-?)-b-D-Glcx2NAc-(1-6)-?-D-Galx2NAc,1.701891116256432,1.755843546674583,1.2644431242176708,1.2077308646636908,1.3585513718129931,1.862937163905492,0.9618326653439921,1.4948139173157236,1.4010304650611538,0.9352685544974448,1.3049553820722113,1.149714108339282,1.3467303070683436,1.7625301924918737,1.3421289404043186,1.5405839173710103,1.4609325916306852,1.6708014873951167,0.8186279985678998,1.318152090088787,1.0302312480813982,1.6662070513233471,1.0562426699091658,1.2932773596725973
a-L-Fucx-(1-2)-?-D-Galx-(1-?)-b-D-Glcx2NAc-(1-6)-[a-L-Fucx-(1-2)-b-D-Galx-(1-3)]?-D-Galx2NAc,10.852518711792207,8.117694971874627,10.742060751636979,8.021697291779763,8.219472454090791,8.835688995446679,6.465755792407492,8.965072749768535,10.673568127018676,5.707913065012753,8.620091673807107,5.894397240565088,11.013915065138708,7.615528358081487,10.217140185535577,6.409372681243522,9.694377103965618,9.900561553321769,11.865491253577002,4.991976029865626,10.51356363220272,6.930023172119203,12.56134470873337,6.176462344878964
a-L-Fucx-(1-2)-?-D-Galx-(1-?)-b-D-Glcx2NAc-(1-6)-[?-D-Glcx2NAc-(1-?)-b-D-Galx-(1-3)]?-D-Galx2NAc,1.3702316890942814,0.4747040881248536,0.9533441417151036,0.40207789600677296,0.7207801406277248,0.9130747365617896,0.6205791610307907,0.5199601978623034,0.9024229305635112,0.6012435640588774,1.158109251629694,1.0556581401492642,1.656793021419115,0.4725816120010117,0.8822592533725054,0.3503636101214897,0.9800312760258384,1.1200599538039888,1.052449872078499,0.3945040192724627,0.7549605085008595,1.3234734836648379,1.1952451729842912,1.0020917885971932
?-D-Galx-(1-?)-b-D-Glcx2NAc-(1-6)-[a-D-Galx2NAc-(1-3)-[a-L-Fucx-(1-2)]b-D-Galx-(1-3)]?-D-Galx2NAc,4.171264041445787,1.3701165175494132,2.5732573377539083,1.3653619171723792,2.8172179538098012,2.4452417156838537,3.3487071312281405,1.3902180184000588,2.988983049110225,1.4132726980811618,3.023886912475431,2.7601111296998613,4.21577505341355,1.375211003220846,2.6208652790916087,1.4129194354583354,3.0128978772972532,3.030507893825121,4.549525287699327,1.4199489689338791,2.718075709110205,1.975545855724128,3.239210619019511,2.6929993020734972
a-D-Galx-(1-3)-[a-L-Fucx-(1-2)]?-D-Galx-(1-?)-b-D-Glcx2NAc-(1-6)-[b-D-Galx-(1-3)]?-D-Galx2NAc,4.599647625996594,1.0715177646857696,1.0715177646857696,1.0715177646857696,1.0715177646857696,1.0715177646857696,2.5226982033474337,1.0715177646857696,1.0715177646857696,1.0715177646857696,1.0715177646857696,1.0715177646857696,4.919732394507983,1.0715177646857696,1.0715177646857696,1.0715177646857696,1.0715177646857696,1.0715177646857696,5.158737567433836,1.0715177646857696,1.0715177646857696,1.0715177646857696,1.0715177646857696,1.0715177646857696
a-D-Neux5Ac-(2-3)-b-D-Galx-(1-3)-b-D-Glcx2NAc-(1-6)-[a-D-Neux5Ac-(2-3)-b-D-Galx-(1-3)]?-D-Galx2NAc,1.6106848504574955,1.1347035026774694,0.8847016264348424,1.2377343426451388,2.0843778181029533,1.3673757620220899,3.246660504237308,1.4061177027190377,1.3747581728505047,5.535383699333352,1.8101559396229119,3.219394512806164,1.4344277666484828,1.3066444981299834,1.2573222925198353,2.4334912097697816,1.5197124683301542,1.295230468537854,1.0386961574891478,3.324741503026696,2.3599391312766214,2.277171005353201,0.7361117983202139,2.9364527435275942
a-L-Fucx-(1-4)-[a-D-Neux5Ac-(2-3)-b-D-Galx-(1-3)]b-D-Glcx2NAc-(1-6)-[b-D-Galx-(1-3)]?-D-Galx2NAc,1.4329088164440524,1.2715373346610526,0.8650609339102155,1.0352411451147447,1.5745563554316224,1.3048198662238937,2.503976745519749,1.1015920916128037,1.2344363745566889,3.4697491261789013,1.5187258604127851,1.7980072421616582,1.2468704070747525,1.4031925939379621,1.2685183924402748,2.0796722605335503,1.162987059342028,1.082815525097785,1.0091766267335518,1.7020436307871525,1.637001820871707,1.9527277026490493,0.7525451633291826,1.7373189852268531
?-D-Glcx2NAc-(1-?)-?-D-Galx-(1-?)-b-D-Glcx2NAc-(1-6)-[?-D-Glcx2NAc-(1-?)-b-D-Galx-(1-3)]?-D-Galx2NAc,1.2016985648891965,0.6871786933381028,0.981598457307922,0.7285318499048928,1.4409205537311718,0.8845210497239913,0.9453690698976176,0.9122747235666464,1.4894054253881064,0.6627690349576932,1.4295445326390974,1.0611605742502443,0.8718051087760714,0.7878965859812133,1.1473109573921252,1.2383533298815796,0.9351744880541598,0.913905798534612,0.7010755634269014,0.7504412045402329,0.8178695507853869,1.3405716298619696,0.8381926192919864,1.0657912021727447
a-L-Fucx-(1-2)-b-D-Galx-(1-4)-b-D-Glcx2NAc-(1-6)-[a-D-Neux5Ac-(2-3)-b-D-Galx-(1-3)]?-D-Galx2NAc,0.3810904407711042,0.5801104959286406,0.3727918740043409,0.5863963832364039,0.43531495733823855,0.5950996933745645,3.7287944935311135,0.3882635292167177,0.4450378702694764,1.1663262602009197,0.3565760496233147,0.4510112789913408,0.4378368594653271,0.6715915108653535,0.3837437280468621,0.3963867093914208,0.4747040881248536,0.4977396426625064,0.6207953672084051,1.0783792766438742,0.7184851706912584,0.7766916015940333,0.3115190359632403,0.5220716499695859
b-D-Galx2NAc-(1-4)-b-D-Glcx2NAc-(1-6)-[a-D-Galx2NAc-(1-3)-[a-L-Fucx-(1-2)]b-D-Galx-(1-3)]?-D-Galx2NAc,1.134739479433262,0.2678794411714424,0.7951177545787851,0.2678794411714424,1.1051692337168708,0.8836353793906724,0.8935210793034477,0.2678794411714424,0.7408853114075776,0.2678794411714424,0.5896300393769254,1.0852218828847022,1.1523477628966543,0.2678794411714424,0.8273724631436055,0.2678794411714424,1.0404124554525231,0.9437917537754476,0.9466347320433705,0.2678794411714424,0.7302735949819327,0.2678794411714424,0.4315276818787179,1.0607078099210698
a-L-Fucx-(1-2)-b-D-Galx-(1-4)-b-D-GlcxS(2NAc)-(1-6)-[a-L-Fucx-(1-2)-b-D-Galx-(1-3)]?-D-Galx2NAc,0.6749164979610811,1.1585496669359472,0.8613660857925073,0.4998953833811856,0.4666009584532801,0.4178342855350202,0.3040163223421961,0.6592683551333471,0.8992003199146837,0.3604734866868422,0.7963717970601054,0.4306779175804336,0.6059576705601777,1.0161552866243555,0.7507814490664177,0.6803599432780343,0.4934513735295217,0.4692702508814962,0.5696500610379346,0.5041697968147979,0.8292290640519341,0.6753815873727284,0.4462929001021448,0.4593946847263193
a-L-Fucx-(1-2)-b-D-Galx-(1-4)-b-D-Glcx2NAc-(1-6)-[a-L-Fucx-(1-2)]b-D-GalxS-(1-3)-?-D-Galx2NAc,0.9006301984916809,1.038361559392904,0.7633803111306748,0.3039355271575155,0.30656965974059913,0.3554815809919213,0.2837745531414277,0.4721809451223791,0.7389534976287937,0.3421084787413913,0.4748765252155613,0.4002736651452683,0.7584730423596504,0.9104340590825204,0.6400777727467076,0.740549024544871,0.4121181084391912,0.3342651442381732,0.3495536847747629,0.34552585403792657,0.7162782414256099,0.5066519779759979,0.4640569823793649,0.4862552523672197
b-D-Galx-(1-4)-b-D-Glcx2NAc-(1-6)-[?-D-Galx-(1-?)-[?-L-Fucx-(1-?)]b-D-Glcx2NAc-(1-3)-b-D-Galx-(1-3)]?-D-Galx2NAc,10.114740019761335,6.840032057180906,7.56402845334679,6.22891528398917,8.4203860210561,7.570553749583997,6.859100182744387,6.43169511860829,8.12275817275673,5.937927579765308,7.4698774136276125,7.819954767802641,10.205992012248077,7.741505228818905,7.817091413074691,6.528611364878584,8.203308883168075,7.4977783054927825,7.481998914730692,5.821851080044018,6.489350691672713,9.625596448854713,5.4486580875364075,7.485926524031267
?-D-Galx-(1-?)-[?-L-Fucx-(1-?)]?-D-Glcx2NAc-(1-?)-b-D-Galx-(1-4)-b-D-Glcx2NAc-(1-6)-[b-D-Galx-(1-3)]?-D-Galx2NAc,2.8276575481401185,1.8870826066922977,2.1904203062369514,1.9963919467162576,3.068958345276476,2.002061640173566,4.986737360507921,2.2308016507401613,2.439381343944864,3.1482184997698104,2.4795333325258206,2.4307627400917964,2.58952062388484,2.0695191560303274,2.309880163255176,3.2836068355758425,2.3155083754119303,1.9427545168878468,2.9033780109574625,2.403301003063624,2.3797141387398644,3.997567295501068,1.895265884764592,2.437497317958837
?-D-Glcx2NAc-(1-?)-b-D-Galx-(1-4)-b-D-Glcx2NAc-(1-6)-[?-D-Galx-(1-?)-b-D-Glcx2NAc-(1-3)-b-D-Galx-(1-3)]?-D-Galx2NAc,8.205603439486856,5.442249194074195,7.014649820115506,5.015693380190392,8.315301537379924,6.532271090991296,5.7400280112213045,5.8189958427278174,8.417445044944168,4.532033720877814,7.855238973125571,7.221187140914341,7.331661570369826,6.24295944367914,7.283394524645091,6.5885956996718384,7.349355854009241,6.785722977234951,5.013932530342219,4.854927533435716,5.47178924303067,8.05829635433305,4.766290476907595,6.750732767249852
b-D-Glcx2NAc-(1-6)-[?-D-Galx-(1-?)-b-D-Glcx2NAc-(1-6)-[?-D-Galx-(1-?)-b-D-Glcx2NAc-(1-3)]b-D-Galx-(1-3)]?-D-Galx2NAc,9.203494297075066,6.888606577009227,8.204055964531053,6.903963557747604,8.58390382043339,7.9420836563497295,6.461055915466287,7.68179466701324,8.483918049666753,6.654279032960655,7.511184645134945,8.73156648555031,9.35573840277454,7.629640967549975,8.165637711953952,7.4279620627704865,8.387093869944557,7.952538688485233,7.5357834097628125,6.9646643026373525,7.335742016465063,9.177657069863725,5.614705674178829,8.455270402718243
?-D-Galx-(1-?)-b-D-Glcx2NAc-(1-6)-[b-D-Glcx2NAc-(1-6)-[?-D-Galx-(1-?)-b-D-Glcx2NAc-(1-3)]b-D-Galx-(1-3)]?-D-Galx2NAc,15.332758836553118,12.272260042513473,13.75031553294914,12.110118898457642,15.109527072296364,13.969627510782914,11.280423698818398,13.399302317164139,13.998135488408215,11.402199037745365,12.973510464510419,15.442571528528754,14.600105195737633,13.68346040988762,13.869761624414132,13.357729524321025,14.459123914838452,13.74648925403445,11.330873417211224,12.298623204057753,11.891431487905418,15.26368665565423,8.689766097602806,14.885474514463125
a-D-Glcx2NAc-(1-4)-?-D-Galx-(1-?)-b-D-Glcx2NAc-(1-6)-[b-D-Glcx2NAc-(1-6)-[b-D-Glcx2NAc-(1-3)]b-D-Galx-(1-3)]?-D-Galx2NAc,2.7835224764461017,1.88059275469527,2.3037525626334854,1.6061848056881811,2.6627118640740832,2.2603748926855065,1.6234948634093826,1.815040624633809,2.8687113874768615,1.3511967659587194,2.419554367728008,2.4413664613403543,2.5883088889972106,2.1730529232437377,2.3146164537535063,1.8780891187413056,2.4962611864276285,2.4227872983437058,1.6004958668840117,1.5074863850044893,1.7832775551624889,2.4862969923232634,1.4555144862000318,2.142230943330189
?-D-Galx-(1-?)-?-D-Glcx2NAc-(1-?)-?-D-Galx-(1-?)-[?-L-Fucx-(1-?)]b-D-Glcx2NAc-(1-6)-[b-D-Galx-(1-3)]?-D-Galx2NAc,2.933086495038254,2.2502717493414046,2.6174200272240764,2.6055683429825724,3.05442383009503,1.970170751809316,4.243989879679712,2.780445407826838,2.4863302777058265,2.9634685997645285,2.489162711840174,2.1717811103909326,2.733307148935289,2.2983388373215448,2.6773070563896333,3.484790313483332,2.527829548814022,1.9936488375728056,2.977992985548138,2.2319649788314777,2.7474089722452484,3.4036467416823886,2.3992129323146063,2.166113893293688
b-D-Glcx2NAc-(1-6)-[?-L-Fucx-(1-?)-b-D-Glcx2NAc-(1-6)-[?-L-Fucx-(1-?)-b-D-Glcx2NAc-(1-3)]b-D-Galx-(1-3)]?-D-Galx2NAc,3.980756647407332,2.2942361658875496,3.011175347879208,2.2403324345913136,2.8968406613349584,2.6014020936450883,2.08939279310215,2.252127012102939,3.248808830309549,2.042341335090645,2.446286578539387,2.5648844162801634,4.535604321627917,2.5346908236517987,2.8989449861864456,2.097500885736212,2.9896221555820506,2.7243636062063894,3.5806982724333323,1.9117736332036623,2.766670986068273,3.5380340095231837,2.425906074398452,2.4817033983715544
?-D-Galx-(1-?)-b-D-Glcx2NAc-(1-6)-[a-L-Fucx-(1-2)-b-D-Galx-(1-4)-b-D-Glcx2NAc-(1-6)-b-D-Galx-(1-3)]?-D-Galx2NAc,6.674242450211077,6.434682003298168,8.053256040224316,6.633242881306468,6.805469604315692,7.673267780220053,5.999682011187669,6.9599653009187366,7.001912943985487,5.449192752787676,5.917624395119881,5.8168084075579785,6.467000639873412,6.5712258936901735,7.742561464869484,5.753884797800798,7.021990109141928,7.611008379337928,5.383132632525562,5.53744531382985,6.4888966858174815,7.2665169208852625,5.133484486970216,6.006240632179091
?-D-Galx-(1-?)-[?-L-Fucx-(1-?)]b-D-Glcx2NAc-(1-6)-[b-D-Galx-(1-4)-b-D-Glcx2NAc-(1-6)-b-D-Galx-(1-3)]?-D-Galx2NAc,6.656423095257362,5.102843008883222,6.907829730939947,5.5144883567571625,5.856953312444503,5.868440721193662,5.518690692861717,5.406709563850193,5.81238481538028,4.909707853074036,4.901892631236978,4.870772110911289,7.15313018333854,5.115730876982195,6.689291759898572,4.457594599159759,6.0822375385995535,5.9141701442306065,5.942497772643533,4.427152258087284,5.7636395776195934,6.8589805589134025,4.663819987741505,5.068656458235567
?-D-Galx-(1-?)-[?-L-Fucx-(1-?)]b-D-Glcx2NAc-(1-6)-[b-D-Glcx2NAc-(1-6)-[b-D-Glcx2NAc-(1-3)]b-D-Galx-(1-3)]?-D-Galx2NAc,2.162361822606713,1.9519673442950976,2.305369745311552,2.180657525490604,1.9074592752782027,1.8971139678283813,1.8472557878994242,2.162086809048501,1.824550197895212,1.8183658070668325,1.5792975945103855,1.5651602908267523,2.2334443421535735,1.9195640786259447,2.1215922699503817,1.6777347730995888,1.9400273824278769,1.8532576462768349,1.8853559191275424,1.6978230999383404,1.9070264422075844,2.301343818431964,1.398006289432412,1.5681173870919385
?-D-Galx-(1-?)-b-D-Glcx2NAc-(1-3)-?-D-Galx-(1-?)-b-D-Glcx2NAc-(1-6)-[a-L-Fucx-(1-2)-b-D-Galx-(1-3)]?-D-Galx2NAc,2.628674635010228,2.262538640570436,2.3241066025468657,2.2111294125441536,2.2110372173766555,1.8919457420126642,2.08596466631752,2.4314795158249445,2.107928041572011,2.136353960760224,1.8104721898559548,1.4316190850428154,2.4304335838159337,2.183401305324756,2.4860825993872155,2.8256323045715006,1.9436375570288045,1.8296077502529757,2.585487921350704,1.826303719461941,2.3173072719152263,2.7624243640324475,2.2112431333426503,1.6066991607489016
?-D-Galx-(1-?)-?-D-Glcx2NAc-(1-?)-?-D-Galx-(1-?)-b-D-Glcx2NAc-(1-6)-[a-L-Fucx-(1-2)-a-D-Galx-(1-3)]?-D-Galx2NAc,1.306564076448893,2.084380673213272,1.157628214442875,1.6792746687226519,0.775939417113779,2.0836442796407315,1.0101563176951809,1.5965461666814345,0.8318278917028292,0.9573897616337526,0.9256804543186536,0.9925507150790576,1.2082040514332109,2.096712317619696,1.1899108654954809,1.5199753025775802,1.118256532341014,1.8132262974744413,0.5961348356941619,1.492184250900853,0.8893214295639735,1.5122353033280789,1.05831122685483,1.326820085571257
?-L-Fucx-(1-?)-?-D-Galx-(1-?)-b-D-Glcx2NAc-(1-6)-[?-D-Galx-(1-?)-b-D-Glcx2NAc-(1-6)-b-D-Galx-(1-3)]?-D-Galx2NAc,3.2104154652842367,4.219809596486961,3.782628529650445,4.301201659852153,3.351702030808612,4.919836291679281,2.8210401166989394,4.369739358912135,3.2776567232052005,3.3917472275486698,3.694234671429351,3.25956354033677,3.1180795416674734,4.422747822523991,4.006700536885016,3.998334655159393,3.464186163401373,4.3830229814048485,2.5187284494243842,3.3484145499743194,3.1291073068466835,3.893334375373378,2.901008169026489,3.1108478465397784
?-L-Fucx-(1-?)-?-D-Galx-(1-?)-b-D-Glcx2NAc-(1-6)-[b-D-Glcx2NAc-(1-6)-[b-D-Glcx2NAc-(1-3)]b-D-Galx-(1-3)]?-D-Galx2NAc,0.6256409106127492,0.6479643220046385,0.9083446238917268,0.7935079918416427,0.9638346769068888,1.0057678715343363,0.6869425751496004,0.9563504544797836,0.7626898830898095,0.8028489638179301,0.7786224462679074,0.8498986350763723,0.6101351322102374,0.7336013404157353,0.8729719748862449,0.9353194226276708,0.9088791881894152,0.9201503312349848,0.5233170382426687,0.8059238746812151,0.7158702043226737,0.7308549899629231,0.4809445300057818,0.7677080229498136
a-L-Fucx-(1-2)-?-D-Galx-(1-?)-[?-L-Fucx-(1-?)]b-D-Glcx2NAc-(1-6)-[a-L-Fucx-(1-2)-b-D-Galx-(1-3)]?-D-Galx2NAc,3.033494128540537,2.4133156497878763,3.5204812836582606,2.4750271712354257,2.291677251173393,2.063878115243516,2.725494909914663,4.0223482976881275,4.667595594306621,3.2158485109867865,2.303718221537223,2.0482919041168177,2.8785753875145765,2.3014681197735927,3.569646926800752,2.371927826549376,2.9930036474324253,2.241526554889284,2.856543706767826,2.2696632135194874,4.46011551483006,4.048282386745777,3.850237520197631,2.144624513402885
a-L-Fucx-(1-2)-?-D-Galx-(1-?)-b-D-Glcx2NAc-(1-6)-[a-D-Galx2NAc-(1-3)-[a-L-Fucx-(1-2)]b-D-Galx-(1-3)]?-D-Galx2NAc,3.3433349878638614,1.1022370763779703,1.7621549522519817,1.0974824760009363,2.146243469309685,1.6808247262972702,2.7524943881418578,1.1223385772286163,1.946184639171876,1.1453932569097196,2.1589571834911085,2.03998735060502,3.4483273038276647,1.1073315620494035,1.7472119853891792,1.145039994286893,2.2619462549242595,2.2561801668885506,3.74884056326846,1.1520695277624369,2.088943349352146,1.7076664145526856,2.5185125523020853,1.978351985662084
a-D-Galx2NAc-(1-3)-[a-L-Fucx-(1-2)]?-D-Galx-(1-?)-b-D-Glcx2NAc-(1-6)-[a-L-Fucx-(1-2)-b-D-Galx-(1-3)]?-D-Galx2NAc,3.4683956866466943,0.8343576352065281,3.1906729789964188,0.829603034829494,3.5621256675230324,3.0443716033548878,2.4098317386482577,0.854459136057174,3.053917759179957,0.8775138157382771,3.893032513248665,2.913398723569435,3.5586892745347516,0.8394521208779612,3.0766648523983746,0.8771605531154506,3.864024877547596,4.125374354970515,3.9746425268744763,0.8841900865909944,3.0572157301652343,1.4397869733812432,5.028559238582516,2.8358207754709657
?-D-Galx-(1-?)-?-D-Glcx2NAc-(1-?)-[?-L-Fucx-(1-?)]?-D-Galx-(1-?)-b-D-Glcx2NAc-(1-6)-[b-D-Galx-(1-3)]?-D-Galx2NAc,1.9253606022194567,1.6570262148469437,2.1463595702367915,1.7879127199187803,1.5509346146546386,1.3991773220442354,1.1911591437330418,2.147084619240589,1.852263900830989,1.0024899470472557,1.5604264167892223,1.0728403932936708,2.100723517669985,1.6609847661491883,2.0239897249448706,1.4317899626893604,1.7929130086030665,1.364412701252309,1.6366871230674085,0.999974473165254,1.7455709923714284,1.9791884783368727,1.67566225494686,1.1163479326376928
a-D-Galx-(1-3)-[a-L-Fucx-(1-2)]?-D-Galx-(1-?)-b-D-Glcx2NAc-(1-6)-[a-L-Fucx-(1-2)-b-D-Galx-(1-3)]?-D-Galx2NAc,3.4758240946006307,0.8036383235143272,0.8036383235143272,0.8036383235143272,0.8036383235143272,0.8036383235143272,2.094878223146225,0.8036383235143272,0.8036383235143272,0.8036383235143272,0.8036383235143272,0.8036383235143272,3.6007357975183525,0.8036383235143272,0.8036383235143272,0.8036383235143272,0.8036383235143272,0.8036383235143272,4.275888781667275,0.8036383235143272,0.8036383235143272,0.8036383235143272,0.8036383235143272,0.8036383235143272
a-L-Fucx-(1-4)-[a-D-Neux5Ac-(2-3)-b-D-Galx-(1-3)]b-D-Glcx2NAc-(1-6)-[a-D-Neux5Ac-(2-3)-b-D-Galx-(1-3)]?-D-Galx2NAc,0.9467708034029828,0.5553407169783299,0.4071745776728877,0.5248772803282563,1.2709034842020006,0.5846140706503871,1.8125357894856344,0.5844771615276256,0.7856796168823051,2.39662544988388,1.136865058812127,1.1976046656861827,0.7647628253449189,0.616626854451316,0.5631858575176032,1.6396257432412311,0.7202878202542298,0.6011734432085725,0.5262535236575561,1.0690366107425455,0.9446898007885604,1.1657185694534702,0.3903185485591695,1.1251214721263
a-D-Neux5Ac-(2-3)-?-D-Galx-(1-?)-[?-L-Fucx-(1-?)]?-D-Glcx2NAc-(1-?)-b-D-Galx-(1-4)-b-D-Glcx2NAc-(1-6)-[b-D-Galx-(1-3)]?-D-Galx2NAc,2.0855941728442646,1.5783115323190258,1.7659151392855368,1.6977931938526143,2.650554128622721,1.665139382599125,4.594699690320882,1.8632287476629488,1.909043914067061,2.809983507304861,2.117583970540517,2.0786392824187137,1.8225931868393344,1.7521983358361513,1.8491413189392016,2.967244750300314,1.9290967268046488,1.5897259074493697,1.6537756521914906,2.063529500801422,1.885728418554239,3.1537285992005244,1.4091278717235225,2.074437946025636
?-D-Glcx2NAc-(1-?)-b-D-Galx-(1-4)-b-D-Glcx2NAc-(1-6)-[?-D-Galx-(1-?)-[?-L-Fucx-(1-?)]b-D-Glcx2NAc-(1-3)-b-D-Galx-(1-3)]?-D-Galx2NAc,5.442797106981882,3.7013659788538886,4.6456733987567365,3.2459283513987285,5.0692669634207945,4.351020585646757,3.9239640742661326,3.658489009518476,5.1350997927784565,3.008400764339331,4.4722850884893495,4.511194090157269,5.086719918649335,4.211561416109713,4.645521510762915,3.564479082342344,4.829968042875492,4.496541891847462,3.469747664130636,3.0208831641583536,3.701224650812972,5.2099150238108365,3.032879229499588,4.243505540540858
b-D-Glcx2NAc-(1-6)-[?-D-Galx-(1-?)-b-D-Glcx2NAc-(1-6)-[?-D-Galx-(1-?)-[?-L-Fucx-(1-?)]b-D-Glcx2NAc-(1-3)]b-D-Galx-(1-3)]?-D-Galx2NAc,10.13020371757609,6.315524170747496,7.760960844906437,6.012958348591403,8.145477005294465,7.277688894529834,5.804518747562582,6.362647909776765,8.687372302293536,5.692410716016598,7.294425518119517,7.8591215115948465,11.014726664592605,7.115634118496794,7.679742327752148,6.200942389050031,8.141755128735667,7.592649516618103,8.562220625229939,5.682488464877068,7.051946166326637,8.922551365834885,5.9512959419756735,7.454342340592617
a-D-Glcx2NAc-(1-4)-?-D-Galx-(1-?)-b-D-Glcx2NAc-(1-6)-[b-D-Glcx2NAc-(1-6)-[?-D-Galx-(1-?)-b-D-Glcx2NAc-(1-3)]b-D-Galx-(1-3)]?-D-Galx2NAc,5.13774500575964,3.4217217394610397,4.144293594114233,2.8950905211776714,4.8554129446986485,4.122473218027926,2.9154950046965773,3.220721125353881,5.0082278343679985,2.3921482296583942,4.349325377843165,4.464691461999206,4.757123768603817,3.964630379373752,4.172461208952924,3.420956658234365,4.535082147226882,4.404067983556029,2.8784216638601365,2.6698477088558343,3.2158761353115684,4.212574299249488,2.5631355628556944,3.9179165132728415
?-D-Galx-(1-?)-b-D-Glcx2NAc-(1-6)-[?-D-Galx-(1-?)-b-D-Glcx2NAc-(1-6)-[?-D-Galx-(1-?)-b-D-Glcx2NAc-(1-3)]b-D-Galx-(1-3)]?-D-Galx2NAc,7.451729444710278,5.9663981362919865,6.643552000898203,5.896419904129473,7.319758144423425,6.785675471719912,5.474464488348105,6.494971096625202,6.634470273911246,5.545976867743162,6.241863553448784,7.5122650339236285,7.090305593173517,6.650992471386948,6.706494962930022,6.511253972536387,7.00084184460504,6.652491320451535,5.50415167365167,5.976749071452304,5.7703762564460055,7.251833485128595,4.170936344029219,7.259464570537792
?-D-Galx-(1-?)-[?-L-Fucx-(1-?)]?-D-Glcx2NAc-(1-?)-?-D-Galx-(1-?)-[?-L-Fucx-(1-?)]b-D-Glcx2NAc-(1-6)-[b-D-Galx-(1-3)]?-D-Galx2NAc,2.158146524432542,1.3064278046735076,1.3923437837861488,1.3943063852831248,2.2699832971152447,1.4351515236614047,3.856311915288891,1.5099394279943366,1.629280620052103,2.4257129097590178,1.7396564782966106,1.854585467665256,1.9790303353268093,1.4639849330255157,1.5118036408043731,2.621981096484318,1.6320207411490677,1.4426191273552789,2.229081198287584,1.7184803070410646,1.700913355668459,2.654140508138826,1.3920619866996393,1.821300310653153
b-D-Glcx2NAc-(1-6)-[?-L-Fucx-(1-?)-b-D-Glcx2NAc-(1-6)-[?-D-Galx-(1-?)-[?-L-Fucx-(1-?)]b-D-Glcx2NAc-(1-3)]b-D-Galx-(1-3)]?-D-Galx2NAc,7.961513294814664,4.5884723317750975,6.022350695758416,4.480664869182627,5.793681322669919,5.202804187290177,4.1787855862043,4.504254024205878,6.497617660619098,4.08468267018129,4.892573157078774,5.129768832560327,9.071208643255837,5.069381647303596,5.797889972372893,4.195001771472423,5.979244311164101,5.448727212412778,7.1613965448666645,3.8235472664073247,5.533341972136546,7.076068019046367,4.851812148796904,4.963406796743109
?-D-Galx-(1-?)-b-D-Glcx2NAc-(1-6)-[?-L-Fucx-(1-?)-b-D-Glcx2NAc-(1-6)-[?-L-Fucx-(1-?)-b-D-Glcx2NAc-(1-3)]b-D-Galx-(1-3)]?-D-Galx2NAc,2.2289917950425453,1.372027725170306,1.4506713842463559,1.2327887809731823,1.6326949853249926,1.444993909015272,1.102801365983967,1.0653034417148994,1.3993610545540416,0.9340391698731514,1.176965486853227,1.345582964653481,2.2701715120268937,1.5560423274887727,1.4398022371625174,1.1807927955021131,1.6033701302425316,1.4243162381726917,1.5490665363221905,0.9238584020186148,1.2013052260492159,1.6122104247880529,0.9821367442488428,1.2858975661911036
?-D-Galx-(1-?)-[?-L-Fucx-(1-?)]b-D-Glcx2NAc-(1-6)-[a-L-Fucx-(1-2)-b-D-Galx-(1-4)-b-D-Glcx2NAc-(1-6)-b-D-Galx-(1-3)]?-D-Galx2NAc,2.9625799317518413,2.8724408901046368,4.728931697119104,3.3861614459657314,3.6823572860136764,3.709220793603428,3.5125263316707094,3.7109875033837416,3.7528136473912825,3.0573825240085797,3.084133817174864,3.1853268442804383,2.925294963957996,2.6860012152265798,4.382458619922629,2.6513073930497395,3.8058028253768073,3.9777577275059337,2.7747461367258754,2.82971959662914,3.7526435937594016,3.480864119004371,2.7699261861697053,3.3902448890198262
?-D-Galx-(1-?)-b-D-Glcx2NAc-(1-6)-[b-D-Glcx2NAc-(1-6)-[a-L-Fucx-(1-2)-b-D-Galx-(1-4)-b-D-Glcx2NAc-(1-3)]b-D-Galx-(1-3)]?-D-Galx2NAc,5.017199264636295,4.637128553678501,5.762320259069799,5.0506457484691545,5.179676640476581,5.0723610972379145,4.548408625665621,5.583102267739832,5.21864170617979,4.5614543695769605,4.354184100176853,4.470912856350664,4.858163213984693,4.823006474267803,5.388450065070965,4.502035603078291,5.199253095708193,4.982081473981071,4.159255539741593,4.529268974999977,4.867251648423974,6.2208054379121895,3.4236938679149755,4.3734218582313495
?-D-Galx-(1-?)-[?-L-Fucx-(1-?)]b-D-Glcx2NAc-(1-6)-[b-D-Glcx2NAc-(1-6)-[b-D-Galx-(1-4)-b-D-Glcx2NAc-(1-3)]b-D-Galx-(1-3)]?-D-Galx2NAc,4.324723645213426,3.903934688590194,4.610739490623104,4.361315050981208,3.8149185505564045,3.7942279356567634,3.694511575798847,4.324173618097003,3.649100395790424,3.636731614133665,3.1585951890207715,3.1303205816535047,4.466888684307147,3.8391281572518894,4.243184539900764,3.3554695461991777,3.8800547648557537,3.7065152925536697,3.770711838255085,3.3956461998766807,3.814052884415169,4.602687636863928,2.796012578864824,3.1362347741838765
?-D-Galx-(1-?)-[?-L-Fucx-(1-?)]b-D-Glcx2NAc-(1-6)-[?-D-Galx-(1-?)-[?-L-Fucx-(1-?)]b-D-Glcx2NAc-(1-6)-b-D-Galx-(1-3)]?-D-Galx2NAc,3.693843163505523,2.230402118778585,2.178898033820844,2.1283269107914307,2.1745960264308253,2.1592199275902333,2.0061643611910074,1.6957220604664516,2.059571167988998,1.8523253290654549,1.817758814062115,1.6854452666308497,4.227835219380545,2.4297296617556157,2.3068331399759434,1.80628720611002,2.276434713222746,1.936412416724672,3.1677516359176567,1.5974326614581442,2.0109959838601923,3.3781164399090304,1.8938938015718,1.6784115692157409
?-D-Galx-(1-?)-b-D-Glcx2NAc-(1-3)-?-D-Galx-(1-?)-[?-L-Fucx-(1-?)]b-D-Glcx2NAc-(1-6)-[a-L-Fucx-(1-2)-b-D-Galx-(1-3)]?-D-Galx2NAc,1.938735989145972,1.524675073879951,1.942245800946208,1.8598641738744155,1.9136722073574584,1.1764833708253717,1.7516126603646167,1.9716931177356345,1.7496137023015397,1.8441212635580968,1.5013330559137854,1.0281837469947144,1.8360286427007173,1.4480475627158529,1.9630771417620223,2.3233927610540848,1.631459563582614,1.1849272415779493,2.3037038162356014,1.3750168659432138,2.001444521481204,2.3098680914783385,1.7914893119997757,1.1479194718660557
?-L-Fucx-(1-?)-?-D-Galx-(1-?)-b-D-Glcx2NAc-(1-6)-[?-L-Fucx-(1-?)-?-D-Galx-(1-?)-b-D-Glcx2NAc-(1-3)-b-D-Galx-(1-3)]?-D-Galx2NAc,1.514107931216102,2.1776383304528624,1.8625212362613988,2.1082256835075155,1.4916557930477383,2.4967475874388025,1.305075927264173,2.0653340464872443,1.399223794598515,1.4227079058572043,1.4780974596515148,1.2841974596275023,1.4536907193703847,2.213941318666664,1.8896631446498449,1.9192891761787358,1.545560421212083,2.2335670811494905,1.088229422501972,1.5462207723396464,1.3785629661905892,1.5086870317645515,1.3125927331422793,1.2722404304150172
?-L-Fucx-(1-?)-?-D-Galx-(1-?)-b-D-Glcx2NAc-(1-6)-[?-D-Galx-(1-?)-b-D-Glcx2NAc-(1-6)-[b-D-Glcx2NAc-(1-3)]b-D-Galx-(1-3)]?-D-Galx2NAc,1.2512818212254984,1.295928644009277,1.8166892477834533,1.5870159836832851,1.9276693538137777,2.0115357430686727,1.3738851502992009,1.9127009089595672,1.5253797661796191,1.6056979276358605,1.5572448925358149,1.6997972701527446,1.2202702644204748,1.4672026808314709,1.7459439497724898,1.8706388452553413,1.8177583763788303,1.8403006624699696,1.0466340764853377,1.61184774936243,1.4317404086453474,1.4617099799258462,0.9618890600115636,1.5354160458996269
a-D-Galx2NAc-(1-3)-[a-L-Fucx-(1-2)]?-D-Galx-(1-?)-b-D-Glcx2NAc-(1-6)-[a-D-Galx2NAc-(1-3)-[a-L-Fucx-(1-2)]b-D-Galx-(1-3)]?-D-Galx2NAc,1.5900123787823537,0.5664781940350857,1.2263960699090966,0.5617235936580517,1.6104845869668007,1.1450658439543853,1.3496113236472564,0.5865796948857316,1.4104257568289909,0.6096343745668347,1.6231983011482236,1.5042284682621347,1.668061606654324,0.5715726797065188,1.2114531030462945,0.6092811119440082,1.7261873725813743,1.720421284545666,1.8174991979381705,0.6163106454195519,1.5531844670092607,1.1719075322098007,1.9827536699592,1.4425931033191983
a-L-Fucx-(1-2)-?-D-Galx-(1-?)-[?-L-Fucx-(1-?)]b-D-Glcx2NAc-(1-6)-[a-D-Galx2NAc-(1-3)-[a-L-Fucx-(1-2)]b-D-Galx-(1-3)]?-D-Galx2NAc,1.191797107790852,0.5664781940350857,0.5716534264286289,0.5617235936580517,0.8282857592063073,0.5843664538107208,1.5736401573692358,0.5865796948857316,0.6286753721412979,0.6096343745668347,0.7816709319961173,0.7070625749271113,1.0468514893984209,0.5715726797065188,0.5891837005347795,0.6092811119440082,0.8700352146712635,0.7328961359452568,1.3042676689330357,0.6163106454195519,0.6808175944450611,1.1719075322098007,0.9114437664303034,0.6694555102374979
a-D-Galx-(1-3)-[a-L-Fucx-(1-2)]?-D-Galx-(1-?)-b-D-Glcx2NAc-(1-6)-[a-D-Galx2NAc-(1-3)-[a-L-Fucx-(1-2)]b-D-Galx-(1-3)]?-D-Galx2NAc,1.7533226090815075,0.5357588823428848,0.5357588823428848,0.5357588823428848,0.5357588823428848,0.5357588823428848,1.4028830644946009,0.5357588823428848,0.5357588823428848,0.5357588823428848,0.5357588823428848,0.5357588823428848,1.7802656971733413,0.5357588823428848,0.5357588823428848,0.5357588823428848,0.5357588823428848,0.5357588823428848,1.931341365330289,0.5357588823428848,0.5357588823428848,0.5357588823428848,0.5357588823428848,0.5357588823428848
a-D-Glcx2NAc-(1-4)-?-D-Galx-(1-?)-b-D-Glcx2NAc-(1-3)-b-D-Galx-(1-4)-b-D-Glcx2NAc-(1-6)-[a-D-Glcx2NAc-(1-4)-b-D-Galx-(1-3)]?-D-Galx2NAc,0.912750604509984,0.5389046840319163,0.7705761892971605,0.4490861105249629,1.0021579160883136,0.7630350280674391,0.43035960633280895,0.7632939774163194,1.051251947240426,0.4338715564215288,0.9346156447318876,0.5328005458083923,0.6490122054026694,0.6307382167445166,0.7881629949163498,0.7762533653614243,0.8127438466676847,0.7625173623658392,0.5320416405876234,0.5563244656808715,0.5914254104503085,0.9081631381936291,0.5453903186623168,0.5515507423707737
?-D-Galx-(1-?)-b-D-Glcx2NAc-(1-6)-[?-D-Galx-(1-?)-b-D-Glcx2NAc-(1-6)-[?-D-Galx-(1-?)-[?-L-Fucx-(1-?)]b-D-Glcx2NAc-(1-3)]b-D-Galx-(1-3)]?-D-Galx2NAc,6.62667401284652,4.471107289313009,4.639952917640733,3.9978710413551415,5.617185653274534,4.964872525270201,3.8313358933262176,3.9890007690006857,4.988476750782523,3.4758063855816115,4.755783334747198,5.420518608341482,6.483861045390557,5.15833712617074,4.761456829704295,4.3675262085818325,5.36925107805663,4.992554780550706,4.498957153007652,3.7066580025069733,3.921214646288522,5.070904196364624,3.063757281676456,5.062730676231717
a-D-Glcx2NAc-(1-4)-?-D-Galx-(1-?)-b-D-Glcx2NAc-(1-6)-[?-D-Galx-(1-?)-b-D-Glcx2NAc-(1-6)-[?-D-Galx-(1-?)-b-D-Glcx2NAc-(1-3)]b-D-Galx-(1-3)]?-D-Galx2NAc,2.354222529313538,1.54112898476577,1.840541031480748,1.28890571548949,2.1927010806245635,1.8620983253424188,1.2920001412871949,1.405680500720072,2.1395164468911374,1.0409514636996753,1.9297710101151573,2.0233250006588523,2.1688148796066065,1.791577456130014,1.8578447551994173,1.5428675394930593,2.0388209607992542,1.981280685212324,1.2779257969761253,1.162361323851345,1.4325985801490797,1.7262773069262252,1.1076210766556625,1.7756855699426517
a-D-Neux5Ac-(2-3)-?-D-Galx-(1-?)-[?-L-Fucx-(1-?)]?-D-Glcx2NAc-(1-?)-?-D-Galx-(1-?)-[?-L-Fucx-(1-?)]b-D-Glcx2NAc-(1-6)-[b-D-Galx-(1-3)]?-D-Galx2NAc,1.4160831491366899,0.9976567303002358,0.9678386168347342,1.0957076324194814,1.851579080461489,1.0982292660869637,3.464274245101852,1.1423665249171244,1.0989431901743003,2.0874779172940685,1.3777071163113068,1.5024620099921728,1.2121028982813042,1.1466641128313395,1.051064796488399,2.305619011208789,1.2456090925417862,1.0895905179168015,0.9794788395216121,1.3787088047788627,1.2069276354828338,1.8103018118382828,0.9059239736585698,1.4582409387199515
b-D-Glcx2NAc-(1-6)-[?-D-Galx-(1-?)-[?-L-Fucx-(1-?)]b-D-Glcx2NAc-(1-6)-[?-D-Galx-(1-?)-[?-L-Fucx-(1-?)]b-D-Glcx2NAc-(1-3)]b-D-Galx-(1-3)]?-D-Galx2NAc,3.980756647407332,2.2942361658875496,3.011175347879208,2.2403324345913136,2.8968406613349584,2.6014020936450883,2.08939279310215,2.252127012102939,3.248808830309549,2.042341335090645,2.446286578539387,2.5648844162801634,4.535604321627917,2.5346908236517987,2.8989449861864456,2.097500885736212,2.9896221555820506,2.7243636062063894,3.5806982724333323,1.9117736332036623,2.766670986068273,3.5380340095231837,2.425906074398452,2.4817033983715544
?-D-Galx-(1-?)-b-D-Glcx2NAc-(1-6)-[?-L-Fucx-(1-?)-b-D-Glcx2NAc-(1-6)-[?-D-Galx-(1-?)-[?-L-Fucx-(1-?)]b-D-Glcx2NAc-(1-3)]b-D-Galx-(1-3)]?-D-Galx2NAc,4.457983590085091,2.7440554503406123,2.9013427684927118,2.4655775619463647,3.265389970649985,2.8899878180305443,2.205602731967934,2.130606883429799,2.798722109108083,1.8680783397463028,2.3539309737064547,2.691165929306962,4.540343024053787,3.1120846549775454,2.8796044743250357,2.3615855910042263,3.206740260485063,2.8486324763453834,3.098133072644381,1.8477168040372287,2.4026104520984317,3.2244208495761058,1.9642734884976856,2.5717951323822072
a-D-Glcx2NAc-(1-4)-?-D-Galx-(1-?)-b-D-Glcx2NAc-(1-6)-[?-L-Fucx-(1-?)-b-D-Glcx2NAc-(1-6)-[?-L-Fucx-(1-?)-b-D-Glcx2NAc-(1-3)]b-D-Galx-(1-3)]?-D-Galx2NAc,1.1636318558260377,0.7223411053418056,0.8413879031019332,0.6112722578797226,1.0174284292044966,0.8475268544497669,0.5952387272161601,0.6247706637725476,0.8778490172059749,0.510424904224888,0.7077521601505629,0.9172877326388555,1.1167337324880329,0.8455391358903963,0.8407291621559916,0.6947719983416728,0.9732162702975252,0.9021823779276468,0.7216013312952537,0.5069553798091233,0.691124442958536,0.9173589452725536,0.5300223399419123,0.8487594403678091
?-D-Galx-(1-?)-b-D-Glcx2NAc-(1-6)-[b-D-Galx-(1-4)-b-D-Glcx2NAc-(1-6)-[a-L-Fucx-(1-2)-b-D-Galx-(1-4)-b-D-Glcx2NAc-(1-3)]b-D-Galx-(1-3)]?-D-Galx2NAc,4.587899317503731,4.297664783749,5.2991087279170594,4.733366658270462,4.709665857027062,4.6740845298948255,4.216913903543433,5.173742143826095,4.4894467655940655,4.251209067317916,3.8644007425640017,4.052871395669163,4.438669204594089,4.44153100715408,4.931678366516877,4.166814023830043,4.741812870079818,4.540574860849689,3.8366854698337054,4.1841439138468335,4.516572673410564,5.460785752515154,3.0758004583706056,4.0068764848438105
?-D-Galx-(1-?)-[?-L-Fucx-(1-?)]b-D-Glcx2NAc-(1-6)-[b-D-Galx-(1-4)-b-D-Glcx2NAc-(1-6)-[b-D-Galx-(1-4)-b-D-Glcx2NAc-(1-3)]b-D-Galx-(1-3)]?-D-Galx2NAc,2.162361822606713,1.9519673442950976,2.305369745311552,2.180657525490604,1.9074592752782027,1.8971139678283813,1.8472557878994242,2.162086809048501,1.824550197895212,1.8183658070668325,1.5792975945103855,1.5651602908267523,2.2334443421535735,1.9195640786259447,2.1215922699503817,1.6777347730995888,1.9400273824278769,1.8532576462768349,1.8853559191275424,1.6978230999383404,1.9070264422075844,2.301343818431964,1.398006289432412,1.5681173870919385
?-D-Galx-(1-?)-[?-L-Fucx-(1-?)]b-D-Glcx2NAc-(1-6)-[?-L-Fucx-(1-?)-b-D-Glcx2NAc-(1-6)-[?-L-Fucx-(1-?)-b-D-Glcx2NAc-(1-3)]b-D-Galx-(1-3)]?-D-Galx2NAc,1.0653599392165076,0.6496866198285004,0.6092834811444227,0.6215165230934596,0.6152665561204959,0.5974670545655051,0.5075626387678068,0.4405327779423518,0.5215120373480667,0.4236142656482635,0.4692133267026644,0.4282952320146253,1.1534377795388608,0.7105031915983763,0.5990730750065257,0.4860207971604402,0.6301538599450065,0.5221338602450447,0.8274652050269367,0.4169030222094913,0.5101807830906798,0.6948514795154994,0.4521144043069306,0.4371381258232945
?-D-Galx-(1-?)-[?-L-Fucx-(1-?)]b-D-Glcx2NAc-(1-3)-?-D-Galx-(1-?)-[?-L-Fucx-(1-?)]b-D-Glcx2NAc-(1-6)-[a-L-Fucx-(1-2)-b-D-Galx-(1-3)]?-D-Galx2NAc,1.1637960185402614,0.5808311292120532,0.7171695575082799,0.6486022161749677,1.1292316743776731,0.6414641426774601,1.363934695973796,0.7011871379031328,0.892564044647816,1.306365573552586,0.7518268223702224,0.7109881042690374,1.0817518290922383,0.6136936584198232,0.7975737261767626,1.4605835440550714,0.7356507559176596,0.6338975313604224,1.5547920289750463,0.8615321941528007,0.9549489049044144,1.5603618579347749,0.7843383663848091,0.8031058892255205
?-D-Glcx2NAc-(1-?)-?-D-Galx-(1-?)-b-D-Glcx2NAc-(1-6)-[b-D-Glcx2NAc-(1-6)-[?-L-Fucx-(1-?)-?-D-Galx-(1-?)-b-D-Glcx2NAc-(1-3)]b-D-Galx-(1-3)]?-D-Galx2NAc,0.42929994713256336,0.3394637699295002,0.4632115311527378,0.31727909019869105,0.4700107834495196,0.3982765673430879,0.3314947221221877,0.40936012391373744,0.7291949405857242,0.310245302259044,0.4897833576128504,0.4180414606815012,0.4194940093906038,0.3814754671137235,0.456771698554089,0.3352215792482461,0.4574402256283752,0.4415066131313827,0.32257006990788617,0.3451250611531441,0.3506789750134095,0.7600196853970379,0.3478934095443694,0.36654537338753795
?-D-Galx-(1-?)-[?-L-Fucx-(1-?)]b-D-Glcx2NAc-(1-6)-[?-D-Galx2NAc-(1-?)-[?-L-Fucx-(1-?)]?-D-Galx-(1-?)-?-D-Glcx2NAc-(1-?)-b-D-Galx-(1-3)]?-D-Galx2NAc,0.7685761649714291,0.2678794411714424,1.336759168784846,0.2678794411714424,1.0979718476982638,1.1099269670776752,0.8331400334074756,0.2678794411714424,1.1467373262969918,0.2678794411714424,0.8639652815594211,0.9115967266561844,0.7652818387285706,0.2678794411714424,1.337420230034918,0.2678794411714424,1.186055780411066,1.3155101554423534,0.6589647085246642,0.2678794411714424,0.9589522755255924,0.2678794411714424,0.8781424159187431,1.1282863664825389
a-D-Galx2NAc-(1-3)-[a-L-Fucx-(1-2)]?-D-Galx-(1-?)-[?-L-Fucx-(1-?)]b-D-Glcx2NAc-(1-6)-[a-D-Galx2NAc-(1-3)-[a-L-Fucx-(1-2)]b-D-Galx-(1-3)]?-D-Galx2NAc,0.4951153658775501,0.2985987528636433,0.3037739852571865,0.2938441524866093,0.5604063180348648,0.3164870126392784,0.5473941329576066,0.31870025371428923,0.3607959309698555,0.3417549333953923,0.5137914908246749,0.4391831337556689,0.4375680082539983,0.30369323853507635,0.3213042593633372,0.3414016707725658,0.6021557734998211,0.4650166947738144,0.5219472480801955,0.3484312042481095,0.4129381532736185,0.9040280910383584,0.643564325258861,0.4015760690660556
?-D-Galx-(1-?)-?-D-Glcx2NAc-(1-?)-[?-L-Fucx-(1-?)]?-D-Galx-(1-?)-[?-L-Fucx-(1-?)]b-D-Glcx2NAc-(1-6)-[?-L-Fucx-(1-?)-b-D-Galx-(1-3)]?-D-Galx2NAc,0.7749399706057105,0.9438439446678978,1.2250762434379279,1.2112619576994477,0.7844405329797853,0.5350192281479114,0.387677964390821,1.2705059798325016,0.8570496576537233,0.5377556900055109,0.7495062335435632,0.3171956427256768,0.7542768136084795,0.8343539042960294,1.16550341558526,0.8628092169990138,0.8958088076649545,0.5510297102175268,0.7489117872605551,0.5134846717904131,1.0464956165767896,0.7495062335435632,1.0071509456149668,0.34481358264053497
a-D-Galx-(1-3)-[a-L-Fucx-(1-2)]?-D-Galx-(1-?)-[?-L-Fucx-(1-?)]b-D-Glcx2NAc-(1-6)-[a-D-Galx2NAc-(1-3)-[a-L-Fucx-(1-2)]b-D-Galx-(1-3)]?-D-Galx2NAc,0.6966817419133019,0.2678794411714424,0.2678794411714424,0.2678794411714424,0.2678794411714424,0.2678794411714424,1.0262460244116292,0.2678794411714424,0.2678794411714424,0.2678794411714424,0.2678794411714424,0.2678794411714424,0.6092834811444227,0.2678794411714424,0.2678794411714424,0.2678794411714424,0.2678794411714424,0.2678794411714424,0.7823204208528399,0.2678794411714424,0.2678794411714424,0.2678794411714424,0.2678794411714424,0.2678794411714424
a-D-Glcx2NAc-(1-4)-?-D-Galx-(1-?)-b-D-Glcx2NAc-(1-6)-[?-D-Galx-(1-?)-b-D-Glcx2NAc-(1-6)-[?-D-Galx-(1-?)-[?-L-Fucx-(1-?)]b-D-Glcx2NAc-(1-3)]b-D-Galx-(1-3)]?-D-Galx2NAc,3.517854385139576,2.2634700901075755,2.6819289345826807,1.9001779733692128,3.21012950982906,2.7096251797921846,1.887238868503355,2.03045116449262,3.017365464097112,1.5513763679245631,2.63752317026572,2.940612733297708,3.28554861209464,2.6371165920204103,2.698573917355409,2.237639537834732,3.0120372310967785,2.8834630631399705,1.9995271282713791,1.6693167036604684,2.1237230231076154,2.643636252198778,1.6376434165975748,2.6244450103104606
a-D-Neux5Ac-(2-3)-?-D-Galx-(1-?)-[?-L-Fucx-(1-?)]?-D-Glcx2NAc-(1-?)-?-D-Galx-(1-?)-[?-L-Fucx-(1-?)]b-D-Glcx2NAc-(1-6)-[a-D-Neux5Ac-(2-3)-b-D-Galx-(1-3)]?-D-Galx2NAc,0.9943505058922814,0.7255966754614543,0.6751742262778687,0.745704169108157,1.1407516227375716,0.7936873809839444,2.492377219315096,0.8087522900912039,0.7367165754042873,1.1193473362064317,0.9878296559263886,1.1435973633962182,0.8972785062345712,0.8502912746056925,0.7142299146276103,1.1613975524292468,0.896369985231408,0.8087215959948564,0.6742891693125378,0.8569481128882637,0.7459644507640446,1.0937786502040507,0.6077236203148302,1.0181944214276326
?-D-Galx-(1-?)-b-D-Glcx2NAc-(1-6)-[?-D-Galx-(1-?)-[?-L-Fucx-(1-?)]b-D-Glcx2NAc-(1-6)-[?-D-Galx-(1-?)-[?-L-Fucx-(1-?)]b-D-Glcx2NAc-(1-3)]b-D-Galx-(1-3)]?-D-Galx2NAc,2.2289917950425453,1.372027725170306,1.4506713842463559,1.2327887809731823,1.6326949853249926,1.444993909015272,1.102801365983967,1.0653034417148994,1.3993610545540416,0.9340391698731514,1.176965486853227,1.345582964653481,2.2701715120268937,1.5560423274887727,1.4398022371625174,1.1807927955021131,1.6033701302425316,1.4243162381726917,1.5490665363221905,0.9238584020186148,1.2013052260492159,1.6122104247880529,0.9821367442488428,1.2858975661911036
a-D-Glcx2NAc-(1-4)-?-D-Galx-(1-?)-b-D-Glcx2NAc-(1-6)-[?-L-Fucx-(1-?)-b-D-Glcx2NAc-(1-6)-[?-D-Galx-(1-?)-[?-L-Fucx-(1-?)]b-D-Glcx2NAc-(1-3)]b-D-Galx-(1-3)]?-D-Galx2NAc,2.3272637116520762,1.4446822106836112,1.6827758062038665,1.2225445157594452,2.034856858408993,1.695053708899534,1.1904774544323202,1.2495413275450953,1.7556980344119495,1.020849808449776,1.4155043203011255,1.8345754652777109,2.2334674649760657,1.6910782717807926,1.6814583243119832,1.3895439966833456,1.9464325405950504,1.8043647558552933,1.4432026625905074,1.0139107596182466,1.382248885917072,1.8347178905451071,1.0600446798838246,1.6975188807356183
?-D-Galx-(1-?)-b-D-Glcx2NAc-(1-6)-[a-L-Fucx-(1-2)-b-D-Galx-(1-4)-b-D-Glcx2NAc-(1-6)-[a-L-Fucx-(1-2)-b-D-Galx-(1-4)-b-D-Glcx2NAc-(1-3)]b-D-Galx-(1-3)]?-D-Galx2NAc,1.9811292034454908,1.8248502308721808,2.195382052012667,1.9699293332144103,1.872915590060086,1.8341583291802448,1.7649856641969162,2.1086958446731563,1.8633784412521281,1.7241800517499928,1.542889148148047,1.6014863802963952,1.914267036191926,1.8539648333691725,2.0293531958153164,1.6157473006011864,1.916466840945202,1.810212264807352,1.6566842157955188,1.6891100195828086,1.9003512345439453,2.3649653812761158,1.2974279641824122,1.6195842309469988
?-D-Galx-(1-?)-[?-L-Fucx-(1-?)]b-D-Glcx2NAc-(1-6)-[b-D-Galx-(1-4)-b-D-Glcx2NAc-(1-6)-[a-L-Fucx-(1-2)-b-D-Galx-(1-4)-b-D-Glcx2NAc-(1-3)]b-D-Galx-(1-3)]?-D-Galx2NAc,2.1940037667804115,2.6045614489331945,3.392172528334257,3.1182820047942883,2.584385438315413,2.5992938265257526,2.6793862982632337,3.4431080622123,2.6060763210942905,2.789503082837137,2.2201685356154424,2.273730117624254,2.160013125229425,2.4181217740551366,3.0450383898877127,2.3834279518782973,2.6197470449657407,2.6622475720635803,2.1157814282012115,2.561840155457698,2.793691318233809,3.212984677832929,1.8917837702509623,2.261958522537287
?-D-Galx-(1-?)-[?-L-Fucx-(1-?)]b-D-Glcx2NAc-(1-6)-[?-D-Galx-(1-?)-b-D-Glcx2NAc-(1-6)-[?-D-Galx-(1-?)-[?-L-Fucx-(1-?)]b-D-Glcx2NAc-(1-3)]b-D-Galx-(1-3)]?-D-Galx2NAc,2.1307198784330152,1.2993732396570008,1.218566962288845,1.2430330461869192,1.2305331122409915,1.1949341091310102,1.0151252775356137,0.8810655558847036,1.0430240746961337,0.847228531296527,0.9384266534053288,0.8565904640292507,2.3068755590777217,1.4210063831967523,1.1981461500130517,0.9720415943208804,1.260307719890013,1.0442677204900894,1.654930410053873,0.8338060444189827,1.0203615661813596,1.3897029590309988,0.9042288086138612,0.8742762516465891
?-D-Galx-(1-?)-[?-L-Fucx-(1-?)]b-D-Glcx2NAc-(1-6)-[?-L-Fucx-(1-?)-b-D-Glcx2NAc-(1-6)-[?-D-Galx-(1-?)-[?-L-Fucx-(1-?)]b-D-Glcx2NAc-(1-3)]b-D-Galx-(1-3)]?-D-Galx2NAc,2.1307198784330152,1.2993732396570008,1.218566962288845,1.2430330461869192,1.2305331122409915,1.1949341091310102,1.0151252775356137,0.8810655558847036,1.0430240746961337,0.847228531296527,0.9384266534053288,0.8565904640292507,2.3068755590777217,1.4210063831967523,1.1981461500130517,0.9720415943208804,1.260307719890013,1.0442677204900894,1.654930410053873,0.8338060444189827,1.0203615661813596,1.3897029590309988,0.9042288086138612,0.8742762516465891
a-D-Neux5Ac-(2-3)-?-D-Galx-(1-?)-[?-L-Fucx-(1-?)]b-D-Glcx2NAc-(1-3)-?-D-Galx-(1-?)-[?-L-Fucx-(1-?)]b-D-Glcx2NAc-(1-6)-[a-L-Fucx-(1-2)-b-D-Galx-(1-3)]?-D-Galx2NAc,0.4217326432444085,0.2720600548387815,0.29266439055686544,0.3500034633113244,0.7108274577239172,0.30454188510301883,0.9718970257867569,0.3336142348259207,0.3622266147700132,0.9681305810876368,0.3898774603849181,0.3588646465959545,0.3148243920467332,0.2963728382256472,0.3368348818607889,1.1442214587795432,0.3492391073103783,0.2808689219219451,0.3051896702090743,0.521760691890599,0.4609631847187893,0.7165231616342321,0.2982003533437395,0.4400465172923188
a-L-Fucx-(1-2)-?-D-Galx-(1-?)-?-D-Glcx2NAc-(1-?)-?-D-Galx-(1-?)-?-D-Glcx2NAc-(1-?)-?-D-Galx-(1-?)-b-D-Glcx2NAc-(1-6)-[a-L-Fucx-(1-2)-a-D-Galx-(1-3)]?-D-Galx2NAc,0.7891405117464481,1.2169388626426667,0.4938669349205105,0.7586447541387279,0.3563934557246797,1.0999021358380523,0.5314730590111831,0.7315199398994041,0.3497785178207278,0.501396998075916,0.3703397373403237,0.6169135625308897,0.6977181016656743,1.1317919757473571,0.5539659454879687,0.764330552009586,0.6481887449630005,0.9082841250292774,0.28658635798027643,0.7618276244079155,0.4388058376310898,0.7580439131297183,0.510852351246849,0.7417266173018235
a-L-Fucx-(1-2)-?-D-Galx-(1-?)-?-D-Glcx2NAc-(1-?)-?-D-Galx-(1-?)-b-D-Glcx2NAc-(1-6)-[a-L-Fucx-(1-2)-[?-D-Galx-(1-?)-?-D-Glcx2NAc-(1-?)]a-D-Galx-(1-3)]?-D-Galx2NAc,0.517423564702445,0.8674418105706047,0.6637612795223642,0.9206299145839241,0.4195459613890994,0.9837421438026792,0.4786832586839974,0.8650262267820303,0.4820493738821015,0.4559927635578366,0.5553407169783299,0.375637152548168,0.5104859497675367,0.9649203418723392,0.635944920007512,0.7556447505679942,0.4700677873780135,0.9049421724451642,0.3095484777138856,0.7303566264929373,0.4505155919328837,0.7541913901983603,0.547458875607981,0.5850934682694335
?-L-Fucx-(1-?)-?-D-Galx-(1-?)-b-D-Glcx2NAc-(1-6)-[?-D-Galx-(1-?)-b-D-Glcx2NAc-(1-6)-[?-L-Fucx-(1-?)-?-D-Galx-(1-?)-b-D-Glcx2NAc-(1-3)]b-D-Galx-(1-3)]?-D-Galx2NAc,0.6256409106127492,0.6479643220046385,0.9083446238917268,0.7935079918416427,0.9638346769068888,1.0057678715343363,0.6869425751496004,0.9563504544797836,0.7626898830898095,0.8028489638179301,0.7786224462679074,0.8498986350763723,0.6101351322102374,0.7336013404157353,0.8729719748862449,0.9353194226276708,0.9088791881894152,0.9201503312349848,0.5233170382426687,0.8059238746812151,0.7158702043226737,0.7308549899629231,0.4809445300057818,0.7677080229498136
a-L-Fucx-(1-2)-?-D-Galx-(1-?)-[?-L-Fucx-(1-?)]b-D-Glcx2NAc-(1-6)-[a-L-Fucx-(1-2)-[?-D-Galx-(1-?)-[?-L-Fucx-(1-?)]?-D-Glcx2NAc-(1-?)]b-D-Galx-(1-3)]?-D-Galx2NAc,0.2999163015076808,0.31073789211655856,0.3478486224428073,0.349194185645768,0.3362673654799426,0.3266462770681483,0.41695471509631343,0.35330050816560143,0.4367085871610095,0.6732135555890292,0.4101757524408203,0.3897794946897373,0.3224010756810217,0.3324883021621116,0.4743593690980282,0.3895346661546267,0.3348300560387948,0.31366450834397674,0.3250280977032912,0.3962874419766149,0.5032642214708789,0.8845210497239913,0.3810904407711042,0.3484760496107652
a-D-Neux5Ac-(2-3)-?-D-Galx-(1-?)-[?-L-Fucx-(1-?)]?-D-Glcx2NAc-(1-?)-b-D-Galx-(1-4)-b-D-Glcx2NAc-(1-6)-[?-D-Galx-(1-?)-[?-L-Fucx-(1-?)]b-D-Glcx2NAc-(1-3)-b-D-Galx-(1-3)]?-D-Galx2NAc,0.6695110237075759,0.5806548020187899,0.7980765224508026,0.6020855614331329,0.7989750481612314,0.5669101165121615,1.1304254452190297,0.7208622227458249,0.8101007238927604,0.7225055900107926,0.7398768542292105,0.5761772724265409,0.6104902885580303,0.6055342230048116,0.7980765224508026,0.6616257390915243,0.6834876342628625,0.5001353895325682,0.6742968126698784,0.6848206960225595,0.6788007830714049,1.3434267873622416,0.5032038980649526,0.6161970073056844
a-D-Glcx2NAc-(1-4)-?-D-Galx-(1-?)-b-D-Glcx2NAc-(1-6)-[a-D-Glcx2NAc-(1-4)-?-D-Galx-(1-?)-b-D-Glcx2NAc-(1-6)-[?-D-Galx-(1-?)-[?-L-Fucx-(1-?)]b-D-Glcx2NAc-(1-3)]b-D-Galx-(1-3)]?-D-Galx2NAc,1.1905906734875005,0.8187878794239642,0.9991531283788144,0.6776334576097676,1.175272651420067,1.0145714708926519,0.6967614140710348,0.7809098369475242,1.2616674296851624,0.5305265594747873,1.2220188499645943,1.106037268019997,1.0520811471185738,0.9460383202396176,1.0171155930434257,0.8480955411513866,1.0656046905017285,1.0790983072846765,0.5563244656808715,0.6554059440422217,0.7414741371905433,0.8089183616536713,0.5775987367137502,0.9269261295748422
a-D-Glcx2NAc-(1-4)-?-D-Galx-(1-?)-b-D-Glcx2NAc-(1-6)-[?-D-Galx-(1-?)-[?-L-Fucx-(1-?)]b-D-Glcx2NAc-(1-6)-[?-D-Galx-(1-?)-[?-L-Fucx-(1-?)]b-D-Glcx2NAc-(1-3)]b-D-Galx-(1-3)]?-D-Galx2NAc,1.1636318558260377,0.7223411053418056,0.8413879031019332,0.6112722578797226,1.0174284292044966,0.8475268544497669,0.5952387272161601,0.6247706637725476,0.8778490172059749,0.510424904224888,0.7077521601505629,0.9172877326388555,1.1167337324880329,0.8455391358903963,0.8407291621559916,0.6947719983416728,0.9732162702975252,0.9021823779276468,0.7216013312952537,0.5069553798091233,0.691124442958536,0.9173589452725536,0.5300223399419123,0.8487594403678091
?-D-Galx-(1-?)-[?-L-Fucx-(1-?)]b-D-Glcx2NAc-(1-6)-[a-L-Fucx-(1-2)-b-D-Galx-(1-4)-b-D-Glcx2NAc-(1-6)-[a-L-Fucx-(1-2)-b-D-Galx-(1-4)-b-D-Glcx2NAc-(1-3)]b-D-Galx-(1-3)]?-D-Galx2NAc,1.0970018833902058,1.3022807244665973,1.6960862641671286,1.5591410023971446,1.2921927191577067,1.2996469132628763,1.3396931491316169,1.7215540311061497,1.3030381605471453,1.3947515414185687,1.1100842678077212,1.136865058812127,1.0800065626147124,1.2090608870275688,1.5225191949438563,1.1917139759391486,1.3098735224828706,1.3311237860317902,1.0578907141006058,1.280920077728849,1.3968456591169045,1.6064923389164645,0.9458918851254812,1.1309792612686436
?-D-Galx-(1-?)-[?-L-Fucx-(1-?)]b-D-Glcx2NAc-(1-6)-[?-D-Galx-(1-?)-[?-L-Fucx-(1-?)]b-D-Glcx2NAc-(1-6)-[?-D-Galx-(1-?)-[?-L-Fucx-(1-?)]b-D-Glcx2NAc-(1-3)]b-D-Galx-(1-3)]?-D-Galx2NAc,1.0653599392165076,0.6496866198285004,0.6092834811444227,0.6215165230934596,0.6152665561204959,0.5974670545655051,0.5075626387678068,0.4405327779423518,0.5215120373480667,0.4236142656482635,0.4692133267026644,0.4282952320146253,1.1534377795388608,0.7105031915983763,0.5990730750065257,0.4860207971604402,0.6301538599450065,0.5221338602450447,0.8274652050269367,0.4169030222094913,0.5101807830906798,0.6948514795154994,0.4521144043069306,0.4371381258232945
