Sample,G0F,G1F,G2F,G0FN,G1FN,G2FN,G1FS,G2FS,G1FNS,G2FNS,G0,G1,G2,G0N,G1N,G2N,G1S,G2S,G1NS,G2NS
sample_01,5.84,5.78,5.3,5.21,5.0,4.29,5.11,5.28,3.72,3.77,4.33,4.35,4.01,3.74,3.77,3.43,4.32,4.09,3.31,3.15
sample_02,5.95,5.77,5.28,5.32,4.99,4.34,5.12,5.29,3.82,3.81,4.07,4.21,3.9,3.45,3.66,3.41,4.38,4.01,3.38,3.39
sample_03,6.11,5.84,5.39,5.43,5.07,4.41,5.15,5.37,3.78,3.73,3.81,4.03,3.78,3.28,3.39,3.2,4.4,4.02,3.24,3.27
sample_04,5.75,5.81,5.39,5.23,5.09,4.42,5.1,5.31,3.65,3.75,4.37,4.35,3.93,3.84,3.76,3.23,4.29,4.03,3.12,3.2
sample_05,5.8,5.79,5.32,5.08,4.89,4.22,5.16,5.36,3.6,3.69,4.32,4.5,4.27,3.72,3.84,3.4,4.47,4.39,3.13,3.06
sample_06,5.66,5.76,5.39,5.11,5.06,4.5,5.11,5.39,3.69,3.85,3.81,4.25,4.18,3.32,3.8,3.56,4.32,4.3,3.14,3.14
sample_07,5.63,5.81,5.49,4.95,4.98,4.47,5.17,5.54,3.67,3.86,3.61,3.81,3.61,2.95,3.42,3.39,4.51,4.43,3.32,3.29
sample_08,5.63,5.69,5.36,5.01,5.01,4.48,5.05,5.39,3.66,3.85,4.38,4.3,3.92,3.47,3.52,3.37,4.38,4.29,3.26,3.22
sample_09,5.86,5.8,5.29,5.31,5.11,4.4,5.02,5.17,3.7,3.74,4.42,4.27,3.86,3.87,3.68,3.27,4.26,3.88,3.25,3.23
sample_10,5.82,5.73,5.31,5.29,5.08,4.45,4.97,5.17,3.61,3.67,4.31,4.29,4.01,3.63,3.74,3.4,4.07,3.91,3.33,3.13
sample_11,5.66,5.77,5.43,4.97,5.01,4.48,5.03,5.4,3.63,3.81,4.07,4.24,3.97,3.43,3.59,3.39,4.33,4.21,3.27,3.22
sample_12,5.73,5.72,5.22,5.2,5.03,4.33,5.15,5.33,3.75,3.8,4.49,4.39,3.97,3.93,3.82,3.42,4.44,4.18,3.15,2.99
sample_13,5.78,5.76,5.3,5.32,5.18,4.53,5.11,5.37,3.79,3.95,4.15,4.18,3.92,3.66,3.71,3.35,4.41,4.16,3.16,3.05
sample_14,5.63,5.77,5.44,5.05,4.96,4.41,5.03,5.37,3.58,3.74,4.22,4.35,4.05,3.56,3.7,3.45,4.33,4.29,3.22,3.2
sample_15,5.98,5.86,5.3,5.2,4.96,4.3,5.17,5.3,3.74,3.8,4.24,4.21,3.85,3.6,3.65,3.4,4.51,4.07,3.24,3.3
sample_16,5.78,5.65,5.28,5.21,4.99,4.4,4.98,5.28,3.66,3.84,4.17,4.42,4.2,3.64,3.79,3.45,4.21,4.2,3.32,3.25
sample_17,5.64,5.72,5.34,5.1,5.06,4.47,5.15,5.49,3.77,3.98,3.68,3.79,3.58,2.99,3.33,3.37,4.49,4.31,3.27,3.22
sample_18,5.91,5.89,5.41,5.17,5.05,4.42,5.28,5.47,3.76,3.86,3.55,3.95,3.88,3.03,3.55,3.37,4.48,4.17,3.13,3.0
sample_19,5.42,5.63,5.41,4.92,5.03,4.58,5.02,5.45,3.66,3.94,3.99,4.26,3.95,3.38,3.65,3.42,4.31,4.39,3.27,3.3
sample_20,5.68,5.73,5.33,5.22,5.14,4.52,5.05,5.29,3.76,3.83,4.33,4.38,4.03,3.87,3.81,3.37,4.19,4.03,3.37,3.19
sample_21,6.05,5.91,5.38,5.47,5.2,4.46,5.21,5.31,3.67,3.79,4.07,4.04,3.89,3.53,3.66,3.26,4.23,3.75,2.76,3.22
sample_22,6.09,5.89,5.34,5.52,5.19,4.43,5.28,5.35,3.84,3.85,3.73,4.01,3.9,3.57,3.55,3.49,4.13,3.8,3.14,2.94
sample_23,5.75,5.87,5.58,5.03,5.0,4.51,5.14,5.55,3.65,3.82,3.99,4.21,4.03,3.22,3.53,3.39,4.37,4.34,3.26,3.13
sample_24,5.96,5.72,5.14,5.4,5.06,4.25,5.14,5.24,3.74,3.73,4.34,4.45,4.13,3.75,3.71,3.23,4.34,4.05,3.26,3.11
sample_25,6.1,5.81,5.16,5.41,5.01,4.23,5.14,5.16,3.68,3.52,4.12,4.19,3.94,3.68,3.74,3.4,4.32,3.78,3.18,3.52
sample_26,5.71,5.77,5.34,5.22,5.14,4.48,5.0,5.24,3.65,3.77,4.24,4.34,3.99,3.73,3.84,3.45,4.25,4.03,3.0,3.02
sample_27,5.75,5.72,5.3,5.25,5.1,4.46,4.96,5.24,3.67,3.84,4.33,4.37,3.99,3.83,3.82,3.39,4.37,4.14,3.12,3.23
sample_28,5.8,5.9,5.55,4.97,4.92,4.38,5.07,5.43,3.54,3.73,4.05,4.2,3.97,3.37,3.58,3.44,4.46,4.38,3.3,3.25
sample_29,5.78,5.85,5.48,5.09,5.02,4.44,5.15,5.45,3.66,3.8,4.2,4.17,3.95,3.56,3.65,3.38,4.38,4.25,3.2,3.17
sample_30,5.65,5.74,5.35,5.14,5.06,4.48,5.07,5.33,3.66,3.85,4.27,4.38,4.03,3.65,3.71,3.35,4.34,4.18,3.27,3.1
sample_31,5.97,5.78,5.23,5.49,5.12,4.38,5.16,5.3,3.82,3.85,4.18,4.19,3.88,3.62,3.62,3.22,4.41,4.06,3.42,3.12
sample_32,5.94,5.82,5.34,5.41,5.16,4.48,5.12,5.28,3.74,3.79,4.3,4.18,3.79,3.7,3.66,3.19,4.39,4.01,3.24,2.84
sample_33,5.66,5.75,5.41,5.05,5.01,4.46,5.13,5.46,3.72,3.9,3.72,4.05,3.89,3.31,3.56,3.48,4.43,4.33,3.33,3.34
sample_34,5.85,5.84,5.4,5.06,4.91,4.3,5.09,5.39,3.66,3.69,4.19,4.14,3.84,3.68,3.54,3.31,4.51,4.28,3.3,3.25
sample_35,5.8,5.83,5.42,5.27,5.16,4.54,5.11,5.28,3.85,3.87,3.63,3.84,3.8,3.1,3.49,3.4,4.23,3.99,3.44,3.32
sample_36,5.61,5.77,5.51,5.17,5.09,4.57,5.11,5.52,3.72,3.97,3.99,4.17,3.9,3.37,3.57,3.44,4.33,4.32,3.24,3.22
sample_37,5.45,5.6,5.39,4.95,4.97,4.53,4.99,5.44,3.68,3.94,3.9,4.18,4.05,3.34,3.68,3.49,4.21,4.36,3.33,3.31
sample_38,6.02,5.79,5.24,5.42,5.09,4.34,5.28,5.42,3.91,3.89,4.21,4.05,3.67,3.42,3.6,3.26,4.56,4.05,3.23,3.12
sample_39,6.07,5.88,5.38,5.45,5.07,4.4,5.11,5.29,3.85,3.82,4.22,4.14,3.87,3.73,3.74,3.3,4.36,4.02,3.17,3.07
sample_40,5.7,5.71,5.25,5.2,5.06,4.41,5.13,5.36,3.78,3.88,4.08,4.18,3.88,3.65,3.69,3.35,4.41,4.18,3.32,3.13
sample_41,5.63,5.78,5.44,4.88,4.85,4.31,5.11,5.41,3.47,3.67,4.18,4.44,4.24,3.55,3.84,3.45,4.28,4.34,3.11,2.97
sample_42,5.7,5.69,5.34,5.21,5.03,4.43,5.1,5.37,3.72,3.89,4.16,4.22,3.86,3.65,3.72,3.33,4.29,4.16,3.24,3.21
sample_43,5.46,5.6,5.31,5.01,5.04,4.51,5.05,5.4,3.78,3.97,4.09,4.2,3.94,3.5,3.67,3.31,4.21,4.21,3.26,3.25
sample_44,5.89,5.8,5.34,5.34,5.07,4.34,5.24,5.4,3.85,3.85,4.0,3.95,3.66,3.52,3.51,3.37,4.34,3.97,3.3,3.15
sample_45,5.94,5.83,5.32,5.42,5.23,4.5,5.18,5.33,3.77,3.92,4.02,4.01,3.77,3.54,3.23,2.52,4.32,3.96,3.07,3.43
sample_46,6.16,5.68,5.0,5.56,4.98,4.1,5.11,5.08,3.83,3.68,4.24,4.23,3.87,3.74,3.84,3.39,4.3,3.68,3.28,3.44
sample_47,5.52,5.59,5.35,4.89,4.88,4.41,5.13,5.51,3.66,3.91,4.01,4.34,4.22,3.36,3.78,3.45,4.19,4.41,3.22,3.31
sample_48,6.09,5.89,5.35,5.44,5.11,4.31,5.16,5.27,3.74,3.73,4.11,4.22,3.93,3.47,3.68,3.1,4.3,3.85,2.72,2.37
sample_49,5.69,5.75,5.38,5.12,5.05,4.46,5.09,5.39,3.69,3.86,4.08,4.39,4.2,3.48,3.8,3.54,4.33,4.31,3.16,3.19
sample_50,5.37,5.54,5.31,4.9,4.97,4.49,5.05,5.46,3.77,3.98,4.05,4.37,4.15,3.48,3.74,3.38,4.15,4.31,3.24,3.33
sample_51,5.87,5.75,5.35,5.31,5.04,4.41,5.22,5.47,3.84,3.95,4.02,4.06,3.81,3.48,3.64,3.33,4.41,4.14,3.27,3.2
sample_52,5.82,5.73,5.24,5.3,5.1,4.41,5.17,5.34,3.83,3.95,4.09,4.08,3.79,3.65,3.69,3.36,4.19,3.93,3.53,3.11
sample_53,6.21,5.85,5.36,5.55,5.0,4.26,5.27,5.39,3.78,3.72,4.06,4.05,3.82,3.51,3.54,3.27,4.35,3.86,3.28,3.28
sample_54,6.06,5.87,5.33,5.43,5.11,4.37,5.22,5.32,3.82,3.85,4.12,4.08,3.77,3.54,3.57,3.25,4.36,3.95,3.24,3.24
sample_55,5.98,5.84,5.4,5.22,5.02,4.4,5.16,5.42,3.73,3.84,4.07,4.14,3.87,3.53,3.67,3.26,4.42,4.16,3.17,3.2
sample_56,5.9,5.81,5.38,5.32,5.03,4.35,5.17,5.37,3.76,3.82,4.12,4.19,3.91,3.6,3.73,3.35,4.32,4.06,3.23,3.19
sample_57,5.87,5.7,5.19,5.42,5.1,4.37,5.13,5.29,3.85,3.89,4.23,4.17,3.79,3.75,3.7,3.24,4.41,4.03,3.06,3.1
sample_58,5.99,5.73,5.17,5.38,4.95,4.16,5.08,5.16,3.74,3.6,4.51,4.41,4.02,3.97,3.84,3.44,4.23,3.99,3.24,3.34
sample_59,5.77,5.74,5.3,5.1,4.95,4.31,5.18,5.43,3.74,3.9,4.05,4.25,4.04,3.46,3.71,3.41,4.46,4.34,3.2,3.2
sample_60,5.83,5.8,5.44,5.26,5.12,4.55,5.01,5.37,3.73,3.89,3.97,4.06,3.79,3.37,3.63,3.34,4.31,4.18,3.24,3.25
sample_61,5.89,5.77,5.23,5.26,5.01,4.28,5.09,5.19,3.77,3.72,4.46,4.31,3.93,3.81,3.77,3.46,4.32,3.93,3.33,3.18
sample_62,5.52,5.73,5.47,4.9,5.01,4.54,5.04,5.46,3.65,3.86,4.14,4.37,4.12,3.4,3.62,3.4,4.34,4.38,3.24,3.21
sample_63,5.68,5.81,5.46,5.09,5.14,4.6,5.05,5.36,3.7,3.88,3.96,4.12,3.81,3.41,3.59,3.42,4.37,4.2,3.27,3.22
sample_64,5.89,5.69,5.26,5.38,4.99,4.31,5.16,5.39,3.78,3.8,4.36,4.25,3.87,3.85,3.7,3.29,4.4,4.13,3.14,3.16
sample_65,5.57,5.67,5.37,5.18,5.13,4.58,4.91,5.25,3.68,3.83,4.16,4.39,4.15,3.71,3.89,3.48,4.14,4.14,3.31,3.16
sample_66,5.8,5.83,5.34,5.11,5.05,4.4,5.22,5.39,3.73,3.89,4.08,4.2,3.92,3.53,3.63,3.36,4.42,4.14,3.26,3.32
sample_67,5.5,5.76,5.53,4.92,5.06,4.61,5.1,5.54,3.69,3.94,3.69,4.09,3.96,2.97,3.56,3.5,4.36,4.45,3.33,3.22
sample_68,5.76,5.57,5.04,5.52,5.28,4.54,4.94,4.96,3.85,3.84,4.07,4.06,3.69,3.73,3.81,3.49,3.78,4.02,3.55,3.29
sample_69,5.93,5.81,5.33,5.35,5.14,4.46,5.07,5.2,3.64,3.82,4.39,4.46,4.22,3.76,3.56,3.34,3.99,4.08,3.17,3.21
sample_70,5.76,5.74,5.37,5.13,5.06,4.5,5.06,5.27,3.9,3.9,3.88,4.11,4.0,3.51,3.73,3.69,3.97,4.0,3.68,3.61
sample_71,5.61,5.64,5.32,5.07,4.96,4.4,5.1,5.41,3.69,3.87,4.18,4.36,4.12,3.63,3.76,3.39,4.29,4.33,3.28,3.2
sample_72,5.61,5.74,5.38,4.97,5.0,4.45,5.09,5.4,3.69,3.88,4.02,4.21,3.88,3.36,3.56,3.42,4.38,4.27,3.34,3.25
sample_73,6.07,5.77,5.25,5.45,4.95,4.2,5.23,5.37,3.8,3.74,4.27,4.18,3.93,3.66,3.67,3.31,4.46,4.11,3.14,3.2
sample_74,5.78,5.76,5.34,5.37,5.25,4.6,5.13,5.34,3.86,4.03,3.9,4.1,3.84,3.5,3.73,3.4,4.21,4.0,3.33,3.22
sample_75,6.15,5.88,5.23,5.5,5.1,4.24,5.25,5.21,3.8,3.79,4.56,4.36,3.86,3.86,3.7,3.15,4.33,3.76,2.94,2.85
sample_76,5.65,5.66,5.34,5.1,4.97,4.41,5.09,5.43,3.69,3.87,3.99,4.37,4.29,3.54,3.86,3.52,4.19,4.35,3.16,3.22
sample_77,5.97,5.85,5.31,5.28,5.04,4.33,5.23,5.39,3.83,3.89,3.57,3.61,3.55,2.93,3.43,3.33,4.58,4.06,3.28,3.3
sample_78,5.89,5.8,5.23,5.28,5.11,4.38,5.21,5.31,3.86,3.91,3.96,3.89,3.61,3.45,3.55,3.37,4.47,3.99,3.38,3.32
sample_79,5.75,5.84,5.5,5.21,5.2,4.62,5.24,5.49,3.78,3.99,3.75,4.07,3.92,3.27,3.48,3.35,4.04,4.0,3.29,3.13
sample_80,5.66,5.74,5.41,5.0,4.97,4.46,5.12,5.49,3.74,3.9,3.8,4.08,3.92,3.25,3.6,3.44,4.4,4.38,3.39,3.35
sample_81,5.54,5.6,5.32,5.1,4.99,4.43,5.06,5.45,3.7,3.91,4.1,4.31,4.14,3.65,3.79,3.43,4.22,4.39,3.15,3.14
sample_82,5.87,5.84,5.34,5.27,5.07,4.36,5.22,5.37,3.81,3.85,3.96,3.98,3.72,3.45,3.6,3.34,4.38,4.03,3.2,3.23
sample_83,6.03,5.76,5.28,5.57,5.21,4.51,5.08,5.21,3.86,3.92,4.03,4.09,3.79,3.59,3.68,3.22,4.2,3.85,3.32,3.22
sample_84,6.05,5.84,5.31,5.32,4.99,4.28,5.26,5.36,3.78,3.81,4.17,4.14,3.88,3.61,3.69,3.37,4.37,3.98,3.27,3.19
sample_85,5.96,5.67,5.11,5.4,4.99,4.21,5.06,5.16,3.75,3.77,4.3,4.39,4.17,3.85,3.9,3.47,4.28,4.22,3.21,3.19
sample_86,5.95,5.8,5.25,5.38,5.1,4.31,5.15,5.25,3.78,3.9,4.29,4.16,3.88,3.72,3.72,3.24,4.29,3.9,3.18,2.88
sample_87,5.77,5.79,5.31,5.28,5.15,4.45,5.12,5.26,3.74,3.86,4.23,4.28,3.91,3.63,3.73,3.38,4.23,3.93,3.15,3.11
sample_88,5.69,5.73,5.37,5.18,5.11,4.53,5.13,5.41,3.74,3.99,3.78,4.07,3.93,3.37,3.61,3.51,4.25,4.13,3.38,3.2
sample_89,5.76,5.77,5.42,5.19,5.04,4.48,5.12,5.44,3.7,3.82,3.99,4.23,4.1,3.4,3.64,3.4,4.39,4.34,3.25,3.06
sample_90,5.7,5.74,5.42,5.2,5.13,4.58,5.15,5.53,3.82,4.04,3.69,3.95,3.81,3.24,3.6,3.34,4.32,4.24,3.31,3.21
sample_91,5.82,5.62,5.24,5.31,4.93,4.31,5.11,5.36,3.74,3.86,4.07,4.2,4.03,3.67,3.82,3.46,4.2,4.16,3.1,3.18
sample_92,5.9,5.83,5.36,5.38,5.13,4.45,5.14,5.35,3.79,3.88,3.72,3.9,3.8,3.23,3.55,3.36,4.49,4.14,3.14,3.17
sample_93,5.32,5.55,5.36,4.96,5.1,4.66,4.98,5.43,3.69,4.05,3.9,4.31,4.21,3.53,3.87,3.37,3.94,4.23,3.11,3.18
sample_94,5.61,5.66,5.39,5.06,4.9,4.34,5.09,5.5,3.64,3.83,4.16,4.42,4.25,3.63,3.82,3.44,4.26,4.42,3.26,3.15
sample_95,6.1,5.73,5.13,5.61,5.09,4.24,5.19,5.21,3.8,3.79,4.62,4.42,3.99,3.94,3.87,3.28,4.26,3.89,3.15,3.14
sample_96,5.81,5.75,5.34,5.31,5.07,4.42,5.07,5.3,3.68,3.85,4.07,4.19,3.99,3.52,3.75,3.5,4.14,4.02,3.22,3.22
sample_97,6.05,5.79,5.2,5.54,5.19,4.4,5.09,5.14,3.88,3.82,3.96,4.07,3.87,3.64,3.78,3.49,4.19,3.77,3.4,3.26
sample_98,5.97,5.67,5.05,5.5,5.18,4.41,5.0,5.01,3.77,3.78,4.25,4.26,3.93,3.86,3.92,3.35,4.04,3.85,3.3,2.95
sample_99,6.14,5.89,5.2,5.5,5.11,4.24,5.2,5.16,3.81,3.8,4.34,4.2,3.91,3.79,3.79,3.33,4.3,3.78,3.17,3.05
sample_100,6.09,5.84,5.24,5.53,5.14,4.34,5.08,5.15,3.76,3.8,4.33,4.24,3.9,3.8,3.73,3.23,4.28,3.82,3.22,3.25
sample_101,5.63,5.74,5.39,5.1,5.1,4.54,5.08,5.36,3.67,3.92,3.91,4.22,4.08,3.37,3.76,3.46,4.21,4.21,3.23,3.2
sample_102,5.68,5.77,5.38,5.15,5.06,4.42,5.16,5.45,3.71,3.91,3.88,4.03,3.84,3.37,3.66,3.35,4.42,4.25,3.29,3.21
sample_103,5.9,5.81,5.32,5.46,5.21,4.49,5.14,5.29,3.79,3.94,4.08,4.08,3.74,3.62,3.59,3.2,4.21,3.91,3.22,3.07
sample_104,5.98,5.8,5.34,5.39,5.03,4.4,5.21,5.37,3.92,3.9,3.53,3.89,3.79,3.27,3.5,3.68,4.34,3.96,3.62,3.32
sample_105,5.48,5.55,5.27,5.12,5.09,4.57,4.9,5.27,3.7,3.94,4.3,4.55,4.37,3.87,4.04,3.66,4.21,4.38,3.18,3.08
sample_106,6.05,5.75,5.29,5.5,5.05,4.32,5.26,5.46,3.83,3.91,4.39,4.21,3.84,3.83,3.65,3.17,4.37,4.05,3.03,2.62
sample_107,5.94,5.65,5.17,5.49,5.12,4.41,5.03,5.21,3.81,3.94,4.48,4.31,3.9,3.93,3.82,3.32,4.22,3.98,3.25,3.19
sample_108,6.07,5.76,5.22,5.5,5.07,4.32,5.2,5.3,3.87,3.82,4.19,4.13,3.79,3.53,3.63,3.34,4.37,3.91,3.43,3.24
sample_109,6.07,5.79,5.3,5.45,5.07,4.35,5.06,5.24,3.73,3.74,4.49,4.51,4.12,3.88,3.84,3.28,4.38,4.09,3.1,2.99
sample_110,6.15,5.81,5.21,5.57,5.12,4.33,5.08,5.09,4.05,3.81,3.97,4.03,3.79,3.56,3.7,3.45,4.31,3.93,3.7,3.61
sample_111,5.94,5.89,5.38,5.17,5.06,4.41,5.23,5.37,3.75,3.83,3.9,4.1,3.89,3.44,3.65,3.43,4.39,4.01,3.34,3.2
sample_112,5.42,5.62,5.29,4.94,5.01,4.44,5.03,5.32,3.66,3.86,4.25,4.47,4.19,3.68,3.82,3.48,4.21,4.26,3.32,3.19
sample_113,5.94,5.71,5.24,5.44,5.12,4.44,4.92,5.11,3.67,3.73,4.58,4.56,4.18,4.03,3.97,3.44,4.19,3.96,3.21,3.13
sample_114,5.95,5.8,5.31,5.38,5.08,4.4,5.14,5.35,3.76,3.82,4.0,4.21,3.97,3.46,3.7,3.33,4.38,4.08,3.14,3.13
sample_115,5.88,5.77,5.25,5.39,5.14,4.41,5.25,5.39,3.91,3.97,3.89,3.87,3.55,3.41,3.51,3.27,4.51,4.07,3.81,3.03
sample_116,5.43,5.66,5.49,5.02,5.11,4.67,5.12,5.57,3.8,4.07,3.75,3.93,3.79,3.3,3.48,3.39,4.14,4.23,3.33,3.34
sample_117,5.84,5.83,5.35,5.23,5.05,4.39,5.28,5.52,3.84,3.99,3.98,4.01,3.75,3.39,3.44,3.28,4.44,4.12,3.25,3.19
sample_118,6.18,5.83,5.13,5.47,5.0,4.15,5.14,5.05,3.95,3.74,3.92,4.2,3.91,3.5,3.74,3.5,4.3,3.84,3.49,3.46
sample_119,5.83,5.78,5.35,5.24,5.1,4.45,5.06,5.31,3.73,3.81,3.68,4.02,3.92,3.38,3.6,3.44,4.37,4.16,3.3,3.29
sample_120,5.84,5.8,5.42,5.18,5.02,4.44,5.11,5.41,3.71,3.83,4.03,4.21,4.01,3.51,3.64,3.47,4.34,4.16,3.15,3.2
sample_121,5.77,5.75,5.29,5.2,5.01,4.34,5.15,5.37,3.79,3.86,3.85,4.11,3.92,3.42,3.72,3.41,4.4,4.17,3.29,3.27
sample_122,5.72,5.71,5.27,5.22,5.08,4.43,5.11,5.29,3.74,3.86,4.21,4.28,3.91,3.71,3.72,3.37,4.31,4.08,3.33,3.18
sample_123,5.98,5.87,5.38,5.3,5.05,4.4,5.19,5.31,3.68,3.75,4.04,4.28,4.14,3.57,3.67,3.51,4.19,4.12,3.15,3.2
sample_124,5.82,5.75,5.39,5.31,5.08,4.48,5.11,5.43,3.72,3.84,4.08,4.17,3.91,3.55,3.67,3.31,4.36,4.22,3.2,3.05
sample_125,5.76,5.78,5.37,5.2,5.07,4.43,5.12,5.35,3.66,3.82,4.12,4.25,3.99,3.65,3.75,3.34,4.15,4.02,3.23,3.14
sample_126,6.07,5.92,5.44,5.36,5.03,4.34,5.18,5.37,3.87,3.79,4.21,4.19,3.9,3.71,3.77,3.31,4.33,4.02,3.1,3.08
sample_127,5.57,5.71,5.43,4.97,4.95,4.44,5.08,5.43,3.59,3.8,4.33,4.61,4.42,3.59,3.91,3.52,4.28,4.46,3.15,3.12
sample_128,5.88,5.77,5.26,5.25,5.01,4.32,5.12,5.25,3.69,3.86,4.42,4.39,4.04,3.81,3.83,3.42,4.29,4.04,3.22,3.08
sample_129,5.98,5.82,5.37,5.35,5.04,4.39,5.11,5.28,3.69,3.81,4.02,4.2,4.0,3.65,3.66,3.43,4.2,3.98,3.29,3.3
sample_130,6.19,5.96,5.43,5.51,5.1,4.39,5.34,5.45,3.92,3.87,3.8,3.91,3.79,3.29,3.59,3.3,4.55,4.06,3.23,3.13
sample_131,5.63,5.76,5.43,5.13,5.15,4.6,5.09,5.43,3.75,3.97,3.72,3.96,3.78,3.2,3.5,3.47,4.35,4.27,3.38,3.26
sample_132,5.74,5.76,5.34,5.15,5.09,4.48,5.12,5.36,3.65,3.88,4.1,4.41,4.22,3.45,3.82,3.47,4.23,4.17,3.14,2.97
sample_133,6.04,5.8,5.22,5.36,5.04,4.3,5.17,5.25,3.8,3.8,4.43,4.29,3.89,3.76,3.7,3.25,4.38,3.95,3.18,3.18
sample_134,5.8,5.77,5.48,5.12,5.03,4.53,5.02,5.39,3.71,3.84,4.06,4.25,3.95,3.3,3.57,3.44,4.28,4.17,3.32,3.25
sample_135,6.0,5.79,5.34,5.48,5.12,4.4,5.11,5.34,3.74,3.81,4.58,4.34,3.82,4.02,3.84,3.2,4.47,4.11,3.14,3.08
sample_136,5.98,5.8,5.31,5.43,5.09,4.33,4.99,5.16,3.57,3.57,4.32,4.34,4.14,3.75,3.75,3.55,4.28,3.93,3.08,3.01
sample_137,5.7,5.74,5.48,5.11,5.05,4.58,5.0,5.47,3.63,3.94,3.82,4.21,4.09,3.24,3.67,3.52,4.41,4.45,3.24,3.19
sample_138,5.87,5.77,5.22,5.16,4.9,4.18,5.16,5.33,3.73,3.75,4.27,4.28,3.94,3.67,3.8,3.42,4.52,4.17,3.18,3.07
sample_139,5.89,5.79,5.35,5.17,4.95,4.33,5.09,5.36,3.6,3.79,4.47,4.4,4.0,3.8,3.69,3.28,4.48,4.25,3.05,3.13
sample_140,5.93,5.71,5.16,5.44,5.12,4.37,5.2,5.35,3.9,3.97,4.08,3.97,3.69,3.68,3.64,3.34,4.51,4.08,3.31,3.16
sample_141,5.91,5.77,5.2,5.3,5.02,4.27,5.23,5.38,3.8,3.83,4.15,4.12,3.79,3.64,3.67,3.26,4.57,4.15,3.26,3.2
sample_142,5.53,5.64,5.41,5.13,5.07,4.6,5.05,5.52,3.77,4.05,3.82,4.03,3.83,3.22,3.54,3.47,4.35,4.43,3.4,3.37
sample_143,5.66,5.79,5.47,5.12,5.1,4.59,5.09,5.48,3.73,3.99,3.71,3.88,3.65,3.2,3.5,3.4,4.43,4.36,3.28,3.19
sample_144,5.99,5.82,5.32,5.23,4.94,4.24,5.37,5.59,3.83,3.93,3.73,3.93,3.7,3.12,3.58,3.35,4.67,4.26,3.19,3.26
sample_145,5.38,5.48,5.12,4.99,4.98,4.41,4.93,5.25,3.72,3.93,4.65,4.88,4.62,4.2,4.36,3.9,4.3,4.48,3.24,3.32
sample_146,5.61,5.72,5.39,5.01,5.04,4.51,5.14,5.53,3.76,3.99,3.49,3.79,3.86,2.81,3.33,3.48,4.43,4.33,3.17,3.23
sample_147,5.68,5.79,5.45,5.11,5.06,4.52,5.14,5.54,3.74,3.97,3.64,3.95,3.81,2.85,3.37,3.49,4.58,4.51,3.18,3.15
sample_148,6.04,5.88,5.28,5.36,5.05,4.28,5.14,5.14,3.85,3.73,3.96,4.08,3.92,3.51,3.75,3.45,4.1,3.78,3.5,3.33
sample_149,6.1,5.89,5.36,5.36,5.04,4.33,5.36,5.56,3.92,3.92,4.03,4.1,3.91,3.36,3.64,3.29,4.75,4.36,3.12,3.05
sample_150,5.63,5.75,5.46,5.25,5.2,4.64,5.03,5.42,3.71,3.97,3.95,4.12,3.83,3.49,3.63,3.46,4.38,4.34,3.27,3.15
sample_151,5.51,5.69,5.35,4.98,5.03,4.47,5.15,5.49,3.71,3.96,4.04,4.33,4.09,3.41,3.75,3.4,4.35,4.34,3.12,3.11
sample_152,5.97,5.79,5.36,5.38,5.13,4.48,5.15,5.36,3.75,3.8,4.15,4.12,3.77,3.74,3.51,3.34,4.31,3.97,3.24,3.13
sample_153,5.57,5.76,5.46,4.95,4.95,4.45,5.1,5.52,3.68,3.88,4.03,4.2,3.85,3.26,3.49,3.53,4.54,4.52,3.33,3.23
sample_154,5.58,5.7,5.45,5.2,5.25,4.76,5.04,5.48,3.79,4.11,3.72,4.0,3.86,3.27,3.61,3.4,4.25,4.31,3.31,3.28
sample_155,6.17,5.78,5.24,5.56,5.17,4.4,5.11,5.24,3.77,3.82,4.47,4.47,4.01,4.25,3.96,3.15,4.21,3.94,2.84,2.51
sample_156,5.64,5.83,5.57,5.04,5.09,4.6,5.05,5.45,3.62,3.84,3.79,4.08,3.94,3.2,3.53,3.5,4.32,4.33,3.41,3.3
sample_157,5.69,5.77,5.33,5.18,5.1,4.46,5.29,5.52,3.85,4.05,3.81,4.06,3.81,3.34,3.54,3.36,4.48,4.23,3.24,3.27
sample_158,5.63,5.65,5.39,5.27,5.06,4.56,5.1,5.57,3.82,4.07,3.79,4.07,3.9,3.39,3.67,3.43,4.49,4.49,3.22,3.17
sample_159,5.82,5.73,5.3,5.42,5.19,4.54,5.07,5.31,3.77,3.94,4.03,4.2,3.97,3.57,3.81,3.51,4.35,4.08,3.14,3.05
sample_160,5.82,5.78,5.36,5.3,5.16,4.5,5.04,5.25,3.68,3.85,4.46,4.35,3.93,3.8,3.74,3.37,4.3,4.02,3.22,3.05
sample_161,6.2,5.9,5.34,5.48,5.11,4.35,5.34,5.41,3.86,3.83,3.96,4.07,3.83,3.52,3.59,3.34,4.4,3.99,3.29,2.96
sample_162,5.58,5.52,5.11,5.25,5.12,4.5,4.91,5.15,3.79,3.93,4.19,4.19,3.9,3.77,3.81,3.4,4.08,3.96,3.35,3.19
sample_163,5.8,5.74,5.29,5.22,5.02,4.39,5.32,5.59,3.91,4.05,3.66,3.75,3.53,3.08,3.39,3.44,4.65,4.33,3.39,3.31
sample_164,5.79,5.78,5.38,5.17,5.06,4.45,5.13,5.36,3.69,3.84,4.17,4.27,3.99,3.58,3.66,3.36,4.24,4.11,3.23,3.22
sample_165,5.78,5.79,5.36,5.19,5.05,4.41,5.03,5.24,3.67,3.75,4.44,4.4,3.98,3.89,3.78,3.48,4.35,4.13,3.36,3.2
sample_166,5.57,5.71,5.51,5.06,5.04,4.56,5.13,5.61,3.63,4.0,4.02,4.31,4.0,3.36,3.27,3.27,4.42,4.5,2.97,3.27
sample_167,6.01,5.89,5.4,5.23,5.01,4.36,5.3,5.51,3.79,3.95,3.78,3.94,3.7,3.41,3.5,3.37,4.53,4.13,3.29,3.17
sample_168,5.76,5.77,5.37,5.21,5.07,4.43,5.09,5.41,3.72,3.87,3.95,4.05,3.86,3.57,3.66,3.41,4.4,4.26,3.21,3.1
sample_169,5.61,5.79,5.4,4.95,4.97,4.38,5.27,5.53,3.77,3.93,4.19,4.33,3.91,3.49,3.59,3.38,4.5,4.34,3.22,3.17
sample_170,5.74,5.81,5.41,5.07,5.06,4.46,5.34,5.58,3.83,3.99,3.69,3.93,3.83,3.03,3.4,3.26,4.36,4.16,3.27,3.19
sample_171,6.07,5.81,5.23,5.43,5.02,4.27,5.27,5.41,3.91,3.95,3.87,3.81,3.63,3.45,3.56,3.33,4.6,4.05,3.28,3.29
sample_172,5.97,5.89,5.36,5.27,5.03,4.32,5.13,5.3,3.73,3.81,4.29,4.15,3.75,3.65,3.64,3.35,4.55,4.14,3.31,3.24
sample_173,5.68,5.73,5.33,4.96,4.92,4.37,5.22,5.57,3.75,3.97,3.89,4.19,4.03,3.2,3.62,3.44,4.57,4.48,3.25,3.25
sample_174,5.88,5.7,5.19,5.3,5.09,4.39,5.1,5.26,3.71,3.85,4.43,4.47,4.11,3.97,3.87,3.39,4.24,4.17,3.17,3.28
sample_175,5.66,5.77,5.43,4.97,4.92,4.38,5.2,5.56,3.74,3.91,3.83,4.07,3.86,3.19,3.51,3.46,4.54,4.46,3.35,3.28
sample_176,6.03,5.9,5.35,5.36,5.05,4.35,5.21,5.32,3.81,3.78,4.13,4.04,3.68,3.27,3.35,3.18,4.56,4.14,3.4,3.4
sample_177,5.49,5.72,5.45,4.82,4.92,4.44,5.3,5.74,3.81,4.12,3.37,3.81,3.8,2.23,3.16,3.39,4.54,4.56,3.26,3.21
sample_178,6.08,5.92,5.41,5.37,5.06,4.36,5.27,5.44,3.77,3.85,3.85,3.93,3.78,3.19,3.52,3.33,4.6,4.16,3.17,3.06
sample_179,5.75,5.75,5.35,5.21,5.08,4.48,5.07,5.35,3.74,3.89,3.64,3.82,3.67,3.22,3.46,3.4,4.44,4.23,3.39,3.37
sample_180,6.05,5.84,5.33,5.51,5.1,4.33,5.18,5.36,3.78,3.77,4.07,4.07,3.78,3.6,3.69,3.19,4.45,4.06,3.06,3.16
sample_181,5.77,5.74,5.32,5.1,4.99,4.43,5.23,5.56,3.84,4.04,3.99,4.02,3.76,3.44,3.53,3.46,4.63,4.4,3.28,3.28
sample_182,5.66,5.71,5.31,5.2,5.13,4.51,5.06,5.24,3.68,3.86,4.93,4.87,4.33,4.16,4.11,3.47,4.26,4.18,3.16,3.11
sample_183,5.65,5.68,5.36,5.0,4.98,4.44,4.95,5.28,3.51,3.67,4.27,4.52,4.31,3.69,3.9,3.52,4.14,4.26,3.22,3.22
sample_184,6.11,5.83,5.18,5.53,5.14,4.3,5.22,5.23,3.91,3.92,4.17,4.07,3.79,3.67,3.67,3.29,4.35,3.77,3.18,3.21
sample_185,5.73,5.8,5.43,5.14,5.05,4.47,5.12,5.41,3.67,3.84,4.0,4.2,4.02,3.42,3.62,3.43,4.27,4.18,3.2,3.32
sample_186,5.69,5.76,5.39,4.96,4.96,4.41,5.2,5.54,3.74,3.92,3.85,4.12,3.92,3.23,3.63,3.52,4.45,4.36,3.35,3.38
sample_187,5.77,5.81,5.54,5.0,5.04,4.57,5.1,5.46,3.69,3.86,3.71,4.22,4.15,3.26,3.68,3.53,4.09,4.15,3.34,3.19
sample_188,5.89,5.95,5.47,5.14,5.04,4.37,5.28,5.46,3.67,3.77,3.87,4.05,3.97,3.39,3.69,3.42,4.44,4.12,3.34,3.1
sample_189,6.06,5.92,5.37,5.29,5.05,4.31,5.24,5.38,3.79,3.8,4.07,4.13,3.88,3.55,3.64,3.28,4.52,4.05,3.15,3.06
sample_190,5.98,5.69,5.18,5.58,5.13,4.4,5.13,5.32,3.87,3.96,4.09,4.1,3.74,3.7,3.68,3.2,4.46,4.03,3.01,3.06
sample_191,5.95,5.82,5.28,5.26,5.05,4.32,5.12,5.21,3.81,3.8,4.2,4.21,3.84,3.48,3.58,3.36,4.38,3.92,3.28,3.22
sample_192,5.54,5.72,5.39,4.92,4.94,4.44,4.99,5.36,3.62,3.82,4.03,4.28,4.17,3.54,3.83,3.56,4.33,4.39,3.25,3.24
sample_193,5.69,5.72,5.42,5.06,4.97,4.45,5.04,5.44,3.62,3.83,4.01,4.31,4.14,3.51,3.77,3.47,4.37,4.39,3.17,3.23
sample_194,5.76,5.76,5.43,5.22,5.13,4.55,5.03,5.29,3.51,3.74,4.26,4.44,4.26,3.6,3.77,3.4,3.96,4.1,2.91,2.97
sample_195,5.72,5.7,5.35,5.03,4.96,4.45,5.0,5.36,3.59,3.79,4.57,4.72,4.52,3.97,4.06,3.69,4.33,4.47,3.14,3.29
sample_196,5.87,5.81,5.32,5.3,5.08,4.41,5.15,5.22,3.69,3.75,4.07,4.18,3.86,3.6,3.24,3.4,3.91,3.7,3.27,3.22
sample_197,5.95,5.78,5.41,5.46,5.05,4.46,5.12,5.39,3.79,3.85,4.01,4.08,3.9,3.49,3.61,3.36,4.35,4.15,3.24,3.26
sample_198,5.67,5.67,5.27,5.17,5.02,4.43,5.07,5.38,3.73,3.89,4.24,4.3,3.89,3.6,3.64,3.34,4.46,4.26,3.25,3.22
sample_199,5.92,5.62,5.41,5.3,4.99,4.51,5.04,5.49,3.71,3.91,4.06,4.01,3.77,3.25,3.42,3.22,4.37,4.28,3.24,3.31
sample_200,6.18,5.81,5.18,5.57,5.11,4.23,5.23,5.24,3.86,3.84,4.4,4.2,3.79,3.77,3.66,3.01,4.39,3.84,2.98,3.09
sample_201,6.06,5.92,5.36,5.38,5.08,4.33,5.31,5.45,3.84,3.84,3.81,3.75,3.63,3.21,3.43,3.26,4.67,4.16,3.24,3.07
sample_202,5.82,5.77,5.43,5.23,5.1,4.55,5.1,5.34,3.73,3.88,3.8,4.07,3.93,3.65,3.47,3.69,3.95,3.9,3.38,3.43
sample_203,5.52,5.6,5.26,5.16,5.09,4.54,4.96,5.29,3.71,3.88,4.1,4.28,3.99,3.69,3.81,3.45,4.25,4.2,3.17,3.07
sample_204,6.07,5.86,5.35,5.52,5.11,4.37,5.08,5.21,3.63,3.71,4.7,4.58,4.21,4.0,3.84,3.39,4.27,4.0,3.16,2.99
sample_205,6.01,5.82,5.24,5.45,5.13,4.39,5.18,5.32,3.88,3.88,3.82,3.85,3.7,3.44,3.56,3.38,4.55,4.07,3.28,3.22
sample_206,5.81,5.87,5.52,5.22,5.04,4.44,5.14,5.46,3.67,3.81,3.69,3.96,3.84,3.05,3.43,3.36,4.42,4.3,3.27,3.29
sample_207,5.91,5.69,5.25,5.33,5.05,4.39,5.11,5.37,3.75,3.91,4.19,4.21,3.82,3.65,3.62,3.23,4.47,4.18,3.14,3.18
sample_208,5.88,5.77,5.31,5.27,4.99,4.34,4.97,5.18,3.7,3.69,4.28,4.37,4.06,3.72,3.76,3.4,4.24,4.08,3.33,3.26
sample_209,5.82,5.75,5.36,5.3,5.08,4.45,5.1,5.38,3.76,3.91,3.84,3.98,3.88,3.44,3.6,3.5,4.38,4.11,3.23,3.2
sample_210,5.88,5.77,5.23,5.27,5.02,4.3,5.03,5.11,3.79,3.71,4.14,4.18,3.93,3.71,3.75,3.5,4.26,3.91,3.45,3.3
sample_211,5.42,5.72,5.6,4.8,5.06,4.68,4.99,5.56,3.67,3.97,3.67,4.19,4.09,3.03,3.58,3.59,4.3,4.58,3.38,3.36
sample_212,5.5,5.5,5.07,5.2,5.03,4.37,5.0,5.24,3.76,3.86,4.43,4.52,4.18,3.99,3.98,3.42,4.27,4.25,2.99,3.37
sample_213,5.53,5.68,5.33,5.02,5.03,4.45,5.14,5.48,3.77,3.96,4.1,3.98,3.66,3.46,3.56,3.38,4.39,4.29,3.26,3.21
sample_214,5.89,5.77,5.29,5.25,5.09,4.44,5.08,5.28,3.78,3.91,3.82,3.9,3.7,3.33,3.55,3.4,4.41,4.13,3.44,3.4
sample_215,5.93,5.75,5.27,5.32,5.05,4.36,5.1,5.29,3.77,3.85,4.32,4.27,3.89,3.78,3.73,3.32,4.38,4.07,3.24,3.2
sample_216,5.76,5.76,5.33,5.24,5.08,4.42,5.0,5.21,3.62,3.76,4.25,4.27,3.94,3.74,3.79,3.41,4.1,3.9,3.27,3.19
sample_217,5.52,5.62,5.38,4.99,5.06,4.61,5.02,5.47,3.74,4.0,3.78,4.13,3.98,3.28,3.62,3.48,4.3,4.39,3.29,3.21
sample_218,6.12,5.83,5.22,5.4,4.95,4.18,5.25,5.38,3.81,3.78,4.25,4.12,3.71,3.7,3.61,3.26,4.71,4.12,3.23,3.23
sample_219,5.76,5.76,5.32,5.24,5.07,4.42,5.09,5.31,3.73,3.85,4.05,4.29,4.1,3.56,3.83,3.49,4.37,4.23,3.18,3.13
sample_220,5.94,5.76,5.24,5.55,5.19,4.41,4.94,5.11,3.7,3.72,4.82,4.59,4.07,4.39,4.06,3.39,4.35,4.03,3.03,3.28
sample_221,5.98,5.87,5.3,5.27,5.04,4.29,5.14,5.29,3.69,3.74,4.26,4.18,3.8,3.75,3.75,3.16,4.48,4.05,3.29,3.21
sample_222,5.47,5.61,5.43,5.01,5.07,4.64,4.89,5.39,3.64,3.92,3.7,4.1,4.01,3.21,3.65,3.51,4.16,4.33,3.31,3.25
sample_223,5.89,5.84,5.38,5.37,5.2,4.51,5.1,5.28,3.81,3.84,3.93,4.04,3.76,3.45,3.6,3.37,4.37,4.03,3.37,3.22
sample_224,5.88,5.84,5.4,5.29,5.09,4.44,5.1,5.33,3.74,3.82,4.03,4.15,3.92,3.51,3.72,3.35,4.33,4.03,3.37,3.23
sample_225,6.02,5.94,5.39,5.36,5.09,4.37,5.12,5.24,3.7,3.75,3.94,4.03,3.88,3.59,3.68,3.39,4.39,3.9,3.22,3.25
sample_226,5.89,5.76,5.27,5.17,4.96,4.34,4.95,5.22,3.64,3.76,4.3,4.31,3.98,3.69,3.7,3.36,4.47,4.18,3.26,3.29
sample_227,6.18,5.97,5.38,5.59,5.24,4.43,5.25,5.32,3.88,3.81,4.38,3.98,3.62,3.49,3.56,3.17,4.55,3.96,3.16,3.07
sample_228,5.53,5.65,5.33,5.05,5.05,4.51,4.95,5.31,3.67,3.89,4.16,4.29,4.0,3.52,3.73,3.42,4.18,4.19,3.21,3.25
sample_229,5.57,5.67,5.35,4.99,4.98,4.45,5.0,5.36,3.6,3.81,4.69,5.14,4.89,3.98,4.25,3.77,4.42,4.57,3.1,3.15
sample_230,5.71,5.77,5.35,5.1,5.09,4.49,5.07,5.33,3.63,3.85,4.35,4.39,4.09,3.58,3.71,3.45,4.36,4.2,3.23,2.99
sample_231,5.52,5.76,5.57,4.96,5.09,4.67,4.98,5.49,3.61,3.91,3.89,4.2,4.03,3.25,3.63,3.48,4.31,4.45,3.2,3.25
sample_232,5.79,5.81,5.32,5.2,5.08,4.42,5.21,5.39,3.77,3.92,3.96,4.01,3.72,3.28,3.48,3.34,4.47,4.17,3.07,3.67
sample_233,6.03,5.93,5.44,5.31,5.1,4.41,5.32,5.43,3.79,3.98,4.0,4.14,3.85,3.35,3.56,3.36,4.33,4.0,2.22,3.2
sample_234,5.95,5.82,5.23,5.32,5.05,4.3,5.12,5.22,3.77,3.79,4.46,4.32,3.92,3.88,3.77,3.38,4.46,4.02,3.22,3.09
sample_235,5.81,5.88,5.57,5.05,4.95,4.44,5.04,5.44,3.56,3.69,3.86,4.1,4.01,3.26,3.56,3.43,4.43,4.37,3.25,3.24
sample_236,5.79,5.74,5.41,5.14,4.96,4.42,5.1,5.4,3.51,3.75,4.55,4.71,4.46,3.84,3.91,3.49,4.22,4.33,2.85,2.76
sample_237,5.72,5.74,5.33,5.13,4.99,4.38,5.19,5.47,3.7,3.86,4.17,4.27,3.96,3.67,3.71,3.34,4.46,4.29,3.1,3.16
sample_238,5.53,5.69,5.39,4.98,5.06,4.54,5.13,5.51,3.77,3.99,3.91,4.14,3.93,3.36,3.58,3.37,4.37,4.37,3.29,3.2
sample_239,5.75,5.76,5.55,5.12,5.03,4.57,5.01,5.48,3.67,3.86,3.83,4.14,3.95,3.08,3.53,3.44,4.41,4.47,3.29,3.3
sample_240,5.64,5.79,5.47,5.04,4.97,4.44,5.13,5.49,3.68,3.79,3.98,4.27,4.15,3.32,3.62,3.47,4.35,4.38,3.2,3.27
sample_241,6.0,5.83,5.32,5.45,5.19,4.44,5.13,5.24,3.78,3.85,3.99,4.12,3.92,3.63,3.68,3.35,4.14,3.88,3.31,3.14
sample_242,5.96,5.77,5.17,5.26,4.99,4.28,5.19,5.32,3.87,3.85,4.21,4.12,3.8,3.63,3.67,3.35,4.56,4.08,3.41,3.34
sample_243,5.75,5.67,5.35,5.26,5.05,4.46,5.1,5.46,3.73,3.87,4.17,4.23,3.87,3.52,3.59,3.31,4.39,4.25,3.16,3.12
sample_244,5.84,5.76,5.34,5.21,5.05,4.44,5.07,5.3,3.66,3.8,4.28,4.42,4.16,3.86,3.95,3.52,4.32,4.19,3.21,3.04
sample_245,5.7,5.8,5.4,5.0,5.06,4.49,5.14,5.36,3.76,3.86,3.69,4.17,4.11,3.0,3.53,3.47,4.23,4.14,3.32,3.23
sample_246,5.92,5.81,5.31,5.28,5.08,4.42,5.11,5.28,3.78,3.81,3.83,3.89,3.68,3.37,3.49,3.42,4.52,4.13,3.37,3.28
sample_247,5.98,5.88,5.44,5.18,4.97,4.41,5.13,5.44,3.72,3.77,4.02,4.13,3.93,3.44,3.56,3.39,4.6,4.34,3.43,3.34
sample_248,5.86,5.84,5.36,5.21,5.03,4.39,5.09,5.32,3.74,3.78,4.1,4.08,3.75,3.42,3.48,3.42,4.53,4.19,3.33,3.24
sample_249,5.88,5.84,5.34,5.17,5.02,4.36,5.27,5.46,3.81,3.85,3.57,3.64,3.62,2.89,3.41,3.42,4.64,4.24,3.24,3.19
sample_250,5.72,5.89,5.53,5.03,5.01,4.44,5.21,5.52,3.68,3.81,3.59,3.85,3.88,3.2,3.56,3.53,4.45,4.27,3.42,3.3
sample_251,6.05,5.72,5.27,5.49,5.06,4.42,5.11,5.35,3.77,3.91,4.0,4.1,3.89,3.61,3.7,3.34,4.4,4.07,3.26,3.11
sample_252,5.79,5.81,5.38,5.04,4.94,4.36,5.14,5.41,3.67,3.8,4.11,4.25,3.93,3.27,3.54,3.43,4.52,4.31,3.24,3.03
sample_253,5.96,5.88,5.37,5.11,4.97,4.29,5.19,5.38,3.66,3.7,4.36,4.3,3.84,3.68,3.66,3.26,4.48,4.1,3.27,2.99
sample_254,5.5,5.7,5.41,5.02,5.1,4.57,5.09,5.48,3.76,3.99,3.54,3.86,3.72,3.05,3.41,3.44,4.33,4.29,3.27,3.24
sample_255,5.53,5.59,5.2,5.13,5.06,4.45,4.91,5.23,3.71,3.86,4.32,4.32,3.91,3.81,3.78,3.48,4.35,4.2,3.24,3.22
sample_256,6.01,6.01,5.48,5.14,5.04,4.36,5.42,5.59,3.8,3.83,3.91,4.09,3.9,3.22,3.59,3.43,4.71,4.3,3.26,2.57
sample_257,5.87,5.78,5.36,5.29,5.09,4.46,5.15,5.38,3.78,3.83,3.7,3.97,3.83,3.31,3.56,3.41,4.26,3.96,3.23,3.1
sample_258,5.87,5.87,5.58,5.32,5.19,4.66,5.25,5.6,3.76,3.97,3.84,3.95,3.73,3.29,3.55,3.15,4.31,4.15,3.11,3.17
sample_259,5.46,5.52,5.3,5.09,4.98,4.46,4.93,5.38,3.64,3.88,4.27,4.43,4.23,3.88,3.98,3.6,4.2,4.37,3.23,3.16
sample_260,5.87,5.83,5.39,5.15,5.02,4.41,5.15,5.37,3.69,3.81,3.83,4.21,4.15,3.38,3.72,3.5,4.31,4.1,3.25,3.1
sample_261,5.83,5.77,5.34,5.16,4.93,4.29,5.11,5.37,3.65,3.74,4.39,4.36,4.01,3.82,3.79,3.35,4.38,4.17,3.2,3.19
sample_262,5.72,5.8,5.43,5.05,4.98,4.42,5.12,5.47,3.68,3.74,4.05,4.1,3.87,3.36,3.54,3.45,4.42,4.26,3.27,3.21
sample_263,5.76,5.73,5.26,5.25,5.16,4.51,5.04,5.24,3.85,3.94,3.89,4.08,3.87,3.55,3.71,3.51,4.26,4.0,3.44,3.4
sample_264,5.85,5.68,5.29,5.33,5.02,4.41,5.02,5.36,3.75,3.91,4.15,4.13,3.84,3.65,3.64,3.36,4.42,4.21,3.14,3.25
sample_265,5.84,5.85,5.46,5.2,5.06,4.45,5.09,5.33,3.7,3.77,3.97,4.18,4.07,3.5,3.68,3.42,4.17,4.02,3.32,3.24
sample_266,5.88,5.86,5.38,5.07,4.89,4.22,5.15,5.33,3.62,3.65,4.29,4.38,4.02,3.62,3.72,3.31,4.4,4.1,2.83,3.06
sample_267,6.03,5.92,5.46,5.27,5.02,4.36,5.2,5.46,3.75,3.85,4.06,4.04,3.77,3.46,3.6,3.33,4.6,4.3,3.24,3.19
sample_268,5.81,5.76,5.32,5.29,5.07,4.42,5.11,5.33,3.73,3.82,4.37,4.38,3.98,3.91,3.87,3.36,4.39,4.18,3.15,3.17
sample_269,5.46,5.74,5.53,4.91,5.01,4.56,5.05,5.5,3.65,3.88,3.82,4.23,4.18,3.26,3.69,3.55,4.3,4.44,3.22,3.22
sample_270,5.8,5.7,5.37,5.22,5.03,4.46,5.01,5.38,3.64,3.84,4.15,4.33,4.06,3.62,3.78,3.31,4.34,4.28,3.06,3.17
sample_271,5.7,5.71,5.33,5.2,5.11,4.49,5.06,5.32,3.68,3.86,4.64,4.53,4.15,3.9,3.81,3.41,4.23,4.17,3.15,3.01
sample_272,5.84,5.73,5.23,5.34,5.09,4.38,5.1,5.29,3.78,3.87,4.26,4.16,3.88,3.77,3.74,3.41,4.4,4.06,3.19,3.09
sample_273,5.68,5.7,5.42,5.03,4.93,4.45,5.11,5.53,3.67,3.89,3.97,4.22,4.07,3.35,3.62,3.46,4.42,4.44,3.2,3.21
sample_274,5.81,5.69,5.21,5.42,5.12,4.4,5.14,5.32,3.83,3.93,4.11,4.2,3.91,3.7,3.79,3.47,4.29,4.0,2.67,2.9
sample_275,5.79,5.77,5.34,5.38,5.23,4.57,5.1,5.33,3.83,3.95,4.32,4.25,3.91,3.83,3.76,3.34,4.37,4.14,3.19,3.11
sample_276,5.75,5.79,5.36,5.22,5.08,4.42,5.06,5.3,3.74,3.83,4.19,4.2,3.81,3.64,3.67,3.36,4.37,4.13,3.28,3.15
sample_277,5.72,5.73,5.36,5.2,5.11,4.51,4.94,5.21,3.62,3.74,4.22,4.3,3.96,3.67,3.73,3.38,4.16,4.01,3.36,3.21
sample_278,5.82,5.76,5.23,5.37,5.18,4.42,5.05,5.1,3.69,3.77,4.38,4.41,3.99,3.94,3.87,3.44,4.07,3.89,3.42,3.08
sample_279,5.78,5.72,5.31,5.21,5.05,4.45,5.11,5.44,3.76,3.96,3.93,4.15,3.95,3.42,3.66,3.4,4.48,4.32,3.22,3.21
sample_280,5.83,5.76,5.41,5.04,4.86,4.32,5.17,5.51,3.68,3.81,3.88,4.19,4.07,3.26,3.57,3.4,4.47,4.4,3.27,3.24
sample_281,5.5,5.65,5.43,5.02,5.05,4.58,5.02,5.48,3.71,3.93,3.87,4.2,4.04,3.32,3.63,3.44,4.27,4.33,3.29,3.26
sample_282,5.97,5.82,5.33,5.4,5.12,4.42,5.18,5.34,3.75,3.82,4.14,4.18,3.84,3.57,3.61,3.24,4.44,4.0,3.07,2.96
sample_283,5.73,5.68,5.35,5.22,4.99,4.41,5.05,5.37,3.6,3.81,4.8,4.78,4.5,3.94,3.94,3.49,4.34,4.41,3.21,3.14
sample_284,5.96,5.77,5.26,5.45,5.16,4.43,5.09,5.24,3.77,3.82,4.06,4.22,3.94,3.57,3.73,3.34,4.28,3.96,2.99,3.0
sample_285,6.1,5.84,5.35,5.44,5.06,4.34,5.26,5.43,3.8,3.78,4.03,4.19,3.93,3.51,3.62,3.27,4.45,4.01,3.04,2.65
sample_286,5.95,5.82,5.32,5.3,5.03,4.32,5.12,5.3,3.73,3.78,4.36,4.39,4.05,3.79,3.78,3.38,4.4,4.11,3.17,2.89
sample_287,5.88,5.82,5.45,5.46,5.19,4.57,5.15,5.41,3.67,3.88,3.89,4.14,3.94,3.43,3.66,3.33,4.25,4.1,2.7,2.99
sample_288,5.78,5.65,5.26,5.37,5.13,4.5,5.08,5.32,3.84,3.96,4.1,4.13,3.9,3.72,3.77,3.47,4.1,3.98,3.17,3.22
sample_289,5.71,5.77,5.45,5.15,5.11,4.59,4.76,5.49,3.69,3.93,3.73,4.2,4.05,3.18,3.67,3.45,4.3,4.3,3.28,3.19
sample_290,5.8,5.88,5.47,5.03,5.02,4.43,5.19,5.47,3.7,3.82,3.66,3.92,3.8,3.04,3.53,3.43,4.53,4.32,3.34,3.26
sample_291,5.79,5.66,5.11,5.31,5.07,4.32,4.88,4.96,3.71,3.65,4.38,4.54,4.29,3.91,4.05,3.66,4.17,4.15,3.42,3.27
sample_292,5.82,5.77,5.35,5.29,5.08,4.42,5.24,5.43,3.79,3.95,3.34,3.61,3.54,3.08,3.44,3.33,4.31,4.05,3.24,3.23
sample_293,5.68,5.73,5.41,4.88,5.0,4.54,5.1,5.52,3.74,3.99,3.8,4.12,3.93,3.33,3.63,3.46,4.42,4.38,3.37,3.37
sample_294,5.56,5.6,5.26,4.9,4.9,4.39,5.03,5.46,3.7,3.93,4.16,4.32,4.05,3.52,3.73,3.44,4.42,4.43,3.08,3.17
sample_295,5.69,5.79,5.45,5.01,5.0,4.48,5.08,5.48,3.68,3.89,3.94,4.12,3.94,3.28,3.6,3.45,4.41,4.36,3.23,3.25
sample_296,5.96,5.74,5.2,5.45,5.14,4.39,5.13,5.2,3.72,3.77,4.39,4.68,4.33,3.82,4.15,3.79,4.12,4.07,2.75,2.99
sample_297,5.93,5.71,5.21,5.45,5.09,4.36,5.11,5.27,3.78,3.84,4.58,4.48,4.04,4.01,3.86,3.38,4.37,4.09,3.15,3.0
sample_298,5.41,5.71,5.51,4.83,5.02,4.59,5.07,5.56,3.74,3.97,3.87,4.18,3.98,3.21,3.55,3.49,4.37,4.52,3.35,3.41
sample_299,6.18,5.84,5.17,5.46,5.04,4.22,5.23,5.24,3.88,3.78,3.95,3.99,3.79,3.59,3.69,3.37,4.5,3.79,3.42,3.39
sample_300,5.58,5.65,5.34,5.09,5.1,4.54,5.0,5.34,3.65,3.86,4.14,4.36,4.14,3.63,3.84,3.42,4.14,4.19,3.2,3.2
sample_301,6.26,5.91,5.32,5.59,5.08,4.27,5.3,5.42,3.84,3.81,4.23,4.02,3.66,3.65,3.52,2.98,4.59,3.96,2.94,3.1
sample_302,5.91,5.79,5.43,5.35,5.1,4.52,4.98,5.27,3.62,3.76,4.06,4.26,4.08,3.54,3.64,3.4,4.2,4.09,3.23,3.15
sample_303,6.21,5.9,5.18,5.44,5.03,4.13,5.35,5.33,3.89,3.8,4.04,4.29,3.94,3.54,3.76,3.22,4.59,3.97,3.07,2.83
sample_304,6.09,5.86,5.34,5.45,5.06,4.31,5.14,5.29,3.73,3.75,4.18,4.23,3.91,3.71,3.74,3.26,4.39,3.97,3.04,3.17
sample_305,5.9,5.76,5.2,5.35,5.09,4.29,5.16,5.36,3.83,3.82,4.17,4.04,3.74,3.68,3.58,3.3,4.38,3.93,3.32,3.2
sample_306,5.62,5.76,5.48,5.07,5.02,4.48,5.07,5.48,3.64,3.85,4.01,4.2,3.95,3.56,3.7,3.42,4.33,4.31,3.23,3.23
sample_307,5.97,5.7,5.19,5.52,5.11,4.33,5.02,5.2,3.78,3.76,4.45,4.42,4.06,3.95,3.88,3.3,4.32,4.1,3.05,3.25
sample_308,5.9,5.8,5.35,5.14,4.93,4.29,5.14,5.38,3.66,3.69,4.1,4.16,3.86,3.56,3.56,3.3,4.45,4.16,3.25,3.28
sample_309,6.24,5.99,5.42,5.46,5.11,4.39,5.31,5.45,3.89,3.85,3.85,4.0,3.85,3.21,3.57,3.34,4.72,4.15,3.24,3.06
sample_310,5.53,5.69,5.39,4.98,5.0,4.5,4.98,5.37,3.63,3.82,4.06,4.31,4.03,3.53,3.69,3.48,4.36,4.34,3.24,3.1
sample_311,5.98,5.79,5.27,5.32,5.03,4.33,5.09,5.27,3.72,3.75,4.19,4.26,3.97,3.69,3.68,3.37,4.47,4.11,3.24,3.27
sample_312,5.49,5.71,5.45,4.84,4.96,4.5,5.05,5.49,3.65,3.93,3.95,4.18,3.96,3.25,3.54,3.41,4.38,4.45,3.25,3.21
sample_313,5.74,5.74,5.4,5.27,5.15,4.58,5.12,5.44,3.8,4.0,3.68,4.04,3.99,3.34,3.67,3.45,4.23,4.14,3.22,3.2
sample_314,5.48,5.56,5.3,5.14,5.04,4.53,5.09,5.5,3.82,4.06,3.9,4.22,4.13,3.51,3.79,3.57,4.29,4.38,3.17,3.2
sample_315,5.43,5.68,5.37,4.98,5.11,4.57,5.09,5.45,3.76,3.99,3.87,4.05,3.83,3.41,3.57,3.48,4.31,4.27,3.49,3.37
sample_316,5.93,5.76,5.19,5.24,4.96,4.24,5.12,5.2,3.71,3.75,4.26,4.27,4.0,3.69,3.77,3.38,4.19,3.93,3.29,3.22
sample_317,5.66,5.73,5.37,5.08,5.05,4.52,5.07,5.42,3.75,3.94,3.95,4.11,3.87,3.27,3.51,3.47,4.48,4.36,3.29,3.24
sample_318,5.8,5.7,5.24,5.32,5.05,4.41,5.07,5.25,3.78,3.84,4.16,4.23,3.93,3.72,3.83,3.4,4.15,3.96,3.3,3.23
sample_319,5.56,5.68,5.42,5.13,5.15,4.68,4.98,5.35,3.73,3.98,3.89,4.16,4.0,3.47,3.71,3.51,4.17,4.19,3.3,3.21
sample_320,5.98,5.85,5.36,5.3,4.93,4.2,5.17,5.35,3.69,3.74,4.17,4.14,3.84,3.54,3.72,3.3,4.49,4.15,3.12,3.25
sample_321,6.0,5.78,5.22,5.63,5.33,4.56,5.2,5.29,3.99,4.04,4.04,4.09,3.74,3.67,3.48,3.19,4.4,3.88,2.96,2.72
sample_322,5.9,5.78,5.36,5.33,5.08,4.38,5.07,5.32,3.71,3.8,4.29,4.31,4.04,3.75,3.75,3.38,4.31,4.06,3.19,2.95
sample_323,5.72,5.78,5.46,5.08,4.99,4.49,5.12,5.46,3.74,3.9,3.65,4.11,4.02,3.03,3.5,3.42,4.28,4.24,3.18,3.35
sample_324,5.99,5.82,5.31,5.51,5.16,4.4,5.06,5.2,3.76,3.72,4.25,4.36,4.06,3.68,3.8,3.36,4.34,4.05,3.21,3.15
sample_325,5.86,5.8,5.39,5.26,5.06,4.43,5.18,5.42,3.77,3.85,3.77,4.01,3.84,3.18,3.52,3.3,4.36,4.14,3.0,3.2
sample_326,5.47,5.63,5.46,5.0,4.98,4.55,5.06,5.59,3.74,3.98,3.62,4.15,4.13,3.13,3.67,3.5,4.25,4.44,3.33,3.38
sample_327,5.49,5.7,5.47,5.08,5.17,4.72,4.97,5.4,3.71,3.98,3.76,4.1,4.05,3.3,3.66,3.58,4.19,4.3,3.25,3.22
sample_328,5.93,5.76,5.36,5.28,5.02,4.39,4.94,5.18,3.58,3.64,4.48,4.46,4.11,3.9,3.79,3.43,4.25,4.02,3.25,3.1
sample_329,5.75,5.71,5.19,5.26,5.09,4.37,5.11,5.23,3.78,3.85,4.2,4.23,3.92,3.72,3.75,3.39,4.37,4.07,3.3,3.19
sample_330,5.9,5.88,5.43,5.2,5.05,4.41,5.17,5.45,3.77,3.85,3.89,3.98,3.77,3.23,3.48,3.32,4.56,4.3,3.29,3.19
sample_331,5.76,5.83,5.39,5.13,5.04,4.41,5.15,5.4,3.67,3.83,4.17,4.23,3.93,3.53,3.64,3.32,4.43,4.18,3.02,3.18
sample_332,5.81,5.8,5.29,5.17,5.08,4.42,5.22,5.36,3.82,3.87,3.89,4.11,3.93,3.43,3.67,3.38,4.45,4.11,3.25,3.26
sample_333,5.76,5.78,5.35,5.2,5.1,4.48,5.06,5.31,3.73,3.86,4.12,4.28,4.05,3.5,3.72,3.38,4.28,4.15,3.32,3.19
sample_334,5.77,5.78,5.35,5.18,5.03,4.41,5.1,5.42,3.74,3.9,4.02,4.02,3.72,3.33,3.48,3.47,4.56,4.33,3.28,3.21
sample_335,5.6,5.72,5.35,5.28,5.27,4.64,5.04,5.32,3.83,3.98,3.91,4.14,3.9,3.51,3.72,3.4,4.23,4.11,3.44,3.21
sample_336,5.66,5.74,5.43,5.09,5.05,4.51,5.08,5.46,3.69,3.91,3.95,4.13,3.94,3.29,3.6,3.46,4.38,4.32,3.33,3.27
sample_337,5.55,5.73,5.54,4.91,4.98,4.56,5.13,5.69,3.72,3.99,3.09,3.6,3.75,2.26,3.26,3.46,4.45,4.59,3.3,3.28
sample_338,6.2,5.82,5.21,5.32,4.92,4.17,5.08,5.13,3.69,3.65,4.6,4.48,4.11,3.82,3.85,3.5,4.28,3.97,3.24,3.2
sample_339,5.73,5.75,5.38,5.14,5.02,4.43,5.0,5.29,3.59,3.8,4.27,4.43,4.29,3.69,3.93,3.6,4.16,4.25,3.12,3.28
sample_340,5.88,5.77,5.38,5.36,5.15,4.57,5.09,5.38,3.79,3.93,3.67,3.89,3.71,3.04,3.52,3.3,4.36,4.11,3.2,3.28
sample_341,5.76,5.79,5.34,5.15,5.06,4.41,5.12,5.31,3.7,3.75,4.36,4.45,4.15,3.72,3.81,3.41,4.36,4.19,3.22,3.1
sample_342,5.74,5.75,5.43,5.21,4.97,4.41,5.12,5.48,3.64,3.82,4.26,4.33,4.03,3.67,3.65,3.34,4.42,4.34,3.08,3.02
sample_343,5.92,5.76,5.34,5.28,5.0,4.37,5.11,5.36,3.72,3.81,3.88,4.15,4.02,3.56,3.78,3.5,4.35,4.22,3.28,3.21
sample_344,5.71,5.79,5.44,5.11,5.0,4.44,5.1,5.47,3.68,3.86,4.05,4.15,3.85,3.32,3.52,3.43,4.49,4.38,3.25,3.25
sample_345,5.86,5.72,5.2,5.34,5.14,4.49,5.09,5.18,3.96,4.09,3.83,3.99,3.77,3.43,3.69,3.57,4.06,3.89,3.51,3.48
sample_346,6.32,5.87,5.24,5.7,5.16,4.34,5.09,5.06,3.59,3.6,4.31,4.28,3.95,3.79,3.91,3.23,4.01,3.56,2.38,3.28
sample_347,5.87,5.76,5.19,5.41,5.15,4.38,5.09,5.16,3.79,3.84,4.53,4.37,3.88,4.01,3.87,3.37,4.36,3.97,3.36,3.2
sample_348,5.58,5.78,5.46,4.91,4.99,4.47,5.11,5.49,3.65,3.85,3.86,4.06,3.78,3.32,3.51,3.46,4.44,4.39,3.31,3.25
sample_349,5.61,5.73,5.44,5.04,5.03,4.52,5.14,5.54,3.79,4.0,3.38,3.75,3.71,3.03,3.47,3.45,4.41,4.31,3.13,3.35
sample_350,5.39,5.63,5.38,4.82,4.97,4.49,5.07,5.53,3.69,3.94,3.99,4.22,4.01,3.34,3.59,3.41,4.35,4.46,3.25,3.29
sample_351,5.87,5.7,5.23,5.28,4.99,4.33,5.13,5.32,3.77,3.87,4.31,4.31,4.02,3.82,3.81,3.38,4.31,4.08,3.15,3.14
sample_352,5.83,5.8,5.29,5.26,5.07,4.34,5.1,5.27,3.71,3.75,4.39,4.35,4.0,3.85,3.79,3.34,4.39,4.13,3.22,3.15
sample_353,6.01,5.83,5.41,5.45,5.07,4.4,5.13,5.37,3.79,3.84,3.89,3.99,3.82,3.53,3.61,3.32,4.43,4.16,3.17,3.11
sample_354,6.0,5.73,5.08,5.44,4.97,4.12,5.19,5.2,3.85,3.74,4.09,4.08,3.77,3.68,3.71,3.27,4.43,3.92,3.29,3.29
sample_355,5.75,5.71,5.28,5.17,5.07,4.49,5.09,5.4,3.81,3.99,3.77,4.05,3.91,3.34,3.65,3.54,4.54,4.35,3.35,3.38
sample_356,5.58,5.65,5.37,5.07,5.05,4.56,4.96,5.3,3.8,3.87,4.07,4.2,3.93,3.3,3.59,3.45,4.15,4.09,3.43,3.31
sample_357,5.29,5.6,5.45,4.86,5.06,4.66,4.87,5.38,3.63,3.94,3.77,4.11,4.01,3.33,3.67,3.52,4.09,4.31,3.37,3.36
sample_358,5.79,5.73,5.35,5.07,4.96,4.4,5.02,5.31,3.59,3.77,4.41,4.69,4.57,3.76,4.02,3.72,4.36,4.54,3.3,3.28
sample_359,5.46,5.75,5.61,4.91,5.05,4.66,5.02,5.57,3.68,3.92,3.8,4.15,3.95,3.16,3.47,3.48,4.37,4.58,3.36,3.36
sample_360,5.68,5.76,5.44,5.2,5.11,4.54,5.12,5.41,3.68,3.84,4.09,4.3,4.11,3.49,3.54,3.38,4.05,4.24,3.07,3.52
sample_361,5.95,5.79,5.33,5.38,5.07,4.39,5.25,5.4,3.82,3.92,3.55,3.83,3.76,3.39,3.41,3.33,3.98,3.65,3.26,3.22
sample_362,5.82,5.78,5.28,5.35,5.18,4.46,5.13,5.31,3.82,3.95,4.04,4.11,3.85,3.59,3.73,3.48,4.35,4.03,3.2,3.18
sample_363,5.72,5.69,5.3,5.1,4.96,4.35,5.18,5.46,3.76,3.84,4.06,4.17,3.94,3.61,3.65,3.3,4.38,4.26,3.36,3.29
sample_364,5.77,5.74,5.49,5.36,5.18,4.66,5.05,5.45,3.71,3.95,4.06,4.14,3.86,3.59,3.67,3.41,4.24,4.19,3.24,3.11
sample_365,5.56,5.69,5.38,5.06,5.04,4.4,5.11,5.47,3.74,3.98,4.02,4.09,3.99,3.4,3.61,3.46,4.37,4.36,3.35,3.32
sample_366,5.71,5.72,5.43,5.07,4.95,4.43,4.99,5.41,3.65,3.83,3.96,4.29,4.14,3.32,3.7,3.64,4.31,4.33,3.28,3.4
sample_367,5.57,5.63,5.18,5.14,5.07,4.41,5.03,5.25,3.77,3.89,4.18,4.22,3.86,3.77,3.78,3.42,4.29,4.07,3.32,3.2
sample_368,5.74,5.75,5.28,5.19,5.08,4.42,5.2,5.4,3.84,3.96,3.7,3.94,3.8,3.3,3.66,3.51,4.38,4.06,3.33,3.23
sample_369,5.71,5.76,5.41,4.96,4.85,4.27,5.05,5.35,3.51,3.63,4.51,4.63,4.42,3.85,3.88,3.55,4.37,4.43,3.17,3.23
sample_370,5.91,5.8,5.36,5.16,4.94,4.34,5.08,5.34,3.69,3.73,4.16,4.31,4.05,3.59,3.72,3.38,4.41,4.19,3.2,3.15
sample_371,5.63,5.78,5.51,4.9,4.93,4.46,5.1,5.52,3.66,3.91,4.04,4.18,3.92,3.21,3.46,3.43,4.52,4.52,3.29,3.32
sample_372,5.45,5.64,5.4,5.0,5.03,4.54,4.96,5.36,3.62,3.85,4.06,4.4,4.26,3.55,3.81,3.49,4.15,4.29,3.13,3.28
sample_373,5.93,5.77,5.37,5.32,4.99,4.38,5.0,5.32,3.69,3.74,4.34,4.31,3.96,3.61,3.61,3.35,4.42,4.18,3.14,3.2
sample_374,6.09,5.89,5.28,5.33,5.09,4.35,5.33,5.4,3.92,3.91,3.92,3.93,3.7,3.45,3.53,3.23,4.65,4.04,3.21,3.25
sample_375,5.91,5.82,5.3,5.45,5.23,4.51,5.02,5.16,3.78,3.89,4.02,3.92,3.66,3.58,3.6,3.33,4.31,3.89,3.35,3.25
sample_376,5.78,5.89,5.58,5.08,5.05,4.52,5.12,5.48,3.68,3.84,3.49,3.85,3.78,2.69,3.37,3.41,4.48,4.43,3.36,3.35
sample_377,5.93,5.79,5.34,5.27,5.05,4.42,5.2,5.37,3.83,3.88,3.67,3.93,3.74,3.25,3.52,3.4,4.35,4.03,3.41,3.33
sample_378,5.35,5.49,5.33,5.02,5.08,4.66,4.9,5.44,3.71,4.04,3.64,4.06,4.0,3.22,3.68,3.5,4.13,4.35,3.31,3.27
sample_379,5.89,5.88,5.46,5.24,5.05,4.42,5.1,5.34,3.66,3.73,4.06,4.16,4.0,3.53,3.67,3.47,4.35,4.07,3.3,3.08
sample_380,5.89,5.94,5.52,5.12,5.01,4.41,5.26,5.53,3.71,3.85,3.78,4.07,3.95,3.31,3.56,3.43,4.56,4.33,3.23,3.2
sample_381,5.81,5.82,5.42,5.34,5.24,4.62,5.15,5.41,3.82,3.99,4.03,4.16,3.87,3.51,3.67,3.36,4.3,4.04,3.2,3.02
sample_382,6.0,5.84,5.31,5.18,4.9,4.21,5.22,5.34,3.74,3.72,4.44,4.26,3.92,3.78,3.67,3.31,4.38,3.97,3.3,3.26
sample_383,5.87,5.88,5.4,5.28,5.19,4.52,5.18,5.38,3.73,3.93,3.8,3.99,3.81,3.13,3.45,3.29,4.44,4.11,3.18,3.01
sample_384,5.45,5.68,5.46,4.93,5.02,4.57,5.07,5.56,3.7,3.97,3.82,4.16,4.02,3.35,3.58,3.5,4.39,4.5,3.31,3.34
sample_385,6.21,5.84,5.19,5.42,4.92,4.14,5.19,5.22,3.76,3.65,4.14,4.18,3.94,3.74,3.69,3.37,4.47,3.84,3.21,3.11
sample_386,5.76,5.72,5.25,5.25,5.11,4.42,5.08,5.28,3.73,3.85,4.32,4.36,3.97,3.87,3.87,3.37,4.37,4.15,3.27,3.16
sample_387,5.85,5.76,5.24,5.29,5.07,4.33,5.05,5.23,3.73,3.79,4.46,4.54,4.29,4.0,4.1,3.61,4.32,4.23,3.04,3.14
sample_388,5.65,5.76,5.46,5.07,5.06,4.56,5.03,5.37,3.69,3.93,3.81,4.14,3.95,3.33,3.69,3.49,4.17,4.16,3.4,3.32
sample_389,5.93,5.75,5.23,5.34,5.06,4.3,5.16,5.37,3.83,3.85,4.09,3.97,3.64,3.57,3.51,3.25,4.36,3.96,3.33,2.97
sample_390,5.94,5.84,5.36,5.21,5.05,4.41,5.15,5.4,3.72,3.88,4.25,4.07,3.78,3.45,3.63,3.38,4.47,4.16,3.22,3.22
sample_391,5.78,5.72,5.27,5.03,4.93,4.33,5.12,5.38,3.7,3.85,4.28,4.34,3.95,3.74,3.71,3.34,4.49,4.27,3.22,3.2
sample_392,6.28,5.78,5.23,5.61,5.1,4.35,5.12,5.23,3.78,3.75,4.4,4.19,3.78,3.82,3.57,3.12,4.38,3.82,3.24,3.52
sample_393,5.78,5.8,5.36,5.12,5.05,4.41,5.13,5.37,3.68,3.82,4.27,4.29,3.9,3.72,3.73,3.36,4.4,4.12,3.3,3.04
sample_394,5.88,5.69,5.24,5.21,4.98,4.35,5.06,5.36,3.71,3.87,4.12,4.28,4.13,3.51,3.72,3.44,4.46,4.37,3.14,3.14
sample_395,5.98,5.8,5.26,5.3,5.06,4.33,5.05,5.2,3.71,3.75,4.44,4.43,3.99,3.87,3.85,3.3,4.43,4.09,3.22,3.2
