,G0F,G1F,G2F,G0FN,G1FN,G2FN,G1FS,G2FS,G1FNS,G2FNS,G0,G1,G2,G0N,G1N,G2N,G1S,G2S,G1NS,G2NS
sample_01,5.21,5.4,5.13,4.68,4.83,4.09,4.25,5.06,3.54,3.49,4.46,4.62,4.34,3.75,3.89,3.39,3.65,4.1,3.19,3.13
sample_02,5.49,5.52,5.09,5.03,5.05,4.15,4.39,4.98,3.64,3.54,4.31,4.38,4.09,3.73,3.85,3.29,3.6,3.84,3.12,3.07
sample_03,4.92,5.29,5.06,4.51,4.87,4.15,4.19,5,3.66,3.65,4.2,4.5,4.25,3.77,4.04,3.37,3.64,4.1,3.33,2.92
sample_04,4.97,5.32,5.27,4.55,4.94,4.38,4.04,5.12,3.5,3.68,4.05,4.58,4.6,3.43,4.07,3.62,3.6,4.31,3.34,2.87
sample_05,5.32,5.36,4.88,5.03,5.1,4.2,4.24,4.71,3.64,3.52,4.48,4.52,4.13,4.11,4.16,3.34,3.69,3.84,3.18,2.82
sample_06,5.11,5.45,5.35,4.62,4.95,4.36,4.24,5.29,3.63,3.71,3.9,4.35,4.33,3.45,3.89,3.46,3.62,4.21,3.3,2.98
sample_07,5.33,5.44,5.11,4.94,5.08,4.27,4.31,5.02,3.65,3.64,4.1,4.41,4.28,3.45,3.85,3.48,3.64,3.99,3.44,2.94
sample_08,5.29,5.5,5.22,4.84,5.06,4.29,4.28,5.02,3.67,3.62,3.82,3.91,4.27,3.28,3.73,3.63,3.46,3.69,3.75,2.91
sample_09,5.22,5.39,5.08,4.78,4.91,4.11,4.36,5.13,3.71,3.71,4.25,4.37,4.06,3.78,3.89,3.29,3.73,4.04,3.07,3.01
sample_10,5.2,5.35,5.01,4.94,5.07,4.24,4.36,5.03,3.81,3.75,4.22,4.28,4.01,3.87,3.92,3.32,3.54,3.86,3.07,2.85
sample_11,5.61,5.43,4.81,5.06,4.9,3.87,4.55,4.95,3.8,3.59,4.89,4.63,4.13,4.22,4.08,3.2,3.89,4.03,3.02,2.88
sample_12,5.13,5.37,5.05,4.81,5.1,4.36,4.44,5.2,4.03,3.99,4.15,4.27,3.99,3.85,3.95,3.31,3.65,4,3.17,2.9
sample_13,5.46,5.52,5.11,5.07,5.09,4.25,4.36,4.94,3.63,3.52,4.23,4.4,4.06,3.73,3.89,3.31,3.56,3.79,2.92,2.67
sample_14,5.29,5.43,5.11,4.87,5.07,4.29,4.37,5.13,3.81,3.81,3.75,4.03,3.94,3.37,3.66,3.23,3.65,3.96,3.16,3.04
sample_15,5.53,5.41,4.83,5.01,4.91,3.94,4.39,4.83,3.69,3.51,4.48,4.4,4.01,3.97,3.88,3.19,3.72,3.91,3.67,2.91
sample_16,5.16,5.35,4.95,4.84,4.94,4.1,4.27,4.93,3.62,3.58,4.47,4.6,4.27,4.06,4.13,3.41,3.71,4.15,3.22,2.91
sample_17,5.17,5.39,5,4.68,4.92,4.11,4.38,5.06,3.67,3.65,4.27,4.51,4.18,3.72,3.98,3.25,3.74,4.13,3.02,2.9
sample_18,5.36,5.49,5.07,4.91,4.96,4.01,4.35,4.91,3.5,3.38,4.41,4.47,4.06,3.97,3.98,3.35,3.59,3.81,3.27,2.69
sample_19,5.51,5.45,4.96,5.13,5.03,4.07,4.42,4.98,3.79,3.6,4.32,4.3,3.88,3.88,3.85,3.11,3.7,3.83,3.38,2.9
sample_20,5.23,5.41,4.98,4.8,4.94,4.05,4.32,4.99,3.68,3.66,4.54,4.55,4.11,4.1,4.11,3.31,3.76,4.04,3.02,2.98
sample_21,5.52,5.44,4.97,5.14,5.03,4.09,4.43,4.98,3.77,3.59,4.37,4.27,3.96,3.88,3.82,3.29,3.71,3.8,3.09,2.96
sample_22,4.98,5.33,5.14,4.75,5.14,4.47,4.28,5.2,3.9,4,3.79,4.17,3.97,3.4,3.86,3.34,3.6,4.06,3.23,3.08
sample_23,4.68,4.92,4.59,4.33,4.54,3.77,3.87,4.57,3.3,3.27,4.7,5.07,4.56,4.13,4.56,3.69,4.03,4.41,3.29,3.09
sample_24,5.44,5.48,5.06,5.12,5.15,4.29,4.41,5.02,3.8,3.67,4.1,4.29,3.98,3.67,3.89,3.17,3.52,3.78,3.09,2.81
sample_25,5.36,5.38,4.99,4.94,4.95,4.1,4.35,5.04,3.69,3.61,4.22,4.36,4.05,3.7,3.86,3.18,3.71,4.07,3.42,2.93
sample_26,5.14,5.3,4.97,4.89,5.01,4.22,4.14,4.86,3.63,3.6,4.37,4.54,4.2,3.95,4.13,3.4,3.58,4.02,3.26,2.89
sample_27,5.16,5.48,5.3,4.68,4.99,4.38,4.3,5.23,3.67,3.71,3.89,4.34,4.27,3.28,3.77,3.33,3.64,4.21,2.96,2.9
sample_28,5.47,5.41,4.97,5.04,5.01,4.09,4.29,4.83,3.56,3.48,4.36,4.47,4.1,3.85,3.97,3.4,3.47,3.77,3.47,3.05
sample_29,5.23,5.49,5.29,4.55,4.87,4.25,4.42,5.39,3.7,3.74,3.61,4.08,4.05,2.99,3.46,3.2,3.8,4.28,3.05,3.03
sample_30,5.54,5.43,4.74,5.1,4.99,3.93,4.41,4.68,3.73,3.55,4.57,4.42,3.89,3.99,3.91,3.06,3.7,3.71,3,3.02
sample_31,5.62,5.56,5.07,5.18,5.1,4.19,4.51,5.05,3.8,3.67,4.2,4.19,3.88,3.76,3.72,3.16,3.74,3.8,2.94,2.79
sample_32,5.24,5.34,5.12,4.93,5.09,4.16,4.36,5.22,3.51,3.65,4.1,4.35,4.25,3.48,3.89,3.34,3.49,3.9,3.68,3.12
sample_33,5.29,5.45,5.15,4.86,5.02,4.29,4.27,5.06,3.64,3.7,4.12,4.37,4.25,3.64,3.88,3.32,3.52,4.05,3.06,2.86
sample_34,5.35,5.53,5.1,4.87,5.06,4.18,4.55,5.16,3.82,3.75,4,4.18,3.88,3.54,3.7,3.19,3.74,3.87,3.36,2.83
sample_35,5.18,5.5,5.21,4.68,4.98,4.23,4.32,5.09,3.59,3.54,4.17,4.4,4.15,3.64,3.91,3.34,3.6,4.01,3.01,2.89
sample_36,5.53,5.56,5.07,5.14,5.02,4.08,4.47,5.01,3.73,3.62,4.29,4.28,3.82,3.84,3.79,3.13,3.79,3.77,2.94,3.1
sample_37,5.18,5.4,5.22,4.72,4.96,4.35,4.25,5.23,3.68,3.77,3.96,4.43,4.35,3.46,3.95,3.41,3.66,4.25,3.06,2.87
sample_38,5.08,5.38,5.1,4.65,4.98,4.25,4.31,5.11,3.69,3.74,4.14,4.39,4.13,3.68,3.97,3.29,3.62,4.08,2.93,2.93
sample_39,5.5,5.49,5.1,5.02,5.04,4.22,4.39,5.05,3.74,3.69,4,4.25,4.11,3.52,3.85,3.31,3.64,3.93,3.12,3.04
sample_40,5.17,5.49,5.33,4.54,4.99,4.38,4.35,5.35,3.76,3.84,3.52,4.07,4.07,2.88,3.57,3.29,3.68,4.23,3.09,3.12
sample_41,5.15,5.32,5.02,4.68,4.9,4.16,4.23,5,3.61,3.63,4.41,4.58,4.28,3.85,4.11,3.4,3.72,4.16,3.11,2.97
sample_42,5.43,5.58,5.12,4.94,5.12,4.24,4.39,5,3.66,3.59,4.27,4.38,3.94,3.74,3.86,3.17,3.63,3.77,2.97,2.85
sample_43,5.18,5.42,5.26,4.75,4.94,4.32,4.27,5.21,3.61,3.65,3.95,4.39,4.33,3.32,3.89,3.44,3.56,4.19,3.2,2.95
sample_44,5.24,5.47,5.1,4.75,4.98,4.22,4.35,5.07,3.75,3.75,4.07,4.25,3.96,3.69,3.88,3.31,3.7,3.95,3.15,3.07
sample_45,5.37,5.51,5.12,4.97,5.14,4.27,4.33,4.91,3.65,3.57,4.18,4.35,4.11,3.56,3.86,3.32,3.5,3.77,3.13,2.52
sample_46,5.3,5.33,4.98,5.03,5.05,4.2,4.3,4.95,3.75,3.69,4.37,4.37,4.03,4.03,4.04,3.26,3.58,3.87,3.12,2.9
sample_47,5.28,5.39,4.97,4.94,5.06,4.21,4.38,4.98,3.82,3.72,4.23,4.23,3.85,3.87,3.87,3.23,3.7,3.82,3.13,2.98
sample_48,5.36,5.43,5.04,5.02,5.07,4.23,4.3,4.97,3.73,3.7,4.18,4.29,3.96,3.78,3.9,3.19,3.64,3.86,3.16,2.87
sample_49,5.23,5.43,5.25,4.82,4.95,4.28,4.3,5.24,3.66,3.71,3.92,4.34,4.21,3.45,3.83,3.35,3.65,4.16,3.1,2.98
sample_50,4.87,5.22,5.09,4.5,4.84,4.22,4.17,5.16,3.66,3.74,3.94,4.37,4.25,3.53,3.93,3.37,3.63,4.24,3.13,2.9
sample_51,4.97,5.18,5.05,4.81,4.95,4.31,4.07,5.09,3.68,3.79,4.11,4.38,4.22,3.81,4.05,3.44,3.54,4.2,3,2.89
sample_52,5.43,5.54,5.11,4.86,4.93,4.07,4.42,5.02,3.5,3.41,4.35,4.57,4.22,3.71,3.92,3.28,3.69,4.02,3.03,2.91
sample_53,5.42,5.46,5,4.92,5,4.13,4.35,4.92,3.72,3.66,4.17,4.32,3.95,3.55,3.8,3.17,3.69,3.85,3.2,3
sample_54,5.27,5.45,5.14,4.86,4.98,4.22,4.23,4.98,3.55,3.56,4.27,4.39,4.2,3.83,3.95,3.36,3.6,4.02,2.96,2.75
sample_55,5.33,5.47,5.09,4.94,5.04,4.18,4.43,5.09,3.78,3.73,4.07,4.23,3.92,3.58,3.78,3.18,3.72,3.92,2.99,2.97
sample_56,5.26,5.44,5.13,5,5.13,4.35,4.31,5.04,3.8,3.8,4.13,4.28,3.99,3.71,3.92,3.28,3.68,3.91,3.18,3.1
sample_57,5.32,5.41,4.89,4.84,4.89,3.96,4.25,4.75,3.56,3.51,5.19,5.17,4.45,4.44,4.45,3.45,3.9,4.08,2.98,2.91
sample_58,5.18,5.5,5.38,4.69,4.98,4.35,4.26,5.31,3.61,3.74,4.04,4.35,4.2,3.5,3.77,3.27,3.73,4.22,3.25,2.9
sample_59,5.4,5.5,5.06,4.89,5.01,4.19,4.39,5,3.72,3.66,4.16,4.25,4,3.75,3.89,3.28,3.61,3.9,3.14,2.86
sample_60,5.11,5.36,5.06,4.75,5.01,4.22,4.23,5.01,3.64,3.65,4.19,4.44,4.21,3.73,3.97,3.35,3.57,4.04,3.09,2.78
sample_61,5.09,5.39,5.18,4.79,5.07,4.39,4.29,5.21,3.74,3.85,4.03,4.31,4.05,3.71,3.91,3.3,3.66,4.13,3.06,3
sample_62,5.23,5.22,4.91,4.92,4.96,4.17,4.12,4.85,3.64,3.64,4.32,4.46,4.19,4.05,4.18,3.49,3.63,4.04,3.5,3.05
sample_63,5.43,5.51,5.09,4.9,4.92,4.07,4.42,5.05,3.72,3.59,4.32,4.39,4.04,3.65,3.79,3.18,3.81,4,3.09,3.15
sample_64,5.24,5.4,4.92,4.93,5.07,4.15,4.4,4.94,3.84,3.77,4.22,4.29,3.94,3.87,3.89,3.15,3.7,3.9,3.2,2.99
sample_65,5.29,5.5,5.02,4.78,4.96,4.05,4.52,5.08,3.77,3.68,4.37,4.43,4,3.77,3.88,3.14,3.77,3.94,2.86,2.8
sample_66,5.21,5.54,5.2,4.74,5.03,4.26,4.4,5.13,3.74,3.73,3.98,4.28,4.01,3.34,3.72,3.24,3.7,3.99,3.09,3.01
sample_67,5.07,5.26,5.02,4.81,4.96,4.24,4.02,4.84,3.47,3.54,4.5,4.78,4.59,4.1,4.36,3.73,3.68,4.3,3.11,2.97
sample_68,5.35,5.42,4.89,4.9,4.97,4.05,4.33,4.81,3.66,3.53,4.38,4.41,3.98,3.88,3.96,3.21,3.69,3.81,3.39,2.93
sample_69,4.93,5.38,5.27,4.45,4.88,4.3,4.19,5.27,3.61,3.69,3.91,4.45,4.37,3.38,3.95,3.43,3.66,4.34,3,3.01
sample_70,5.3,5.35,4.89,4.86,4.96,4.08,4.34,4.96,3.69,3.63,4.61,4.46,3.93,3.81,3.88,3.19,3.77,3.87,3.26,2.91
sample_71,5.08,5.15,5.08,4.69,4.81,4.25,4.02,5.11,3.57,3.71,3.9,4.53,4.55,3.36,4.06,3.6,3.61,4.39,3.16,3.1
sample_72,5.54,5.45,4.94,5.18,5.07,4.13,4.45,4.97,3.79,3.7,4.15,4.12,3.83,3.76,3.76,3.15,3.76,3.77,3.05,3.15
sample_73,5.1,5.46,5.29,4.58,4.92,4.33,4.25,5.17,3.54,3.6,3.94,4.42,4.39,3.17,3.88,3.48,3.48,4.18,3.16,2.98
sample_74,4.91,5.39,5.29,4.41,4.98,4.41,4.1,5.12,3.45,3.6,4.02,4.63,4.59,3.38,4.08,3.6,3.55,4.29,3.1,2.92
sample_75,5.41,5.48,5.09,4.95,5.1,4.26,4.32,4.92,3.59,3.49,4.37,4.49,4.06,3.69,3.92,3.31,3.19,3.8,2.79,1.76
sample_76,5.15,5.37,5.13,4.8,5,4.27,4.2,5.03,3.61,3.63,4.14,4.41,4.17,3.75,3.91,3.39,3.64,4.02,3.16,2.94
sample_77,5.22,5.34,4.96,4.89,5.04,4.25,4.18,4.88,3.6,3.53,4.2,4.45,4.23,3.74,3.97,3.38,3.27,4.06,3,2.87
sample_78,5.27,5.45,5.14,4.87,5,4.2,4.28,5.03,3.55,3.51,4.39,4.52,4.2,3.84,3.97,3.31,3.58,3.96,2.87,2.91
sample_79,5.26,5.33,5.01,4.9,4.92,4.15,4.19,4.77,3.67,3.43,4.18,4.46,4.3,3.74,3.99,3.64,3.68,3.97,3.33,3.33
sample_80,5.3,5.4,5.04,4.94,5.02,4.19,4.3,4.93,3.62,3.54,4.28,4.45,4.23,3.84,3.98,3.33,3.5,4.02,3.23,2.6
sample_81,5.42,5.49,5.03,5.02,5.01,4.11,4.27,4.8,3.51,3.36,4.53,4.67,4.34,4.08,4.13,3.41,3.68,4.01,3.06,2.88
sample_82,5.08,5.4,5.2,4.71,5.01,4.34,4.15,5.04,3.57,3.62,4,4.39,4.32,3.51,3.92,3.45,3.57,4.12,3.11,2.97
sample_83,5.52,5.57,5.05,5.08,5.08,4.12,4.45,4.91,3.66,3.47,4.49,4.41,3.99,4.11,3.98,3.23,3.69,3.78,2.96,2.72
sample_84,5.66,5.58,5.11,5.14,5.1,4.16,4.47,4.98,3.63,3.41,4.36,4.49,4.14,3.82,3.84,3.47,3.53,3.88,2.62,2.6
sample_85,5.2,5.49,5.27,4.58,4.89,4.22,4.33,5.18,3.56,3.55,4.1,4.52,4.42,3.42,3.88,3.47,3.65,4.24,3.03,2.95
sample_86,5.6,5.66,5.11,4.9,4.93,4.05,4.6,5.1,3.66,3.45,3.94,4.26,4.18,3.34,3.67,3.18,3.91,4.12,3.02,2.99
sample_87,5.34,5.38,4.97,4.96,4.9,4.04,4.29,4.89,3.57,3.43,4.69,4.76,4.38,4.23,4.21,3.35,3.72,4.13,2.91,2.74
sample_88,5.09,5.42,5.23,4.68,5.05,4.44,4.24,5.09,3.57,3.69,4.13,4.47,4.3,3.63,3.94,3.41,3.55,4.07,2.98,2.76
sample_89,5.56,5.67,5.26,5.09,5.19,4.34,4.45,5.05,3.68,3.6,4.15,4.38,4.02,3.61,3.88,3.24,3.45,3.82,3.25,2.64
sample_90,5.79,5.71,5.22,5.23,5.18,4.24,4.67,5.15,3.85,3.65,3.97,4.04,3.77,3.47,3.55,3.26,3.65,3.54,3.09,2.71
sample_91,5.15,5.33,5.04,4.81,4.98,4.25,4.23,4.98,3.62,3.59,4.26,4.57,4.28,3.85,4.14,3.43,3.56,4.06,3.09,2.95
sample_92,5.22,5.44,5.06,4.65,4.9,4.1,4.32,4.97,3.51,3.46,4.33,4.51,4.25,3.8,3.98,3.29,3.73,4.09,3.15,2.96
sample_93,5.1,5.51,5.44,4.77,5.2,4.63,4.19,5.32,3.57,3.58,4.09,4.54,4.49,3.41,4.12,3.44,3.33,4.15,2.36,2.18
sample_94,5.23,5.43,5.05,4.81,5,4.19,4.29,4.95,3.61,3.57,4.3,4.59,4.31,3.78,4.08,3.48,3.52,4.08,3.16,2.94
sample_95,5.1,5.5,5.41,4.7,5.13,4.56,4.32,5.35,3.74,3.85,3.64,4.21,4.13,3.09,3.64,3.27,3.54,4.08,3.01,2.92
sample_96,5.41,5.49,5.08,4.98,5.04,4.19,4.44,5.1,3.71,3.66,4.23,4.32,3.96,3.7,3.81,3.23,3.69,3.91,2.91,2.53
sample_97,5.29,5.57,5.32,4.63,4.88,4.21,4.47,5.36,3.65,3.67,3.8,4.17,4.02,2.92,3.47,3.17,3.74,4.1,2.94,2.96
sample_98,5.37,5.5,5.3,4.89,4.98,4.34,4.31,5.15,3.55,3.54,4.16,4.39,4.16,3.61,3.85,3.31,3.55,3.98,3.05,2.77
sample_99,5.43,5.41,5.2,5.18,4.96,4.26,4.17,5.08,3.57,3.53,4.38,4.3,4.19,4,3.8,3.3,3.69,4.06,3.17,2.81
sample_100,5.18,5.39,5.08,4.82,5.05,4.27,4.24,4.95,3.67,3.66,4.44,4.58,4.22,3.95,4.12,3.43,3.62,3.98,3.08,2.83
sample_101,5.15,5.51,5.4,4.6,4.97,4.44,4.24,5.24,3.53,3.62,3.9,4.47,4.49,3.13,3.86,3.33,3.48,4.22,3.16,3.01
sample_102,5.22,5.45,5.13,4.74,4.99,4.29,4.19,4.93,3.45,3.49,4.41,4.64,4.39,3.94,4.13,3.51,3.56,4.09,2.98,2.8
sample_103,5.44,5.49,5.14,5.18,5.25,4.42,4.36,5.05,3.78,3.74,4.07,4.19,3.96,3.64,3.8,3.35,3.51,3.83,3.06,2.8
sample_104,5.31,5.51,5.16,4.82,5.01,4.22,4.43,5.08,3.68,3.61,4.04,4.37,4.21,3.55,3.85,3.2,3.59,4.03,3.02,2.89
sample_105,5.43,5.51,5.01,4.88,4.9,4.01,4.41,4.98,3.59,3.39,4.46,4.5,4.1,3.98,3.96,3.27,3.9,3.97,3.01,2.98
sample_106,5.35,5.4,5.14,4.89,4.93,4.23,4.2,4.96,3.49,3.47,4.31,4.48,4.3,3.77,4.01,3.35,3.48,4.01,3,2.67
sample_107,5.55,5.67,5.3,4.9,5.07,4.34,4.58,5.24,3.71,3.67,4,4.35,4.07,3.4,3.69,3.29,3.62,3.96,2.78,2.82
sample_108,5.28,5.45,5.13,4.68,4.99,4.26,4.33,5.03,3.62,3.67,3.87,4.25,4.12,3.42,3.79,3.47,3.88,3.97,3.57,3.14
sample_109,5.08,5.36,5.1,4.67,4.94,4.23,4.19,5,3.59,3.58,4.47,4.73,4.47,4.06,4.27,3.59,3.72,4.27,3.13,2.85
sample_110,5.42,5.46,5.11,4.99,5.02,4.21,4.34,5.01,3.66,3.66,4.05,4.12,3.88,3.62,3.74,3.38,3.68,3.69,3.22,3.06
sample_111,5.64,5.66,5.12,4.97,5.05,4.13,4.44,4.88,3.48,3.36,4.45,4.52,4.13,3.78,3.89,3.2,3.53,3.86,3.01,2.84
sample_112,5.51,5.49,4.92,5.05,5.09,4.14,4.32,4.74,3.6,3.44,4.39,4.47,4.06,3.94,4.02,3.31,3.55,3.81,3.09,2.79
sample_113,5.18,5.45,5.28,4.79,5.17,4.54,4.32,5.24,3.82,3.89,3.94,4.18,4.01,3.4,3.79,3.32,3.6,4.03,3.04,2.96
sample_114,5.38,5.51,5.12,4.98,5.1,4.21,4.37,4.99,3.64,3.6,4.16,4.32,4.05,3.67,3.82,3.29,3.56,3.82,3.19,2.93
sample_115,5.08,5.45,5.29,4.6,4.98,4.38,4.37,5.35,3.73,3.84,3.76,4.27,4.21,3.19,3.7,3.28,3.68,4.27,2.98,2.92
sample_116,5.01,5.33,5.07,4.68,4.95,4.22,4.26,5.12,3.65,3.67,4.2,4.5,4.25,3.67,4.01,3.33,3.67,4.23,2.98,2.78
sample_117,5.3,5.35,5.13,5.01,5.04,4.3,4.22,5.05,3.61,3.64,4.07,4.41,4.17,3.72,4.04,3.37,3.6,3.99,2.97,2.79
sample_118,5.17,5.38,5.07,4.85,4.98,4.18,4.26,5.06,3.65,3.61,4.38,4.59,4.27,3.97,4.11,3.4,3.72,4.16,3.11,2.7
sample_119,5.15,5.31,4.99,4.86,4.99,4.22,4.26,5.01,3.71,3.68,4.15,4.33,4.07,3.82,4,3.32,3.66,4.02,3.09,2.93
sample_120,5.14,5.37,5.13,4.58,4.86,4.21,4.2,5.1,3.52,3.58,4.05,4.6,4.5,3.53,4.09,3.53,3.74,4.38,3.09,2.99
sample_121,5.24,5.32,4.93,4.91,4.95,4.12,4.35,4.99,3.72,3.62,4.36,4.49,4.18,3.94,4,3.25,3.74,4.1,3,2.74
sample_122,5.15,5.35,5.08,4.85,5.06,4.33,4.28,5.07,3.8,3.75,4.13,4.3,4.06,3.78,3.89,3.32,3.54,3.94,3.15,2.91
sample_123,5.32,5.42,5.1,4.89,4.99,4.21,4.36,5.08,3.68,3.63,4.3,4.37,4.12,3.79,3.87,3.22,3.66,4.06,3.09,2.77
sample_124,5.55,5.67,5.2,4.9,4.99,4.09,4.56,5.14,3.65,3.53,4.31,4.36,3.94,3.59,3.71,3.1,3.91,3.91,3.27,2.78
sample_125,5.27,5.41,5.02,4.95,5.01,4.18,4.32,4.94,3.67,3.64,4.37,4.55,4.15,3.91,4.05,3.31,3.68,3.97,3.09,2.74
sample_126,5.16,5.43,5.24,4.82,5.03,4.35,4.35,5.28,3.71,3.76,4.08,4.37,4.13,3.55,3.85,3.28,3.7,4.17,3.25,2.77
sample_127,5.47,5.46,5,4.95,4.9,4.04,4.49,5.05,3.68,3.57,4.41,4.48,4.02,3.81,3.86,3.1,3.83,3.98,3.1,2.83
sample_128,5.38,5.48,5.08,4.93,5.06,4.23,4.4,5.02,3.72,3.63,4.22,4.24,3.91,3.79,3.83,3.15,3.63,3.82,3.11,2.75
sample_129,5.28,5.45,5.04,4.63,4.82,4.05,4.42,5.05,3.55,3.48,4.37,4.54,4.28,3.83,3.99,3.35,3.77,4.19,2.87,2.78
sample_130,5.21,5.42,5.09,4.8,5.01,4.21,4.27,4.95,3.57,3.57,4.39,4.63,4.41,3.77,4.05,3.4,3.71,4.14,3.13,2.87
sample_131,4.87,5.28,5.28,4.44,4.88,4.41,4.13,5.3,3.64,3.82,3.72,4.38,4.42,3.08,3.86,3.51,3.63,4.37,3.11,3.2
sample_132,5.16,5.39,5.23,4.79,5,4.36,4.22,5.15,3.54,3.67,3.96,4.45,4.41,3.46,3.94,3.41,3.57,4.26,3.04,2.89
sample_133,5.35,5.25,5.17,4.91,4.84,4.49,4.15,5.41,3.7,4.41,4.34,4.32,3.92,3.77,3.79,3.21,3.37,3.77,3.03,3.11
sample_134,5.39,5.44,5.05,4.97,4.94,4.06,4.36,4.99,3.57,3.49,4.5,4.5,4.14,3.97,3.91,3.33,3.63,3.97,3.55,2.69
sample_135,5.6,5.45,4.97,5.26,5.13,4.21,4.45,4.96,3.85,3.65,4.48,4.33,3.9,4.03,3.91,3.23,3.64,3.71,3.06,2.92
sample_136,5.21,5.36,5.04,4.77,4.93,4.19,4.32,5.07,3.65,3.62,4.4,4.55,4.27,3.91,4.06,3.37,3.77,4.19,3,2.84
sample_137,5.39,5.52,5.11,4.92,5,4.16,4.43,5.08,3.69,3.59,4.25,4.31,3.96,3.72,3.85,3.19,3.8,3.95,2.92,2.84
sample_138,5.71,5.53,5.05,4.96,4.86,4.02,4.5,5.08,3.64,3.51,4.35,4.42,4.09,3.66,3.78,3.14,3.85,3.99,2.94,2.94
sample_139,5.35,5.45,5.05,4.93,5.06,4.21,4.29,4.9,3.65,3.58,4.45,4.53,4.19,4,4.08,3.31,3.6,3.94,3.08,2.79
sample_140,5.05,5.3,5.13,4.56,4.87,4.21,4.1,5.06,3.51,3.56,4.21,4.54,4.37,3.61,4,3.43,3.73,4.21,2.98,2.91
sample_141,5.22,5.37,5.1,4.8,4.96,4.21,4.28,5.07,3.65,3.65,4.49,4.69,4.41,3.92,4.19,3.48,3.79,4.28,3.06,2.96
sample_142,5.2,5.25,4.86,4.83,5,4.2,4.11,4.75,3.54,3.57,4.48,4.63,4.32,4.12,4.31,3.55,3.68,4.11,3.17,2.99
sample_143,5.46,5.44,4.99,5.13,5.1,4.15,4.44,4.99,3.78,3.66,4.36,4.33,4.03,3.87,3.89,3.13,3.71,3.84,3.26,2.71
sample_144,5.35,5.32,4.93,4.92,4.92,4.09,4.28,4.91,3.6,3.54,4.47,4.54,4.3,3.81,3.97,3.36,3.65,4.16,3.03,2.93
sample_145,5.1,5.33,5.12,4.68,4.86,4.2,4.25,5.19,3.6,3.66,4.02,4.38,4.26,3.52,3.95,3.39,3.74,4.28,3.09,2.93
sample_146,5.07,5.33,5.05,4.58,4.94,4.21,4.3,5.07,3.68,3.68,4.18,4.5,4.27,3.5,3.95,3.37,3.65,4.14,3.03,3.02
sample_147,5.26,5.45,5.11,4.89,5.05,4.24,4.39,5.14,3.73,3.73,4.15,4.25,3.95,3.77,3.82,3.22,3.74,3.98,3.05,2.87
sample_148,5.24,5.36,5.06,4.97,5,4.21,4.19,4.92,3.5,3.51,4.42,4.51,4.23,3.99,4.01,3.35,3.58,4,3.09,3.02
sample_149,5.41,5.43,5.06,5.03,4.97,4.13,4.4,5.13,3.74,3.67,4.41,4.33,3.97,3.89,3.85,3.18,3.81,3.99,3,2.99
sample_150,5.46,5.41,4.98,5.22,5.17,4.26,4.35,4.94,3.81,3.71,4.2,4.23,3.89,3.82,3.92,3.23,3.66,3.74,3.05,2.78
sample_151,5.48,5.44,5.05,5,5,4.22,4.45,5.18,3.83,3.78,3.85,4.01,3.73,3.36,3.61,3.18,3.9,3.99,2.99,3.15
sample_152,5.21,5.37,5.12,4.65,4.84,4.18,4.29,5.18,3.59,3.65,4.35,4.59,4.37,3.75,4,3.44,3.75,4.31,3.07,2.89
sample_153,4.96,5.32,5.22,4.43,4.79,4.22,4.17,5.26,3.52,3.64,4.07,4.58,4.5,3.46,4,3.51,3.72,4.45,3.01,2.99
sample_154,5.21,5.39,5.12,4.85,4.91,4.18,4.35,5.18,3.73,3.71,4.12,4.32,4.07,3.64,3.82,3.37,3.79,4.16,3.1,3.07
sample_155,5.22,5.42,5.05,4.86,4.98,4.14,4.37,5.09,3.74,3.68,4.21,4.28,3.96,3.81,3.83,3.26,3.78,4,3.22,3.01
sample_156,5.31,5.4,5.15,4.99,5.04,4.34,4.31,5.13,3.66,3.76,3.89,4.29,4.1,3.38,3.83,3.28,3.51,3.99,3.34,2.9
sample_157,5.62,5.72,5.34,5.07,5.08,4.22,4.59,5.29,3.68,3.64,4,4.13,3.91,3.4,3.54,3.16,3.8,3.92,2.82,2.8
sample_158,5.49,5.55,5.06,5.03,5.09,4.19,4.54,5.09,3.82,3.7,4.06,4.03,3.68,3.58,3.6,3.15,3.78,3.77,3.17,2.86
sample_159,5.37,5.56,5.3,4.86,4.96,4.25,4.43,5.3,3.63,3.66,3.93,4.24,4.12,3.41,3.73,3.16,3.75,4.15,2.87,2.79
sample_160,5.57,5.53,5.05,5.11,5.11,4.28,4.47,5.01,3.82,3.73,4.03,4.2,3.99,3.55,3.76,3.29,3.84,3.94,3.06,2.92
sample_161,5.53,5.54,5.06,5.11,5.09,4.18,4.44,5.01,3.73,3.63,4.23,4.32,3.92,3.84,3.91,3.14,3.82,3.83,2.86,2.69
sample_162,5.26,5.46,5.04,4.69,4.91,4.08,4.41,5.07,3.63,3.6,4.23,4.46,4.17,3.67,3.97,3.28,3.75,4.05,3.08,2.71
sample_163,5.19,5.47,5.18,4.71,4.94,4.18,4.3,5.15,3.63,3.59,4.15,4.53,4.38,3.5,3.95,3.42,3.78,4.31,2.89,2.9
sample_164,5.36,5.42,4.94,4.71,4.75,3.9,4.33,4.89,3.49,3.39,4.57,4.66,4.19,3.96,4.07,3.29,3.88,4.05,3.07,3.02
sample_165,5.46,5.51,5.18,4.88,4.87,4.1,4.42,5.25,3.65,3.6,4.11,4.28,4.07,3.57,3.76,3.27,3.92,4.18,3.09,3.08
sample_166,5.42,5.64,5.21,4.95,5,4.18,4.46,5.06,3.62,3.63,4.35,4.46,4.06,3.66,3.8,3.26,3.77,3.89,2.81,2.78
sample_167,5.44,5.46,4.97,4.96,4.97,4.1,4.4,4.9,3.63,3.52,4.61,4.6,4.2,4.07,4.03,3.29,3.7,4.03,3.09,2.78
sample_168,5.4,5.45,5.03,5.01,4.99,4.09,4.31,4.92,3.57,3.46,4.51,4.42,4.01,4.06,3.91,3.19,3.7,3.85,3.28,2.99
sample_169,5.37,5.49,5.18,4.9,5,4.24,4.33,5.12,3.56,3.63,3.97,4.32,4.16,3.48,3.81,3.32,3.53,4.02,2.88,2.57
sample_170,5.38,5.46,5.06,5.05,5.13,4.27,4.37,5.04,3.76,3.71,4.11,4.36,4.09,3.57,3.96,3.4,3.36,3.93,2.97,1.37
sample_171,5.27,5.38,5.24,4.86,4.96,4.3,4.23,5.18,3.57,3.67,3.84,4.31,4.25,3.21,3.78,3.4,3.43,4.15,3.18,2.94
sample_172,5.47,5.52,5.04,4.89,4.91,4.03,4.42,4.97,3.56,3.47,4.4,4.54,4.19,3.8,3.92,3.28,3.71,4.02,3.05,2.78
sample_173,5.14,5.41,5.22,4.64,4.95,4.32,4.26,5.16,3.59,3.73,4.05,4.46,4.36,3.48,3.86,3.42,3.66,4.23,3.12,3.11
sample_174,5.44,5.45,5.01,5.04,4.98,4.08,4.44,5.03,3.76,3.65,4.21,4.17,3.8,3.73,3.69,3.13,3.81,3.84,3.13,2.95
sample_175,5.33,5.53,5.16,4.71,4.9,4.09,4.4,5.16,3.64,3.56,4.18,4.32,4.01,3.62,3.77,3.23,3.82,4.05,3.31,2.99
sample_176,5.35,5.38,5,5,4.99,4.15,4.32,5.04,3.75,3.66,4.12,4.26,3.87,3.71,3.91,3.3,3.78,3.91,3.08,3.05
sample_177,5.34,5.46,5.03,4.81,4.91,4.08,4.41,5.01,3.67,3.57,4.44,4.5,4.06,3.91,3.99,3.3,3.81,4,3.01,2.95
sample_178,5.14,5.33,5.16,4.7,4.91,4.25,4.12,5.11,3.53,3.61,4.57,4.54,4.31,3.83,3.96,3.37,3.66,4.21,3.01,2.7
sample_179,5.28,5.33,4.96,4.88,4.98,4.06,4.28,5.14,3.43,3.51,4.43,4.52,4.15,4.02,4.04,3.34,3.59,3.89,3.12,2.89
sample_180,5.38,5.43,5,5.09,4.97,4.1,4.31,4.94,3.66,3.5,4.55,4.47,4.09,4.17,4.08,3.29,3.75,3.97,3.13,2.94
sample_181,5.02,5.23,5.13,4.71,4.92,4.33,4.15,5.18,3.63,3.76,4.09,4.53,4.49,3.53,4.07,3.58,3.63,4.4,3.07,3.07
sample_182,5.3,5.36,4.93,4.99,5.03,4.16,4.31,4.92,3.73,3.67,4.19,4.28,3.89,3.76,3.87,3.23,3.7,3.85,3.1,3
sample_183,5.69,5.7,5.17,4.97,4.87,3.95,4.59,5.11,3.6,3.45,4.35,4.32,3.96,3.74,3.75,3.15,3.97,3.98,2.88,3.04
sample_184,5.51,5.44,4.9,5,4.86,3.91,4.5,5.01,3.71,3.57,4.56,4.38,3.94,4.03,3.9,3.22,3.88,3.89,3.02,3.03
sample_185,5.63,5.53,5.02,5.04,4.85,3.94,4.54,5.06,3.66,3.46,4.34,4.21,3.81,3.73,3.66,3.06,3.86,3.86,3.19,3.15
sample_186,5.6,5.55,5.05,5.18,5.02,4.09,4.47,5.03,3.77,3.61,4.36,4.33,4,3.82,3.82,3.27,3.89,3.93,2.95,3.11
sample_187,5.48,5.62,5.27,5.06,5.09,4.25,4.44,5.15,3.71,3.6,3.94,4.13,3.98,3.47,3.62,3.27,3.77,3.9,3.02,2.7
sample_188,5.41,5.49,5.14,5.05,5.1,4.3,4.31,5,3.71,3.71,4.07,4.17,3.9,3.76,3.83,3.27,3.67,3.8,3.1,2.89
sample_189,5.3,5.41,4.98,4.96,5.03,4.15,4.23,4.83,3.63,3.54,4.47,4.53,4.16,4.1,4.07,3.36,3.67,3.94,3.11,2.78
sample_190,4.9,5.35,5.17,4.48,5,4.37,4.18,5.16,3.67,3.76,3.59,4.13,4.08,3.26,3.85,3.44,3.69,4.17,3.27,3.09
sample_191,5.14,5.39,5.08,4.72,5.04,4.26,4.23,4.99,3.67,3.65,4.22,4.46,4.14,3.74,4.01,3.35,3.62,3.97,3.26,2.83
sample_192,5.15,5.3,4.98,4.84,4.88,4.09,4.27,5.05,3.65,3.61,4.16,4.45,4.2,3.72,3.99,3.33,3.75,4.17,3.36,2.95
sample_193,4.91,5.19,5.16,4.57,4.84,4.37,4.04,5.16,3.57,3.76,3.82,4.4,4.44,3.37,3.99,3.57,3.43,4.33,3.06,3.05
sample_194,5.32,5.51,5.05,4.87,5.05,4.18,4.4,5,3.72,3.63,4.27,4.31,3.94,3.82,3.86,3.26,3.86,3.89,2.99,2.96
sample_195,5.21,5.44,5.09,4.89,5,4.2,4.33,5.11,3.73,3.68,4.11,4.17,3.83,3.76,3.83,3.19,3.83,4.05,3.05,2.94
sample_196,5.45,5.51,5.14,4.86,4.95,4.16,4.43,5.09,3.64,3.56,4.28,4.47,4.09,3.64,3.82,3.25,3.71,3.92,3.03,2.94
sample_197,5.16,5.46,5.3,4.78,5.02,4.36,4.29,5.27,3.67,3.79,3.87,4.29,4.12,3.39,3.77,3.25,3.71,4.16,3.14,2.74
sample_198,5.41,5.45,5,4.91,4.95,4.03,4.43,5.02,3.65,3.53,4.66,4.62,4.13,4.16,4.07,3.25,3.82,3.99,2.94,2.71
sample_199,5.43,5.41,4.93,5.01,5,4.12,4.3,4.85,3.67,3.57,4.42,4.37,3.92,4.05,4.03,3.22,3.7,3.79,3.44,3.09
sample_200,5.48,5.47,5.04,5.03,4.99,4.08,4.38,5.06,3.71,3.62,4.39,4.34,3.96,3.88,3.88,3.14,3.86,3.98,2.72,2.98
sample_201,5.37,5.46,5.01,4.9,4.97,4.07,4.48,5.11,3.74,3.63,4.28,4.18,3.77,3.76,3.73,3.12,3.83,3.9,3.01,2.91
sample_202,5.76,5.51,4.8,5.2,4.99,4.01,4.62,4.9,3.89,3.65,4.29,4.04,3.71,3.79,3.67,3.04,3.93,3.66,2.95,3.23
sample_203,5.09,5.34,5.04,4.94,5.01,4.23,4.34,5.22,3.85,3.83,3.64,3.66,3.52,3.47,3.5,3.3,3.86,4.12,3.03,3.12
sample_204,4.98,5.23,5.01,4.68,4.96,4.3,4.22,5.21,3.76,3.89,3.94,4.27,4.1,3.53,3.95,3.44,3.78,4.29,3.11,3.04
sample_205,5.23,5.41,5.29,4.76,4.93,4.21,4.41,5.29,3.69,3.77,4.19,4.37,4.16,3.69,3.87,3.3,3.65,4.19,3.01,2.9
sample_206,5.3,5.36,5.01,4.89,4.94,4.01,4.25,4.96,3.46,3.49,4.83,4.83,4.41,4.27,4.32,3.4,3.78,4.14,3.06,2.6
sample_207,5.69,5.48,4.96,5.28,5.07,4.11,4.44,4.93,3.78,3.59,4.21,4.14,3.87,3.73,3.7,3.21,3.76,3.71,3.29,2.86
sample_208,5.6,5.45,4.88,5.2,5.01,4,4.38,4.78,3.65,3.49,4.6,4.45,3.94,4.13,4,3.14,3.7,3.74,3.12,2.55
sample_209,5.14,5.51,5.33,4.66,5.01,4.37,4.33,5.28,3.63,3.73,4.07,4.5,4.36,3.36,3.82,3.29,3.65,4.23,2.96,1.56
sample_210,5.28,5.47,5.19,4.98,5.04,4.27,4.35,5.15,3.65,3.69,4.08,4.3,4.07,3.78,3.88,3.21,3.64,4.02,3.08,2.49
sample_211,5.29,5.35,4.94,4.8,4.74,3.92,4.35,5.1,3.6,3.52,4.53,4.52,4.16,4,4.02,3.3,3.94,4.23,2.89,2.88
sample_212,5.17,5.25,4.81,4.92,4.98,4.07,4.37,4.96,3.78,3.66,4.4,4.45,4.02,4.05,4.13,3.32,3.77,4.02,2.99,2.85
sample_213,5.29,5.31,4.98,4.83,4.86,4.08,4.22,5.05,3.63,3.64,4.4,4.52,4.29,3.9,4.13,3.48,3.83,4.27,2.92,3.04
sample_214,5.6,5.64,5.21,4.97,5.04,4.16,4.49,5.13,3.55,3.5,4.29,4.39,4.11,3.66,3.79,3.05,3.69,3.98,2.66,1.96
sample_215,5.43,5.54,5.23,5.03,5.07,4.22,4.28,5.05,3.55,3.54,4.48,4.46,4.07,3.97,3.93,3.08,3.68,3.87,2.58,2.07
sample_216,5.65,5.55,5.13,5.2,5.13,4.24,4.39,4.94,3.67,3.59,4.24,4.27,3.94,3.86,3.88,3.26,3.63,3.71,3.01,2.79
sample_217,5.51,5.41,4.92,5.04,4.89,3.98,4.39,5,3.68,3.51,4.55,4.43,3.98,4.08,3.99,3.11,3.88,3.97,2.56,3.1
sample_218,5.4,5.6,5.23,4.83,5.03,4.19,4.46,5.25,3.72,3.67,3.98,4.13,3.81,3.37,3.62,3.24,3.95,4.09,2.99,2.88
sample_219,5.43,5.44,4.93,4.97,4.94,4.01,4.34,4.85,3.65,3.5,4.56,4.44,3.99,3.99,3.92,3.16,3.85,3.84,2.91,2.96
sample_220,5.28,5.41,4.99,4.85,4.99,4.12,4.32,4.97,3.68,3.61,4.47,4.59,4.19,3.94,4.09,3.37,3.85,4.09,3.06,2.76
sample_221,5.12,5.32,4.89,4.83,4.98,4.09,4.31,4.96,3.72,3.67,4.48,4.5,4.08,4.04,4.09,3.32,3.83,4.08,2.97,2.96
sample_222,5.32,5.45,5.09,5.08,5.25,4.43,4.45,5.17,4.02,3.97,3.92,4.09,3.86,3.65,3.86,3.27,3.78,3.96,3.04,2.84
sample_223,5.35,5.4,4.94,5.01,5.01,4.09,4.35,4.96,3.67,3.56,4.4,4.38,3.99,3.98,3.93,3.18,3.8,3.93,2.89,2.89
sample_224,5.29,5.34,4.91,5.01,5,4.12,4.37,5.03,3.82,3.74,4.11,4.24,3.91,3.76,3.88,3.27,3.91,4.04,3.07,3.16
sample_225,5.25,5.35,5.29,4.8,4.81,4.25,4.07,5.17,3.38,3.55,4.1,4.6,4.56,3.47,4,3.49,3.73,4.33,3.25,2.71
sample_226,5.17,5.48,5.19,4.67,4.96,4.24,4.4,5.22,3.72,3.74,3.92,4.29,4.09,3.36,3.72,3.26,3.85,4.16,2.98,3
sample_227,5.55,5.58,5.11,5.13,5.1,4.19,4.51,5.07,3.85,3.69,4.03,3.97,3.68,3.62,3.57,3.13,3.86,3.82,3.02,3.21
sample_228,5.3,5.53,5.17,4.79,4.96,4.19,4.47,5.26,3.77,3.74,3.99,4.26,4.09,3.53,3.77,3.25,3.91,4.21,2.97,3.01
sample_229,5.67,5.61,5.02,5.04,4.94,4,4.65,5.18,3.86,3.59,4.2,4.07,3.7,3.59,3.6,3.08,4.12,3.94,3.18,3.19
sample_230,5.41,5.52,5.09,5.01,5.04,4.14,4.44,5.08,3.72,3.6,4.34,4.36,4.02,3.84,3.83,3.19,3.85,4.01,2.84,2.86
sample_231,5.28,5.42,5.02,4.85,4.98,4.14,4.31,4.91,3.63,3.52,4.3,4.48,4.22,3.88,3.96,3.38,3.66,4.04,3.15,2.95
sample_232,5.37,5.46,5.03,4.81,4.79,3.95,4.3,5,3.55,3.38,4.38,4.5,4.21,3.83,3.94,3.22,3.84,4.12,2.5,2.93
sample_233,5.39,5.42,5.02,5.07,5.1,4.21,4.4,5.01,3.8,3.68,4.31,4.35,3.98,3.91,4,3.31,3.6,3.83,3.01,2.86
sample_234,5.27,5.46,5.09,4.79,4.86,4.07,4.32,5.04,3.62,3.55,4.42,4.6,4.23,3.84,4.02,3.3,3.87,4.16,2.87,2.98
sample_235,5.56,5.49,5.03,5.06,4.97,4.04,4.37,4.92,3.59,3.43,4.69,4.53,4.14,4.08,3.98,3.18,3.76,3.92,2.77,2.57
sample_236,5.36,5.43,5.02,4.9,4.94,4.11,4.31,5.01,3.69,3.64,4.72,4.53,4.07,4.22,4.08,3.24,3.86,4.04,2.93,3.03
sample_237,5.17,5.32,5.06,4.84,4.93,4.23,4.25,5.12,3.71,3.69,4.29,4.3,4.03,3.76,3.9,3.26,3.76,4.13,2.96,2.96
sample_238,5.48,5.56,5.14,4.93,5.12,4.31,4.48,5.12,3.79,3.74,3.99,4.28,4,3.48,3.87,3.26,3.68,3.91,2.97,2.83
sample_239,5.37,5.45,5.17,4.88,4.95,4.22,4.34,5.13,3.67,3.65,4.15,4.2,3.95,3.59,3.69,3.12,3.57,3.91,2.86,2.92
sample_240,5.47,5.48,5.02,5.06,5.03,4.1,4.32,4.95,3.61,3.55,4.45,4.51,4.11,3.95,4.02,3.3,3.83,3.94,3.08,2.88
sample_241,5.42,5.39,4.96,5.01,5.02,3.95,4.36,4.98,3.5,3.36,4.45,4.38,4.15,3.89,3.88,3.02,3.77,3.8,3.52,2.17
sample_242,5.27,5.52,5.28,4.76,5,4.35,4.35,5.22,3.66,3.77,3.75,4.2,4.15,3.22,3.71,3.3,3.55,4.02,2.93,3
sample_243,5.12,5.4,5.17,4.74,4.97,4.26,4.24,5.08,3.59,3.62,4.27,4.49,4.29,3.81,4.05,3.46,3.54,4.09,2.98,2.64
sample_244,5.43,5.57,5.34,4.79,5.17,4.4,4.46,5.39,3.23,2.86,3.94,4.13,4.18,1.86,3.59,1.26,3.38,3.71,3.92,3.19
sample_245,5.33,5.45,5.03,4.84,4.93,4.07,4.41,5.03,3.65,3.57,4.47,4.58,4.18,3.86,4.03,3.29,3.81,4.03,3.05,2.91
sample_246,5.21,5.25,4.81,4.99,5.08,4.22,4.31,4.87,3.86,3.78,4.41,4.3,3.85,3.92,3.92,3.18,3.63,3.86,3.32,2.9
sample_247,5.21,5.34,4.98,4.81,5.01,4.2,4.38,5.01,3.78,3.74,4.25,4.43,4.09,3.82,4.04,3.32,3.65,4.03,3.18,2.89
sample_248,5.16,5.46,5.24,4.71,4.99,4.31,4.32,5.2,3.69,3.77,3.69,4.28,4.29,3.13,3.84,3.35,3.57,4.2,2.98,2.73
sample_249,5.19,5.68,5.3,4.75,5.48,4.77,4.83,5.63,4.46,4.51,3.53,3.82,3.6,2.77,3.39,3.29,3.65,3.81,3.11,3.24
sample_250,4.9,5.31,5.18,4.55,5.01,4.43,4.17,5.18,3.69,3.87,3.63,4.16,4.13,3.16,3.8,3.32,3.34,4.04,3.12,2.91
sample_251,5.03,5.23,4.92,4.73,4.98,4.22,4.2,4.97,3.74,3.74,4.17,4.47,4.2,3.77,4.1,3.42,3.59,4.1,2.99,2.84
sample_252,5.36,5.46,5.04,4.89,4.97,4.08,4.26,4.89,3.53,3.5,4.32,4.52,4.29,3.8,4.01,3.37,3.67,4.07,2.99,2.8
sample_253,5.13,5.58,5.41,4.5,5.02,4.42,4.36,5.3,3.62,3.74,3.31,3.95,3.99,2.79,3.51,3.22,3.64,4.08,3.27,2.93
sample_254,5.15,5.44,5.29,4.64,4.97,4.35,4.32,5.3,3.66,3.77,3.79,4.32,4.34,3.11,3.8,3.38,3.6,4.26,2.99,2.99
sample_255,5.17,5.31,5.14,4.82,5.03,4.4,4.33,5.27,3.83,3.92,3.65,4.11,4.11,3.23,3.71,3.29,3.44,4.12,3.11,3.1
sample_256,4.73,5.2,5.27,4.41,4.9,4.46,4.12,5.34,3.68,3.92,3.56,4.23,4.33,3,3.86,3.37,3.36,4.28,3.29,3.11
sample_257,5.46,5.48,5.05,4.95,5.04,4.2,4.39,4.98,3.66,3.58,4.42,4.47,4.12,3.85,3.93,3.29,3.66,3.89,2.82,2.68
sample_258,5.34,5.56,5.25,4.9,5.1,4.33,4.37,5.08,3.65,3.69,4.09,4.35,4.05,3.66,3.8,3.25,3.58,3.87,3.03,2.71
sample_259,5.59,5.52,5,5.21,5.08,4.11,4.52,5.02,3.83,3.71,4.32,4.24,3.84,3.97,3.85,3.12,3.68,3.78,3.1,2.86
sample_260,5.26,5.37,5.02,4.95,5.15,4.37,4.41,5.09,3.95,3.93,4.2,4.25,3.95,3.63,3.79,3.2,3.64,3.92,3.31,3.02
sample_261,5.28,5.35,4.94,5.1,5.22,4.35,4.28,4.9,3.87,3.83,4.14,4.31,3.93,3.85,4.06,3.32,3.6,3.8,3.21,2.9
sample_262,5.1,5.32,5.22,4.8,5.07,4.4,4.17,5.24,3.63,3.86,3.94,4.37,4.32,3.47,3.98,3.32,3.52,4.19,3.09,2.69
sample_263,5.48,5.53,5,4.91,5,4.1,4.45,4.95,3.69,3.61,4.38,4.43,4,3.73,3.86,3.16,3.73,3.83,3.08,2.85
sample_264,5.43,5.49,5.09,4.95,4.98,4.12,4.45,5.12,3.71,3.59,4.07,4.39,4.16,3.47,3.81,3.05,3.73,4.04,2.54,1.67
sample_265,5.09,5.23,4.91,4.86,5.04,4.25,4.19,4.91,3.73,3.73,4.15,4.23,4.03,3.82,3.91,3.32,3.47,3.93,3.29,2.95
sample_266,5.41,5.52,5.07,5,5.05,4.13,4.35,4.92,3.63,3.51,4.6,4.59,4.14,4.12,4.07,3.22,3.69,3.88,2.9,2.6
sample_267,5.19,5.46,5.25,4.79,5.04,4.36,4.38,5.33,3.78,3.91,3.81,4.2,4.15,3.37,3.72,3.2,3.58,4.15,2.93,2.89
sample_268,4.94,5.17,4.9,4.78,4.98,4.23,4.06,4.83,3.66,3.67,4.41,4.54,4.3,4.04,4.14,3.45,3.55,4.11,3.03,2.81
sample_269,5.26,5.49,5.34,4.94,5.09,4.45,4.24,5.29,3.67,3.82,3.81,4.23,4.17,3.22,3.75,3.28,3.64,4.21,2.85,2.82
sample_270,5.57,5.56,5.09,5.19,5.14,4.21,4.38,4.91,3.65,3.52,4.4,4.44,4.08,3.85,3.92,3.27,3.59,3.86,2.87,2.56
sample_271,5.48,5.53,5.19,5.06,5.15,4.34,4.32,5.03,3.73,3.62,4.24,4.33,4.12,3.7,3.85,3.15,3.44,3.84,2.6,2.45
sample_272,5.13,5.44,5.32,4.76,5.04,4.48,4.26,5.24,3.66,3.73,3.63,4.21,4.17,3.1,3.74,3.31,3.52,4.06,3.32,2.99
sample_273,5.49,5.57,5.08,5.02,5.04,4.15,4.52,5.06,3.67,3.56,4.24,4.38,4.07,3.67,3.84,3.06,3.72,3.84,2.86,2.76
sample_274,5.27,5.44,5.09,4.89,5,4.18,4.25,4.95,3.53,3.53,4.64,4.74,4.39,4.13,4.25,3.46,3.74,4.16,2.92,2.65
sample_275,5.24,5.39,5.01,4.8,4.87,4.05,4.35,5.06,3.65,3.62,4.41,4.53,4.13,3.93,4,3.27,3.84,4.11,3.29,2.94
sample_276,5.2,5.39,5.08,4.82,5,4.24,4.31,5.06,3.74,3.69,4.16,4.35,4.09,3.69,3.89,3.27,3.65,4.05,3.15,2.99
sample_277,5.42,5.57,5.11,4.92,5.06,4.16,4.37,4.96,3.52,3.51,4.34,4.46,4.13,3.82,3.92,3.15,3.66,3.93,3.08,2.28
sample_278,5.29,5.59,5.21,4.72,4.95,4.15,4.48,5.17,3.67,3.65,4.2,4.37,4.05,3.62,3.79,3.22,3.81,4.03,3.05,2.88
sample_279,5.01,5.31,5.13,4.58,4.95,4.29,4.13,5.05,3.56,3.64,4.15,4.47,4.31,3.66,4.05,3.39,3.61,4.15,3.12,2.92
sample_280,5.42,5.51,5.05,4.97,5.08,4.19,4.53,5.13,3.85,3.77,3.98,4,3.67,3.6,3.63,3.09,3.72,3.81,3.08,2.9
sample_281,5.44,5.34,4.82,5.09,4.99,4.02,4.31,4.8,3.68,3.59,4.5,4.52,4.13,4.01,4.15,3.39,3.7,3.97,3,2.86
sample_282,5.16,5.29,4.93,4.85,4.98,4.15,4.23,4.93,3.65,3.64,4.44,4.58,4.26,3.98,4.17,3.41,3.73,4.14,3.28,2.88
sample_283,5.34,5.44,4.96,4.9,4.97,4.07,4.41,4.95,3.64,3.54,4.5,4.56,4.14,4,4.08,3.25,3.7,4.06,2.93,2.75
sample_284,4.99,5.11,4.95,4.86,4.98,4.34,3.93,4.85,3.49,3.62,4.26,4.57,4.42,4.09,4.33,3.68,3.51,4.19,3.06,2.99
sample_285,5.2,5.45,5.21,4.74,5,4.28,4.28,5.12,3.6,3.63,4.14,4.5,4.35,3.61,3.95,3.41,3.54,4.16,3.09,2.79
sample_286,5.38,5.54,5.13,4.99,5.13,4.3,4.37,5,3.71,3.62,4.14,4.33,4.01,3.69,3.87,3.25,3.65,3.83,3.65,2.69
sample_287,5.17,5.37,5.07,4.92,5.07,4.24,4.22,5.03,3.68,3.72,4.26,4.45,4.13,3.82,4.04,3.28,3.67,4,3.08,2.8
sample_288,5.09,5.32,5.04,4.79,4.99,4.25,4.21,4.98,3.65,3.63,4.15,4.48,4.19,3.78,4.09,3.37,3.65,4.03,3.1,2.73
sample_289,5.25,5.4,5.13,4.84,5.02,4.27,4.17,4.95,3.53,3.53,4.22,4.41,4.2,3.71,3.97,3.34,3.49,3.92,3.11,2.55
sample_290,5.44,5.54,5.12,5.03,5.1,4.21,4.4,5.02,3.71,3.62,4.17,4.31,4.02,3.7,3.87,3.18,3.58,3.8,3.1,2.45
sample_291,5.41,5.46,5.16,4.87,5.01,4.31,4.33,5.1,3.69,3.7,3.83,4.14,3.99,3.29,3.69,3.3,3.58,3.92,3.06,2.76
sample_292,5.24,5.34,5,4.92,5.05,4.24,4.28,5,3.71,3.71,4.16,4.38,4.13,3.65,3.95,3.3,3.63,3.97,3.2,2.89
sample_293,5.38,5.57,5.27,4.88,5.06,4.32,4.44,5.21,3.69,3.68,4.01,4.29,4.02,3.47,3.7,3.28,3.67,3.98,2.99,2.8
sample_294,5.34,5.48,5.12,5.03,5.13,4.28,4.39,5.08,3.72,3.7,3.89,4.23,4.11,3.36,3.78,3.31,3.57,3.94,2.9,2.73
sample_295,5.49,5.55,5.15,4.99,5.03,4.21,4.42,5.1,3.66,3.63,4.1,4.34,4.06,3.67,3.89,3.14,3.66,3.99,2.69,2.71
sample_296,5.53,5.57,5.12,5.07,5.08,4.19,4.21,4.79,3.45,3.32,4.23,4.39,4.17,3.69,3.87,3.35,3.57,3.77,3,2.89
sample_297,5.43,5.48,5.09,4.99,5.03,4.19,4.23,4.84,3.53,3.44,4.29,4.52,4.15,3.83,3.97,3.34,3.52,3.83,2.95,2.46
sample_298,5.18,5.45,5.05,4.67,4.87,4.04,4.36,5.06,3.64,3.58,4.25,4.5,4.21,3.7,3.94,3.35,3.88,4.14,2.95,2.89
sample_299,5.11,5.42,5.14,4.5,4.91,4.25,4.33,5.21,3.65,3.74,3.71,4.16,4.13,3.18,3.71,3.32,3.7,4.19,2.95,3.06
sample_300,5.79,5.56,4.98,5.09,4.9,3.93,4.72,5.12,3.82,3.55,4.42,4.31,3.92,3.82,3.7,3.04,3.79,3.9,2.72,3.02
sample_301,5.15,5.45,5.32,4.69,4.91,4.36,4.29,5.3,3.51,3.67,3.96,4.52,4.55,3.35,3.89,3.5,3.58,4.42,3.04,3.01
sample_302,5.08,5.21,4.93,4.9,5.12,4.29,4.1,4.86,3.64,3.69,4.22,4.34,4.14,3.97,4.13,3.34,3.51,3.81,3.24,2.64
sample_303,5.51,5.47,5,5.01,5.02,4.12,4.49,5.02,3.79,3.65,4.32,4.37,4,3.76,3.8,3.22,3.77,3.94,3.07,2.9
sample_304,5.28,5.48,5.16,4.84,5,4.22,4.32,5.09,3.67,3.65,4,4.17,3.85,3.48,3.64,3.17,3.7,3.93,2.98,3.05
sample_305,5.17,5.41,5.19,4.74,4.95,4.3,4.29,5.11,3.68,3.72,4.15,4.51,4.31,3.66,3.91,3.29,3.57,4.14,3.04,2.68
sample_306,5.31,5.36,4.92,4.96,5,4.13,4.27,4.82,3.68,3.5,4.36,4.51,4.14,3.9,4.04,3.36,3.61,3.91,3.07,2.7
sample_307,5.19,5.42,5.1,4.79,4.98,4.23,4.32,4.98,3.64,3.53,4.22,4.52,4.27,3.77,4,3.42,3.57,4.09,3.13,2.8
sample_308,5.21,5.46,5.3,4.71,4.84,4.2,4.26,5.22,3.42,3.52,4.25,4.65,4.54,3.61,3.92,3.4,3.71,4.35,2.94,2.82
sample_309,5.12,5.33,5.32,4.71,4.97,4.45,4.11,5.3,3.63,3.8,3.74,4.39,4.42,3.12,3.92,3.49,3.53,4.29,3.03,2.93
sample_310,5.29,5.45,5.1,4.86,5.05,4.24,4.28,4.93,3.67,3.61,4.29,4.43,4.13,3.79,3.95,3.23,3.64,3.91,2.84,2.49
sample_311,5.37,5.42,5.17,5.08,5.03,4.33,4.21,5.08,3.6,3.63,3.96,4.3,4.19,3.67,3.95,3.4,3.53,4.01,2.99,2.7
sample_312,5.02,5.37,5.23,4.59,4.98,4.36,4.1,5.08,3.53,3.62,4.16,4.67,4.59,3.5,4.1,3.58,3.57,4.3,3.22,2.69
sample_313,5.55,5.64,5.12,5,4.99,4.09,4.56,5.08,3.75,3.57,3.98,4.13,3.86,3.45,3.61,3.19,3.86,3.82,3.39,2.97
sample_314,5.34,5.38,5.06,5.01,5.11,4.16,4.45,5.09,3.66,3.64,4.22,4.24,4.11,3.63,3.9,2.91,3.57,3.79,3.76,3.18
sample_315,5.55,5.53,5.18,5.08,5.02,4.19,4.37,5.06,3.61,3.45,4.22,4.38,4.21,3.63,3.83,3.23,3.52,3.98,3.18,2.17
sample_316,5.2,5.45,5.13,4.76,4.99,4.21,4.22,5.01,3.63,3.6,4.36,4.48,4.14,3.93,4.02,3.33,3.77,4.03,3.1,2.76
sample_317,5.13,5.43,5.16,4.63,5,4.31,4.26,5.04,3.64,3.69,4.18,4.58,4.32,3.53,3.97,3.39,3.6,4.12,3.06,2.83
sample_318,5.1,5.44,5.38,4.63,5.02,4.45,4.2,5.32,3.66,3.76,3.68,4.27,4.17,3.05,3.72,3.32,3.58,4.19,3.01,2.99
sample_319,5.14,5.37,5.13,4.67,4.96,4.27,4.25,5.06,3.58,3.66,4.2,4.42,4.21,3.65,3.9,3.33,3.58,4.06,3.13,2.8
sample_320,5.23,5.38,5.03,4.85,4.99,4.21,4.25,4.96,3.65,3.59,4.2,4.42,4.22,3.76,4,3.35,3.66,4.08,2.97,2.93
sample_321,5.59,5.69,5.16,4.88,4.98,4.1,4.64,5.13,3.82,3.66,3.93,4.27,4.07,3.43,3.77,3.22,3.92,3.99,3.02,3.19
sample_322,5.68,5.6,5.04,5.23,5.15,4.21,4.48,4.89,3.72,3.55,4.35,4.34,3.93,3.82,3.85,3.3,3.7,3.75,3.13,2.89
sample_323,5.66,5.55,5.06,5.03,4.97,4.1,4.27,4.83,3.55,3.46,4.34,4.51,4.21,3.66,3.94,3.31,3.8,3.9,2.96,2.97
sample_324,5.35,5.55,5.25,4.81,5.05,4.33,4.39,5.19,3.7,3.7,4.06,4.31,4.1,3.5,3.8,3.15,3.66,4.06,2.89,2.76
sample_325,5.19,5.37,5.02,4.75,4.86,4.07,4.38,5.05,3.59,3.55,4.5,4.66,4.32,4,4.09,3.4,3.71,4.21,2.91,2.99
sample_326,5,5.37,5.26,4.64,4.9,4.27,4.25,5.28,3.54,3.7,4.15,4.59,4.52,3.65,4.01,3.41,3.61,4.37,2.91,2.8
sample_327,5.32,5.48,5.09,4.64,4.81,4.04,4.38,5.09,3.57,3.53,4.22,4.45,4.19,3.57,3.79,3.28,3.76,4.1,2.99,3.06
sample_328,5.21,5.31,5.07,4.9,4.96,4.24,4.15,5.02,3.57,3.58,4.41,4.57,4.37,3.97,4.15,3.43,3.67,4.2,3.13,2.54
sample_329,5.27,5.36,4.96,4.8,4.84,4.03,4.31,5.02,3.66,3.58,4.42,4.54,4.17,3.88,3.95,3.3,3.89,4.14,3.17,3.01
sample_330,5.18,5.36,5.01,4.82,5.04,4.22,4.29,4.99,3.68,3.65,4.14,4.43,4.17,3.72,4.02,3.39,3.59,4.06,3.1,2.82
sample_331,5.66,5.53,4.95,5.1,4.89,3.88,4.52,4.93,3.57,3.34,4.99,4.72,4.13,4.37,4.1,3.21,3.92,4.03,3.07,2.78
sample_332,5.51,5.59,5.14,5.06,5.12,4.25,4.45,5.01,3.74,3.57,4.22,4.29,4,3.75,3.79,3.17,3.68,3.82,3.06,2.8
sample_333,5.48,5.57,5.12,4.96,5.06,4.18,4.45,5.08,3.76,3.61,4.15,4.2,3.89,3.62,3.77,3.23,3.85,3.93,3.14,2.87
sample_334,5.23,5.4,5.1,4.89,5.03,4.28,4.39,5.09,3.81,3.74,4.12,4.37,4.11,3.67,3.89,3.4,3.68,4.01,2.96,2.82
sample_335,5.26,5.37,5.06,4.85,4.98,4.2,4.32,5.06,3.65,3.62,4.27,4.49,4.23,3.81,3.96,3.35,3.67,4.13,3.16,2.83
sample_336,4.87,5.24,5.12,4.55,4.9,4.3,4.06,5.06,3.53,3.6,4.17,4.63,4.56,3.7,4.16,3.58,3.6,4.37,3.39,2.78
sample_337,5.44,5.33,4.82,5.11,5.04,4.11,4.14,4.62,3.58,3.32,4.72,4.67,4.33,4.27,4.21,3.45,3.63,4.03,3.09,2.67
sample_338,5.28,5.52,5.2,4.66,4.92,4.22,4.52,5.31,3.81,3.79,3.82,4.22,4.03,3.26,3.57,3.12,3.74,4.13,2.98,2.94
sample_339,5.06,5.26,4.88,4.83,5.06,4.25,4.21,4.85,3.73,3.67,4.14,4.38,4.08,3.8,4.04,3.44,3.69,4.02,3.18,3
sample_340,4.98,5.27,5.12,4.54,4.91,4.34,4.16,5.15,3.59,3.7,4.04,4.5,4.44,3.54,4.09,3.58,3.54,4.29,3.28,2.89
sample_341,5.34,5.46,5.16,4.97,4.97,4.2,4.29,5.01,3.54,3.51,4.4,4.58,4.29,3.84,4.03,3.57,3.66,4.01,2.84,2.81
sample_342,5.3,5.43,5.03,4.74,4.91,4.11,4.23,4.92,3.48,3.48,4.41,4.55,4.26,3.88,4.04,3.44,3.74,4.05,3.06,2.96
sample_343,4.98,5.51,5.43,4.52,4.99,4.45,4.21,5.3,3.54,3.7,3.91,4.47,4.41,3.24,3.85,3.47,3.67,4.26,2.94,2.9
sample_344,5.29,5.42,5.13,4.77,4.92,4.15,4.31,5.11,3.55,3.6,4.24,4.55,4.38,3.66,4.01,3.44,3.69,4.16,2.73,2.5
sample_345,5.29,5.43,5.14,4.98,5.03,4.25,4.31,5.11,3.69,3.66,4,4.35,4.14,3.53,3.84,3.37,3.57,4,2.88,2.56
sample_346,5.1,5.37,5.03,4.76,5.04,4.27,4.32,5.04,3.75,3.77,4.15,4.33,3.97,3.77,3.93,3.36,3.63,3.94,3.19,2.95
sample_347,5.01,5.4,5.25,4.54,5,4.4,4.22,5.15,3.66,3.75,3.89,4.36,4.26,3.27,3.88,3.41,3.48,4.1,3,2.92
sample_348,5.11,5.57,5.08,4.8,5.13,4.2,4.21,4.97,3.66,3.7,4.12,4.34,4.42,3.39,3.99,2.86,4.26,4.2,3.73,3.32
sample_349,5.18,5.33,5.02,4.84,4.94,4.16,4.23,5,3.66,3.64,4.38,4.53,4.22,3.96,4.06,3.4,3.69,4.07,3.1,2.92
sample_350,5.16,5.45,5.22,4.71,4.98,4.29,4.22,5.07,3.57,3.61,3.97,4.39,4.32,3.44,3.86,3.5,3.5,4.06,3.14,3.05
sample_351,5.44,5.36,4.9,5.04,4.98,4.09,4.34,4.86,3.66,3.58,4.39,4.47,4.11,3.88,3.94,3.31,3.7,3.92,3.12,2.78
sample_352,5.75,5.58,5.01,5.28,5.11,4.13,4.55,4.93,3.77,3.65,4.51,4.42,4.07,3.83,3.83,3.2,3.7,3.89,2.86,2.9
sample_353,5.33,5.42,5.14,4.91,5.04,4.28,4.28,5.14,3.7,3.72,4.06,4.24,4.04,3.57,3.82,3.25,3.69,4.04,3.06,3.04
sample_354,5.06,5.46,5.31,4.7,5.07,4.44,4.22,5.22,3.65,3.78,3.81,4.3,4.32,3.41,3.89,3.36,3.42,4.13,3.08,2.71
sample_355,5.78,5.6,5.12,5.39,5.34,4.39,4.46,5.01,3.88,3.85,4.05,4.26,4.13,3.52,3.94,3.31,3.69,3.77,2.95,2.28
sample_356,5.07,5.25,4.95,4.79,5.04,4.27,4.02,4.73,3.49,3.53,4.41,4.67,4.41,4,4.25,3.61,3.49,4.01,3.22,2.92
sample_357,5.21,5.45,5.12,5.1,5.27,4.45,4.33,5.09,3.86,3.9,3.81,4,3.79,3.54,3.72,3.31,3.6,3.76,3.16,2.98
sample_358,5.25,5.37,5.3,5.01,5.06,4.44,4.16,5.29,3.66,3.87,3.68,4.28,4.34,3.2,3.86,3.43,3.59,4.29,2.94,2.89
sample_359,5.14,5.34,5,4.86,5.03,4.22,4.2,4.92,3.63,3.65,4.29,4.5,4.25,3.89,4.12,3.44,3.64,4.07,3.04,2.88
sample_360,5.92,5.59,4.9,5.5,5.25,4.15,4.61,4.89,3.98,3.73,4.11,4.01,3.93,3.72,3.74,3.26,3.74,3.49,3.33,2.58
sample_361,5.64,5.57,5.15,5.39,5.38,4.46,4.47,5.13,3.93,3.79,3.94,3.94,3.51,3.62,3.63,3.19,3.32,3.32,2.54,1.81
sample_362,5.45,5.49,5.09,5.15,5.13,4.22,4.36,5.01,3.74,3.69,4.54,4.25,4,4.07,3.88,3.21,3.64,3.74,3.01,2.83
sample_363,5.26,5.43,5.09,4.78,5.01,4.23,4.37,5.12,3.7,3.73,4.18,4.39,4.13,3.65,3.88,3.23,3.65,4.04,3.04,2.89
sample_364,5.01,5.34,5.35,4.56,5.03,4.52,4.14,5.39,3.71,3.94,3.61,4.23,4.31,2.89,3.85,3.41,3.47,4.3,2.95,3.04
sample_365,5.46,5.29,4.96,5.21,5.01,4.14,4.17,4.89,3.59,3.56,4.48,4.61,4.27,4.14,4.23,3.44,3.65,4.08,3.06,2.7
sample_366,5.27,5.4,4.96,4.88,4.99,4.18,4.24,4.8,3.65,3.51,4.39,4.59,4.25,3.93,4.15,3.37,3.76,3.94,3.12,2.4
sample_367,5.37,5.45,5.11,5.03,5.13,4.35,4.27,5.02,3.69,3.72,3.84,4.1,3.96,3.37,3.77,3.32,3.6,3.86,3.29,3
sample_368,5.23,5.39,5.08,4.79,5,4.22,4.26,5.03,3.61,3.64,4.32,4.55,4.31,3.86,4.1,3.46,3.63,4.16,3.3,2.79
sample_369,5.3,5.38,4.85,4.85,5.07,4.14,4.3,4.86,3.68,3.65,4.15,4.28,4.02,3.69,3.97,3.4,3.85,3.76,3.22,3.17
sample_370,5.27,5.45,5.22,4.88,5.06,4.33,4.28,5.08,3.59,3.65,3.63,4.02,3.86,2.66,3.56,3.36,3.94,3.81,3.69,3.13
sample_371,5.38,5.38,5.1,5.02,5.05,4.31,4.26,5.05,3.71,3.7,3.95,4.21,4.03,3.68,3.86,3.3,3.71,3.96,3.32,3.12
sample_372,5.43,5.43,5.14,5.07,5.08,4.31,4.21,4.98,3.54,3.51,4.06,4.32,4.17,3.68,3.92,3.42,3.6,3.94,2.8,2.92
sample_373,5.21,5.48,5.14,4.8,5.04,4.24,4.32,5.04,3.65,3.65,4.09,4.35,4.07,3.69,3.9,3.35,3.52,3.87,3.16,2.64
sample_374,5.64,5.64,5.04,5.07,5.13,4.14,4.5,4.92,3.72,3.57,4.5,4.47,3.97,3.89,3.87,3.13,3.72,3.74,2.83,2.8
sample_375,5.25,5.43,5.14,4.95,5.16,4.39,4.24,5.04,3.7,3.77,4.07,4.43,4.22,3.62,4.07,3.42,3.55,3.99,2.96,2.48
sample_376,5.5,5.41,5.07,5.23,5.11,4.29,4.17,4.86,3.66,3.64,4.1,4.4,4.16,3.67,4.03,3.43,3.58,3.83,3.04,2.72
sample_377,5.29,5.29,5.05,4.89,5.02,4.31,4.12,4.95,3.56,3.6,4.16,4.46,4.36,3.65,4.06,3.43,3.52,4.09,2.92,2.88
sample_378,5.34,5.38,5.28,4.99,5.08,4.49,4.23,5.24,3.73,3.88,3.25,3.86,4.03,2.54,3.6,3.44,3.44,3.97,2.95,2.97
sample_379,5.33,5.38,5.03,5.04,5.13,4.31,4.23,4.98,3.75,3.76,4.16,4.23,3.98,3.68,3.88,3.3,3.69,3.88,3.21,3.14
sample_380,4.94,5.34,5.12,4.53,4.87,4.18,4.28,5.23,3.65,3.65,4.17,4.54,4.31,3.65,3.98,3.45,3.85,4.37,3.06,3.09
sample_381,5.11,5.48,5.25,4.42,4.79,4.15,4.35,5.33,3.67,3.67,3.67,4.17,4.06,3,3.59,3.35,3.9,4.35,3.07,3.2
sample_382,5.25,5.39,5.12,4.76,4.81,4.13,4.3,5.21,3.65,3.64,4.15,4.59,4.41,3.55,4.06,3.52,3.93,4.42,3.25,3.21
sample_383,5.26,5.39,5.13,4.67,4.83,4.14,4.21,5.05,3.49,3.52,5.02,4.86,4.5,4.1,4.11,3.41,3.74,4.29,3.12,2.84
sample_384,5.27,5.45,5.01,4.78,4.87,4.04,4.35,5.01,3.63,3.55,4.43,4.49,4.13,4.01,3.99,3.32,3.89,4.04,3,3.08
sample_385,5.17,5.34,5.08,4.78,4.91,4.17,4.24,5.07,3.59,3.51,4.47,4.6,4.28,3.98,4.1,3.42,3.76,4.15,3.11,2.89
sample_386,5.18,5.43,5.09,4.71,4.83,4.05,4.27,5.07,3.63,3.58,4.56,4.68,4.33,4.05,4.16,3.48,3.91,4.27,3.09,3.19
sample_387,5.27,5.41,5.27,4.72,4.82,4.24,4.22,5.2,3.58,3.6,3.89,4.39,4.41,3.38,3.84,3.53,3.74,4.27,3.25,3.18
sample_388,4.86,5.29,5.26,4.48,4.79,4.25,4.11,5.34,3.6,3.63,3.86,4.39,4.41,3.32,3.86,3.5,3.77,4.56,3.13,3.12
sample_389,5.08,5.33,5.13,4.66,4.87,4.2,4.25,5.19,3.63,3.62,4,4.43,4.3,3.6,4.01,3.47,3.73,4.29,3.15,3.12
sample_390,5.1,5.33,5,4.78,4.96,4.16,4.23,5.04,3.68,3.62,4.26,4.41,4.09,3.88,4.08,3.39,3.84,4.14,3.27,3
sample_391,5.22,5.41,5.08,4.78,4.97,4.23,4.26,4.92,3.55,3.55,4.69,4.95,4.56,3.96,4.18,3.33,3.77,4.23,3.16,2.63
sample_392,4.98,5.31,5.04,4.66,4.98,4.27,4.23,5.06,3.7,3.73,4.15,4.38,4.14,3.68,3.97,3.39,3.69,4.12,3.06,2.99
sample_393,5.65,5.65,5.21,5.07,4.98,4.07,4.51,5.15,3.62,3.46,4.16,4.32,4.01,3.54,3.76,3.23,3.93,3.9,3.12,2.95
sample_394,5.32,5.37,4.93,4.98,4.96,4.07,4.28,4.87,3.69,3.58,4.43,4.4,3.97,4.06,4,3.26,3.81,3.86,3.14,3.12
sample_395,5.1,5.36,5.08,4.63,4.82,4.1,4.23,5.08,3.6,3.55,4.42,4.67,4.39,3.93,4.18,3.51,3.87,4.32,3.07,3.13
sample_396,5.62,5.42,4.94,5.14,4.84,3.98,4.47,5.11,3.79,3.58,4.31,4.36,3.94,3.71,3.79,3.16,4.07,4.05,2.85,3.25
sample_397,4.91,5.19,5.12,4.61,4.88,4.27,4.06,5.16,3.54,3.68,4.1,4.47,4.4,3.65,4.11,3.53,3.53,4.3,2.98,2.92
sample_398,5.4,5.77,5.46,4.78,5.05,4.31,4.5,5.3,3.65,3.57,3.89,4.24,4.08,3.33,3.61,3.32,3.81,4.04,2.87,2.69
sample_399,5.24,5.33,4.87,4.89,4.98,4.13,4.39,4.98,3.78,3.68,4.14,4.27,3.94,3.78,3.96,3.32,3.79,3.93,3.19,2.95
sample_400,5.21,5.33,4.94,4.68,4.76,3.96,4.27,4.97,3.54,3.47,4.51,4.65,4.27,3.94,4.08,3.37,3.86,4.16,3.3,2.94
sample_401,5.43,5.4,4.96,5.13,5.14,4.19,4.38,4.87,3.67,3.8,4.34,4.34,3.92,3.8,3.99,2.98,3.46,3.84,2.83,3.23
sample_402,5.56,5.62,5.16,5.03,5.03,4.17,4.55,5.12,3.73,3.56,3.93,4.09,3.8,3.45,3.63,3.18,3.81,3.83,2.98,2.95
sample_403,5.45,5.56,5.15,4.75,4.85,4.08,4.52,5.2,3.69,3.64,3.85,4.18,3.98,3.27,3.6,3.32,3.94,4.07,3.07,3.11
sample_404,5.32,5.42,5.11,4.93,4.93,4.19,4.18,4.93,3.57,3.54,4.23,4.54,4.25,3.74,3.98,3.4,3.72,4.02,3.01,2.91
sample_405,5.08,5.38,5.1,4.81,4.98,4.22,4.27,5.12,3.72,3.69,4.09,4.27,3.99,3.72,3.85,3.36,3.79,4.11,3.12,3.08
sample_406,5.23,5.44,5.04,4.72,4.83,3.99,4.4,5.13,3.67,3.54,4.38,4.5,4.1,3.85,3.9,3.28,3.96,4.17,3,3.09
sample_407,5.32,5.49,5.07,4.84,5,4.17,4.46,5.13,3.78,3.66,4.01,4.08,3.79,3.45,3.61,3.25,3.87,3.92,3.19,2.94
sample_408,5.27,5.53,5.25,4.64,5.01,4.34,4.3,5.11,3.57,3.64,3.88,4.35,4.2,3.2,3.75,3.34,3.7,4.04,3.19,2.9
sample_409,5.08,5.33,5.03,4.88,5.03,4.26,4.21,5,3.74,3.69,4.04,4.27,4.03,3.79,3.95,3.35,3.7,4.03,3.08,2.91
sample_410,4.94,5.39,5.27,4.38,4.89,4.32,4.17,5.19,3.55,3.63,4.1,4.64,4.6,3.49,4.04,3.6,3.72,4.44,3,2.95
sample_411,5.35,5.46,5.13,4.94,5.08,4.32,4.29,4.99,3.73,3.64,3.84,4.21,4.01,3.44,3.76,3.38,3.64,3.83,3.39,2.97
sample_412,5.27,5.46,5.16,4.91,5.04,4.29,4.34,5.15,3.73,3.7,3.44,3.75,3.63,2.94,3.36,3.06,3.67,3.87,2.99,2.92
sample_413,5.3,5.48,5.19,4.81,4.98,4.26,4.37,5.2,3.68,3.66,3.99,4.2,3.99,3.56,3.74,3.3,3.76,4.03,3.01,2.97
sample_414,5.48,5.35,4.99,5.11,4.85,4.08,4.42,5.21,3.78,3.65,4.16,4.22,3.92,3.62,3.66,3.15,4.01,4.12,3.17,3
sample_415,5.09,5.45,5.26,4.43,4.78,4.19,4.17,5.11,3.44,3.46,4.2,4.63,4.55,3.61,4.01,3.49,3.7,4.28,2.95,2.91
sample_416,5.04,5.44,5.2,4.52,4.91,4.24,4.24,5.09,3.57,3.58,4.05,4.44,4.26,3.59,3.96,3.46,3.71,4.15,3.06,2.95
sample_417,5.47,5.55,5.23,4.86,4.87,4.13,4.6,5.36,3.84,3.69,3.89,4.07,3.89,3.32,3.55,3.03,3.8,4.03,2.95,3.05
sample_418,5.23,5.45,5.09,4.81,4.95,4.18,4.31,4.98,3.65,3.57,4.26,4.43,4.21,3.8,3.85,3.35,3.76,4.04,3.18,3.03
sample_419,5.1,5.44,5.15,4.64,4.99,4.25,4.2,4.95,3.53,3.51,4.36,4.69,4.45,3.78,4.11,3.51,3.68,4.17,2.97,2.84
sample_420,5.3,5.4,5.01,4.77,4.89,4.11,4.28,4.98,3.63,3.55,4.42,4.59,4.31,3.93,4.13,3.5,3.88,4.17,3.05,3.09
sample_421,4.99,5.4,5.14,4.55,4.93,4.24,4.17,5.08,3.59,3.63,3.99,4.4,4.22,3.53,4.01,3.47,3.72,4.22,2.99,2.95
sample_422,4.93,5.35,5.09,4.57,4.95,4.23,4.15,4.98,3.59,3.58,4.22,4.49,4.18,3.75,4.02,3.39,3.71,4.07,3.08,2.94
sample_423,5.52,5.55,5.19,5.01,4.99,4.2,4.32,5.04,3.67,3.52,4.24,4.36,4.1,3.73,3.86,3.31,3.83,4,2.99,2.79
sample_424,5.64,5.46,4.87,5.26,5.11,4.11,4.3,4.7,3.66,3.51,4.5,4.36,3.99,4.07,3.92,3.39,3.59,3.74,3.24,2.55
sample_425,5.34,5.55,5.19,4.83,5.04,4.25,4.36,5.13,3.73,3.65,3.79,4.02,3.8,3.23,3.53,3.23,3.83,3.95,3.06,2.9
sample_426,5.24,5.42,5.15,4.75,4.92,4.18,4.26,5.09,3.56,3.58,4.23,4.48,4.29,3.75,3.96,3.38,3.66,4.09,3.06,2.93
sample_427,5.46,5.53,5.19,4.86,4.86,4.12,4.45,5.3,3.69,3.65,4.04,4.23,4.04,3.38,3.63,3.29,4.05,4.24,2.92,3.11
sample_428,5.26,5.48,5.2,4.8,4.9,4.2,4.44,5.31,3.77,3.71,3.65,3.97,3.88,3.18,3.48,3.31,3.95,4.2,3.09,3.08
sample_429,5.27,5.56,5.31,4.65,4.96,4.32,4.33,5.23,3.69,3.64,3.59,3.97,3.89,3.01,3.49,3.23,3.84,4.11,3.18,2.95
sample_430,4.9,5.3,5.12,4.48,4.82,4.21,4.13,5.14,3.57,3.63,4.11,4.5,4.41,3.56,3.99,3.49,3.78,4.37,3.09,3.07
sample_431,5.47,5.45,5.05,4.97,4.98,4.15,4.24,4.87,3.54,3.45,4.37,4.6,4.3,3.79,4.04,3.41,3.74,4.02,2.96,2.88
sample_432,5.5,5.42,4.82,5.12,4.95,3.98,4.39,4.85,3.74,3.51,4.65,4.4,3.88,4.2,3.96,3.13,3.91,3.77,2.92,3.1
sample_433,5.3,5.39,4.92,4.9,4.99,4.11,4.33,4.93,3.73,3.63,4.31,4.36,3.98,3.86,3.95,3.31,3.82,3.94,3.01,2.95
sample_434,5.3,5.4,4.89,4.98,5.05,4.14,4.34,4.81,3.73,3.47,4.25,4.29,3.96,3.83,3.87,3.49,3.65,3.68,3.3,2.93
sample_435,5.4,5.51,5.13,4.89,4.93,4.15,4.34,5.07,3.58,3.51,4.26,4.39,4.09,3.72,3.88,3.31,3.86,4.02,2.9,2.8
sample_436,5.13,5.48,5.27,4.51,4.89,4.28,4.21,5.15,3.52,3.51,3.94,4.43,4.37,3.42,3.86,3.44,3.73,4.24,3.26,2.69
sample_437,4.91,5.29,5.19,4.43,4.87,4.31,4.05,5.1,3.46,3.61,4.19,4.7,4.67,3.6,4.18,3.64,3.6,4.47,3.04,2.99
sample_438,5.05,5.33,5.14,4.73,5.01,4.35,4.12,5.03,3.57,3.63,4.07,4.43,4.3,3.68,3.99,3.43,3.61,4.15,3.17,2.87
sample_439,5.15,5.34,5,4.78,4.94,4.17,4.31,5.04,3.76,3.66,4.16,4.42,4.12,3.75,3.99,3.34,3.78,4.12,3.1,2.9
sample_440,5.43,5.54,5.12,4.85,4.98,4.17,4.44,5.13,3.75,3.68,4.03,4.09,3.85,3.45,3.65,3.25,3.93,3.97,3.23,3.11
sample_441,5.7,5.53,5.11,5.14,4.85,4.07,4.29,4.98,3.61,3.34,4.4,4.46,4.11,3.96,4,3.32,4.01,3.96,2.83,2.93
sample_442,5.27,5.41,5.06,4.85,4.91,4.11,4.29,5.02,3.63,3.57,4.58,4.68,4.29,4.04,4.15,3.46,3.89,4.15,3.09,2.97
sample_443,5.27,5.38,5.13,4.79,4.89,4.24,4.25,5.12,3.66,3.64,3.94,4.37,4.27,3.4,3.88,3.46,3.79,4.18,3.19,3.07
sample_444,5.18,5.54,5.31,4.74,4.99,4.33,4.36,5.27,3.68,3.66,3.77,4.21,4.12,3.25,3.65,3.31,3.78,4.19,2.95,2.79
sample_445,5.39,5.55,5.18,4.97,5.12,4.3,4.33,5,3.67,3.62,4.11,4.23,4.03,3.58,3.75,3.34,3.69,3.81,3.21,2.78
sample_446,5.3,5.49,5.22,4.65,4.76,4.12,4.33,5.18,3.46,3.48,4.13,4.51,4.41,3.43,3.84,3.4,3.76,4.28,2.91,2.83
sample_447,5.09,5.46,5.27,4.47,4.84,4.24,4.25,5.19,3.54,3.6,4.14,4.57,4.46,3.53,3.94,3.5,3.78,4.31,3.03,2.88
sample_448,4.96,5.4,5.26,4.44,4.86,4.27,4.18,5.16,3.54,3.62,4.01,4.59,4.51,3.35,4,3.5,3.69,4.32,3.09,2.97
sample_449,5.15,5.4,5.23,4.58,4.85,4.23,4.16,5.1,3.45,3.47,4.3,4.75,4.69,3.66,4.1,3.59,3.58,4.42,3.05,2.89
sample_450,5.6,5.6,5.11,5.09,5.04,4.15,4.42,4.92,3.64,3.49,4.28,4.38,4.03,3.74,3.84,3.41,3.65,3.8,3.31,2.87
sample_451,5.26,5.45,5.12,4.72,4.86,4.08,4.28,5.05,3.5,3.5,4.48,4.65,4.39,3.87,4,3.37,3.8,4.2,3.3,2.66
sample_452,5.26,5.44,5.06,4.87,4.97,4.12,4.34,5.05,3.64,3.55,4.38,4.52,4.14,3.77,3.92,3.28,3.86,4.07,3.12,2.88
sample_453,5.09,5.46,5.36,4.56,4.88,4.32,4.25,5.34,3.63,3.7,3.67,4.04,4,3.07,3.47,3.35,3.78,4.25,3.12,3.11
sample_454,5.42,5.67,5.38,4.62,4.93,4.33,4.51,5.3,3.61,3.59,3.96,4.43,4.3,3.18,3.76,3.32,3.5,4.14,2.5,2.89
sample_455,5.27,5.5,5.16,4.81,5,4.22,4.35,5.1,3.69,3.64,4.09,4.3,3.99,3.62,3.85,3.25,3.78,3.99,3.12,3.05
sample_456,5.21,5.41,5.08,4.72,4.9,4.15,4.32,5.06,3.65,3.6,4.57,4.76,4.41,4,4.19,3.51,3.89,4.25,3,2.99
sample_457,5.13,5.38,5.1,4.73,4.92,4.23,4.24,5.04,3.61,3.58,4.45,4.74,4.51,4.1,4.25,3.57,3.77,4.31,3.06,2.95
sample_458,5.59,5.48,5.03,5.08,5.03,4.2,4.44,5.02,3.79,3.66,3.78,3.89,3.73,3.42,3.55,3.24,3.87,3.72,3.33,3.13
sample_459,5.49,5.54,5.14,4.93,4.99,4.19,4.4,5.05,3.66,3.55,4.26,4.38,4.15,3.74,3.86,3.24,3.69,3.97,2.89,2.58
sample_460,5.14,5.55,5.44,4.64,5,4.43,4.28,5.32,3.64,3.76,3.72,4.26,4.27,3.13,3.68,3.38,3.63,4.19,3,3.05
sample_461,5.29,5.55,5.18,4.71,4.94,4.15,4.42,5.11,3.61,3.59,4.14,4.44,4.2,3.57,3.83,3.36,3.82,4.08,3.02,2.88
sample_462,5.38,5.53,5.14,4.85,4.99,4.21,4.47,5.18,3.8,3.7,3.94,4.14,3.91,3.4,3.65,3.27,3.85,4,3.04,3.04
sample_463,5.41,5.51,4.96,4.63,4.74,3.89,4.34,4.83,3.36,3.21,4.49,4.63,4.25,3.81,3.97,3.3,3.72,4.04,2.72,2.74
sample_464,5.41,5.42,4.92,5.1,5.15,4.21,4.38,4.87,3.8,3.67,4.24,4.27,3.89,3.79,3.89,3.27,3.55,3.69,3.11,2.47
sample_465,5.37,5.48,5.11,4.86,4.91,4.1,4.28,4.96,3.52,3.48,4.51,4.56,4.23,3.91,3.98,3.35,3.79,4.03,3,2.86
sample_466,5.18,5.46,5.09,4.67,4.83,3.99,4.38,5.1,3.61,3.53,4.43,4.53,4.14,3.86,3.88,3.21,3.89,4.09,2.89,2.95
sample_467,5.25,5.41,5.11,4.71,4.79,4.05,4.29,5.14,3.59,3.56,4.25,4.44,4.27,3.7,3.9,3.34,3.88,4.28,2.96,2.96
sample_468,5.03,5.43,5.3,4.53,4.94,4.36,4.2,5.17,3.58,3.67,3.93,4.45,4.44,3.3,3.86,3.46,3.63,4.26,3.17,3.01
sample_469,4.97,5.38,5.32,4.48,4.86,4.34,4.21,5.31,3.61,3.7,3.78,4.43,4.47,2.99,3.8,3.49,3.71,4.39,3.07,3.07
sample_470,4.69,5.28,5.28,4.23,4.79,4.28,4.02,5.18,3.48,3.62,3.97,4.52,4.47,3.37,3.96,3.52,3.67,4.39,3.11,2.99
sample_471,5.12,5.45,5.31,4.79,5.08,4.46,4.2,5.18,3.65,3.72,3.92,4.34,4.24,3.46,3.89,3.42,3.7,4.16,3.19,2.79
sample_472,5.5,5.54,5.14,4.88,4.85,4,4.4,5.08,3.54,3.46,4.33,4.44,4.12,3.56,3.69,3.2,3.96,4.04,2.91,2.87
sample_473,5.36,5.41,5.09,4.96,5.05,4.24,4.22,4.92,3.58,3.53,4.54,4.63,4.24,3.99,4.11,3.4,3.58,3.92,3.01,2.77
sample_474,5.02,5.2,5.12,4.79,4.98,4.41,3.98,5,3.58,3.67,3.98,4.45,4.36,3.71,4.1,3.51,3.57,4.16,3.02,3.01
sample_475,5.14,5.31,4.95,4.73,4.89,4.15,4.25,4.99,3.68,3.65,4.28,4.38,4.13,3.96,4,3.37,3.82,4.11,3.13,3.04
sample_476,5.46,5.53,5.15,5.01,5.04,4.19,4.31,5.01,3.53,3.5,4.32,4.44,4.09,3.79,3.93,3.26,3.71,3.89,2.77,2.77
sample_477,5.49,5.5,5.14,5.11,5.06,4.26,4.25,4.94,3.62,3.47,4.29,4.43,4.07,3.78,3.94,3.29,3.67,3.81,2.85,2.74
sample_478,4.84,5.32,5.2,4.32,4.8,4.21,4.05,5.08,3.4,3.56,4.19,4.66,4.59,3.62,4.09,3.6,3.7,4.39,2.93,2.92
sample_479,5.21,5.47,5.25,4.53,4.87,4.25,4.21,5.11,3.56,3.58,4.13,4.56,4.49,3.38,3.94,3.45,3.68,4.27,2.95,3.03
sample_480,5.28,5.54,5.26,4.66,4.92,4.21,4.35,5.12,3.48,3.48,4.07,4.51,4.44,3.5,3.95,3.67,3.69,4.12,2.51,2.67
sample_481,5.01,5.36,5.25,4.63,5.03,4.42,4.16,5.18,3.57,3.71,4.04,4.43,4.37,3.52,3.97,3.45,3.53,4.22,3.04,2.8
sample_482,5.16,5.33,4.92,4.77,4.82,3.99,4.25,4.86,3.55,3.44,4.84,5,4.61,4.43,4.47,3.66,3.95,4.38,3.15,2.98
sample_483,5.07,5.46,5.36,4.55,4.97,4.42,4.23,5.27,3.62,3.72,3.75,4.23,4.21,3.16,3.74,3.35,3.74,4.18,3.01,2.99
sample_484,5.2,5.32,4.98,4.68,4.79,4.06,4.28,5.04,3.63,3.64,4.44,4.42,4.14,3.9,3.94,3.41,3.85,4.11,3.34,3.16
sample_485,5.37,5.51,5.11,4.8,4.98,4.18,4.32,4.96,3.62,3.54,4.31,4.54,4.22,3.71,3.98,3.36,3.76,3.98,3.01,2.82
sample_486,5.31,5.48,5.08,4.86,4.98,4.15,4.38,5.04,3.63,3.56,4.48,4.56,4.2,3.89,3.98,3.31,3.78,4.02,3.02,2.86
sample_487,5.72,5.6,5.09,5.27,5.18,4.26,4.43,4.94,3.8,3.67,4.14,4.17,3.84,3.57,3.72,3.24,3.87,3.66,3.03,3.23
sample_488,5.16,5.45,5.15,4.51,4.78,4.09,4.25,5.07,3.42,3.44,4.33,4.56,4.32,3.65,3.9,3.24,3.81,4.18,3.05,2.95
sample_489,5.09,5.35,5.24,4.69,4.98,4.41,4.19,5.23,3.72,3.82,4.04,4.26,4.18,3.36,3.77,3.39,3.7,4.23,3.04,2.99
sample_490,4.99,5.39,5.32,4.49,4.85,4.35,4.12,5.16,3.42,3.61,4.19,4.76,4.76,3.51,4.16,3.71,3.64,4.5,2.97,3.03
sample_491,5.21,5.38,5.03,4.79,4.99,4.21,4.22,4.95,3.62,3.6,4.42,4.61,4.29,4,4.2,3.52,3.83,4.12,3.1,2.88
sample_492,5.34,5.47,5.23,4.82,4.97,4.27,4.24,5.08,3.57,3.59,4.1,4.52,4.44,3.59,3.96,3.69,3.63,4.13,3,2.88
sample_493,5.22,5.55,5.34,4.64,4.92,4.24,4.31,5.26,3.56,3.6,3.95,4.38,4.29,3.35,3.75,3.38,3.79,4.24,3.08,3
sample_494,5.26,5.45,5.05,4.91,5.02,4.17,4.35,5.04,3.72,3.59,4.28,4.36,4.05,3.81,3.89,3.33,3.87,4.02,3.06,2.98
sample_495,5.13,5.36,5.12,4.87,4.99,4.28,4.08,4.97,3.6,3.6,4.08,4.31,4.16,3.77,3.91,3.39,3.7,4.03,3.14,3.02
sample_496,5.28,5.43,4.99,4.9,5.1,4.25,4.33,4.94,3.78,3.72,4.11,4.29,3.99,3.67,3.89,3.29,3.75,3.9,3.22,2.86
sample_497,5.41,5.46,5.07,5.08,5,4.13,4.38,5.04,3.7,3.63,4.3,4.36,4.02,3.7,3.85,3.26,3.74,3.93,3.06,3.02
sample_498,5.45,5.53,5.11,4.96,5.03,4.15,4.39,4.98,3.58,3.44,4.29,4.44,4.13,3.74,3.91,3.21,3.5,3.81,2.96,2.57
sample_499,5.44,5.57,5.22,4.89,4.97,4.13,4.42,5.08,3.57,3.45,4.46,4.45,4.06,3.85,3.82,3.34,3.68,3.85,2.93,2.74
sample_500,5.46,5.58,5.13,5.07,5.15,4.25,4.39,4.98,3.69,3.63,4.18,4.24,3.82,3.68,3.71,3.02,3.68,3.61,2.73,2.34
sample_501,5.19,5.45,5.27,4.85,5.01,4.38,4.31,5.26,3.67,3.77,3.78,4.19,4.09,3.31,3.73,3.31,3.67,4.08,3.01,3.02
sample_502,5.28,5.48,5.15,4.96,5.11,4.32,4.32,5.06,3.7,3.69,3.94,4.21,4,3.6,3.77,3.28,3.53,3.91,3.19,2.87
sample_503,5.19,5.32,5.15,4.84,5,4.32,4.08,5.03,3.57,3.63,4.16,4.64,4.57,3.64,4.16,3.59,3.64,4.34,3.05,2.98
sample_504,5.08,5.34,5.13,4.84,5.07,4.39,4.25,5.18,3.74,3.78,3.76,4.21,4.09,3.33,3.84,3.38,3.61,4.1,3.15,2.94