,in_motif,intermedia,count_time,substruc_counts,motif_counts
0,N,N,0,0.0,0.0
1,N,N,0,0.0,0.0
2,N,N,0,0.0,0.0
3,N,N,0,0.0,0.0
4,N,N,0,0.0,0.0
5,N,N,0,0.0,0.0
6,N,N,0,0.0,0.0
7,N,N,0,0.0,0.0
8,N,N,0,0.0,0.0
9,N,N,0,0.0,0.0
10,N,N,0,0.0,0.0
11,N,N,0,0.0,0.0
12,N,N,0,0.0,0.0
13,N,N,0,0.0,0.0
14,N,N,0,0.0,0.0
15,N,N,0,0.0,0.0
16,N,N,0,0.0,0.0
17,N,N,0,0.0,0.0
18,N,N,0,0.0,0.0
19,N,N,0,0.0,0.0
20,N,N,0,0.0,0.0
21,N,N,0,0.0,0.0
22,N,N,0,0.0,0.0
23,N,N,0,0.0,0.0
24,N,N,0,0.0,0.0
25,N,N,0,0.0,0.0
26,N,N,0,0.0,0.0
27,N,N,0,0.0,0.0
28,N,N,0,0.0,0.0
29,N,N,0,0.0,0.0
30,N,N,0,0.0,0.0
31,N,N,0,0.0,0.0
32,N,N,0,0.0,0.0
33,N,N,0,0.0,0.0
34,N,N,0,0.0,0.0
35,N,N,0,0.0,0.0
36,N,N,0,0.0,0.0
37,N,N,0,0.0,0.0
38,N,N,0,0.0,0.0
39,N,N,0,0.0,0.0
40,N,N,0,0.0,0.0
41,N,N,0,0.0,0.0
42,N,N,0,0.0,0.0
43,N,N,0,0.0,0.0
44,N,N,0,0.0,0.0
45,N,N,0,0.0,0.0
46,N,N,0,0.0,0.0
47,N,N,0,0.0,0.0
48,N,N,0,0.0,0.0
49,N,N,0,0.0,0.0
50,N,N,0,0.0,0.0
51,N,N,0,16.0,0.0
52,N,N,0,0.0,0.0
53,N,N,0,0.0,0.0
54,N,N,0,0.0,0.0
55,N,N,0,0.0,0.0
56,N,N,0,0.0,0.0
57,N,N,0,0.0,0.0
58,N,N,0,0.0,0.0
59,N,N,0,0.0,0.0
60,N,N,0,0.0,0.0
61,N,N,0,0.0,0.0
62,N,N,0,0.0,0.0
63,N,N,0,0.0,0.0
64,N,N,0,0.0,0.0
65,N,N,0,0.0,0.0
66,N,N,0,0.0,0.0
67,N,N,0,0.0,0.0
68,N,N,0,0.0,0.0
69,N,N,0,0.0,0.0
70,N,N,0,0.0,0.0
71,N,N,0,0.0,0.0
72,N,N,0,0.0,0.0
73,N,N,0,0.0,0.0
74,N,N,0,0.0,0.0
75,N,N,0,0.0,0.0
76,N,N,0,0.0,0.0
77,Y,Y,0,15.0,15.0
78,N,N,0,0.0,0.0
79,N,N,0,0.0,0.0
80,N,N,0,0.0,0.0
81,N,N,0,0.0,0.0
82,N,N,0,0.0,0.0
83,N,N,0,0.0,0.0
84,Y,N,0,15.0,15.0
85,N,N,0,0.0,0.0
86,N,N,0,0.0,0.0
87,N,N,0,0.0,0.0
88,N,N,0,0.0,0.0
89,N,N,0,0.0,0.0
90,N,N,0,0.0,0.0
91,N,N,0,0.0,0.0
92,Y,Y,1,1.0,1.0
93,N,N,0,0.0,0.0
94,N,N,0,0.0,0.0
95,N,N,0,0.0,0.0
96,N,N,0,0.0,0.0
97,N,N,0,0.0,0.0
98,N,N,0,0.0,0.0
99,N,N,0,0.0,0.0
100,N,N,0,0.0,0.0
101,N,N,0,0.0,0.0
102,N,N,0,0.0,0.0
103,N,N,0,0.0,0.0
104,Y,Y,0,15.0,15.0
105,N,N,0,0.0,0.0
106,N,N,0,0.0,0.0
107,N,N,0,0.0,0.0
108,N,N,0,0.0,0.0
109,N,N,0,0.0,0.0
110,N,N,0,0.0,0.0
111,N,N,0,0.0,0.0
112,N,N,0,0.0,0.0
113,N,N,0,0.0,0.0
114,Y,Y,0,11.0,11.0
115,Y,Y,0,14.0,14.0
116,N,N,0,0.0,0.0
117,N,N,0,0.0,0.0
118,N,N,0,0.0,0.0
119,N,N,0,0.0,0.0
120,Y,Y,2,14.0,14.0
121,N,N,0,0.0,0.0
122,N,N,0,0.0,0.0
123,N,N,0,0.0,0.0
124,N,N,0,0.0,0.0
125,N,N,0,0.0,0.0
126,N,N,0,0.0,0.0
127,N,N,0,0.0,0.0
128,N,N,0,0.0,0.0
129,N,N,0,0.0,0.0
130,N,N,0,0.0,0.0
131,N,N,0,0.0,0.0
132,N,N,0,0.0,0.0
133,N,N,0,0.0,0.0
134,N,N,0,0.0,0.0
135,N,N,0,0.0,0.0
136,Y,Y,1,1.0,1.0
137,N,N,0,0.0,0.0
138,N,N,0,0.0,0.0
139,N,N,0,0.0,0.0
140,N,N,0,0.0,0.0
141,N,N,0,0.0,0.0
142,N,N,0,1.0,0.0
143,N,N,0,0.0,0.0
144,N,N,0,0.0,0.0
145,N,N,0,0.0,0.0
146,N,N,0,0.0,0.0
147,N,N,0,0.0,0.0
148,N,N,0,0.0,0.0
149,Y,Y,0,13.0,13.0
150,Y,Y,0,11.0,11.0
151,Y,Y,0,14.0,14.0
152,N,N,0,0.0,0.0
153,N,N,0,0.0,0.0
154,N,N,0,0.0,0.0
155,N,N,0,0.0,0.0
156,N,N,0,0.0,0.0
157,N,N,0,0.0,0.0
158,N,N,0,0.0,0.0
159,N,N,0,0.0,0.0
160,N,N,0,0.0,0.0
161,N,N,0,0.0,0.0
162,N,N,0,0.0,0.0
163,Y,Y,0,10.0,10.0
164,N,N,0,0.0,0.0
165,N,N,0,0.0,0.0
166,N,N,0,0.0,0.0
167,Y,Y,1,14.0,14.0
168,Y,Y,4,13.0,13.0
169,N,N,0,0.0,0.0
170,N,N,0,0.0,0.0
171,N,N,0,0.0,0.0
172,N,N,0,0.0,0.0
173,Y,Y,0,13.0,13.0
174,N,N,0,0.0,0.0
175,N,N,0,0.0,0.0
176,N,N,0,0.0,0.0
177,N,N,0,0.0,0.0
178,N,N,0,0.0,0.0
179,N,N,0,0.0,0.0
180,N,N,0,0.0,0.0
181,N,N,0,0.0,0.0
182,N,N,0,0.0,0.0
183,N,N,0,0.0,0.0
184,Y,Y,0,10.0,10.0
185,N,N,0,0.0,0.0
186,N,N,0,0.0,0.0
187,N,N,0,0.0,0.0
188,N,N,0,0.0,0.0
189,N,N,0,0.0,0.0
190,N,N,0,0.0,0.0
191,N,N,0,0.0,0.0
192,N,N,0,0.0,0.0
193,N,N,0,0.0,0.0
194,N,N,0,0.0,0.0
195,N,N,0,0.0,0.0
196,N,N,0,0.0,0.0
197,N,N,0,0.0,0.0
198,N,N,0,0.0,0.0
199,N,N,0,0.0,0.0
200,N,N,0,0.0,0.0
201,N,N,0,0.0,0.0
202,Y,Y,1,1.0,1.0
203,N,N,0,0.0,0.0
204,N,N,0,0.0,0.0
205,N,N,0,0.0,0.0
206,N,N,0,0.0,0.0
207,N,N,0,0.0,0.0
208,N,N,0,0.0,0.0
209,N,N,0,0.0,0.0
210,N,N,0,0.0,0.0
211,N,N,0,0.0,0.0
212,Y,Y,0,11.0,11.0
213,Y,Y,0,10.0,10.0
214,Y,Y,0,12.0,12.0
215,Y,Y,0,10.0,10.0
216,Y,Y,0,14.0,14.0
217,Y,Y,0,10.0,10.0
218,N,N,0,0.0,0.0
219,N,N,0,0.0,0.0
220,N,N,0,0.0,0.0
221,N,N,0,0.0,0.0
222,N,N,0,0.0,0.0
223,N,N,0,0.0,0.0
224,N,N,0,0.0,0.0
225,N,N,0,0.0,0.0
226,N,N,0,0.0,0.0
227,Y,Y,0,7.0,7.0
228,N,N,0,0.0,0.0
229,N,N,0,0.0,0.0
230,N,N,0,0.0,0.0
231,Y,Y,0,12.0,12.0
232,Y,Y,2,13.0,13.0
233,N,N,0,0.0,0.0
234,N,N,0,0.0,0.0
235,N,N,0,0.0,0.0
236,N,N,0,0.0,0.0
237,Y,Y,0,13.0,13.0
238,N,Y,0,12.0,0.0
239,N,N,0,0.0,0.0
240,N,N,0,0.0,0.0
241,N,N,0,0.0,0.0
242,N,N,0,0.0,0.0
243,N,N,0,0.0,0.0
244,N,N,0,0.0,0.0
245,N,N,0,0.0,0.0
246,N,N,0,0.0,0.0
247,N,N,0,0.0,0.0
248,N,N,0,0.0,0.0
249,Y,Y,0,10.0,10.0
250,N,N,0,0.0,0.0
251,N,N,0,0.0,0.0
252,N,Y,0,11.0,0.0
253,N,N,0,0.0,0.0
254,Y,Y,1,9.0,9.0
255,N,N,0,0.0,0.0
256,Y,Y,1,12.0,12.0
257,N,N,0,0.0,0.0
258,N,N,0,0.0,0.0
259,N,N,0,0.0,0.0
260,N,N,0,0.0,0.0
261,N,N,0,0.0,0.0
262,N,N,0,0.0,0.0
263,N,N,0,0.0,0.0
264,N,N,0,0.0,0.0
265,N,N,0,0.0,0.0
266,N,N,0,0.0,0.0
267,N,N,0,0.0,0.0
268,N,N,0,0.0,0.0
269,N,N,0,0.0,0.0
270,N,N,0,0.0,0.0
271,N,N,0,0.0,0.0
272,N,N,0,0.0,0.0
273,N,N,0,0.0,0.0
274,N,N,0,0.0,0.0
275,N,N,0,0.0,0.0
276,N,N,0,0.0,0.0
277,N,N,0,0.0,0.0
278,N,N,0,0.0,0.0
279,N,N,0,0.0,0.0
280,N,N,0,0.0,0.0
281,N,N,0,0.0,0.0
282,N,N,0,0.0,0.0
283,N,N,0,0.0,0.0
284,N,N,0,0.0,0.0
285,N,N,0,0.0,0.0
286,N,N,0,0.0,0.0
287,Y,Y,0,10.0,10.0
288,Y,Y,0,12.0,12.0
289,N,N,0,0.0,0.0
290,N,N,0,0.0,0.0
291,N,N,0,0.0,0.0
292,N,N,0,0.0,0.0
293,N,N,0,0.0,0.0
294,N,N,0,0.0,0.0
295,N,N,0,0.0,0.0
296,N,N,0,0.0,0.0
297,N,N,0,0.0,0.0
298,N,N,0,0.0,0.0
299,N,N,0,0.0,0.0
300,Y,Y,0,10.0,10.0
301,Y,Y,0,9.0,9.0
302,Y,Y,0,10.0,10.0
303,Y,Y,0,9.0,9.0
304,Y,Y,0,7.0,7.0
305,N,N,0,0.0,0.0
306,N,N,0,0.0,0.0
307,N,N,0,0.0,0.0
308,N,N,0,0.0,0.0
309,N,N,0,0.0,0.0
310,N,N,0,0.0,0.0
311,N,N,0,0.0,0.0
312,N,N,0,0.0,0.0
313,N,N,0,0.0,0.0
314,Y,Y,0,12.0,12.0
315,N,Y,0,11.0,0.0
316,Y,Y,9,13.0,13.0
317,N,N,0,0.0,0.0
318,N,N,0,0.0,0.0
319,N,N,0,0.0,0.0
320,N,Y,0,8.0,0.0
321,N,Y,0,12.0,0.0
322,Y,Y,0,12.0,12.0
323,N,N,0,0.0,0.0
324,N,N,0,0.0,0.0
325,N,N,0,0.0,0.0
326,N,N,0,0.0,0.0
327,N,N,0,0.0,0.0
328,Y,Y,0,10.0,10.0
329,N,N,0,0.0,0.0
330,N,N,0,0.0,0.0
331,N,N,0,0.0,0.0
332,Y,Y,0,11.0,11.0
333,N,N,0,0.0,0.0
334,N,N,0,0.0,0.0
335,Y,Y,0,9.0,9.0
336,Y,Y,0,9.0,9.0
337,N,Y,0,10.0,0.0
338,N,N,0,0.0,0.0
339,N,N,0,7.0,0.0
340,N,Y,0,10.0,0.0
341,Y,Y,1,6.0,6.0
342,N,N,0,0.0,0.0
343,Y,Y,1,11.0,11.0
344,Y,Y,1,9.0,9.0
345,N,N,0,0.0,0.0
346,N,N,0,0.0,0.0
347,N,N,0,0.0,0.0
348,N,N,0,0.0,0.0
349,N,N,0,0.0,0.0
350,N,N,0,0.0,0.0
351,Y,Y,0,11.0,11.0
352,N,N,0,0.0,0.0
353,N,N,0,0.0,0.0
354,N,N,0,0.0,0.0
355,N,N,0,0.0,0.0
356,N,N,0,0.0,0.0
357,N,N,0,0.0,0.0
358,N,N,0,0.0,0.0
359,N,N,0,0.0,0.0
360,N,N,0,0.0,0.0
361,N,N,0,0.0,0.0
362,N,N,0,0.0,0.0
363,N,N,0,0.0,0.0
364,N,N,0,0.0,0.0
365,N,Y,0,11.0,0.0
366,N,N,0,0.0,0.0
367,N,N,0,0.0,0.0
368,N,N,0,0.0,0.0
369,N,N,0,0.0,0.0
370,N,N,0,0.0,0.0
371,N,N,0,0.0,0.0
372,N,N,0,0.0,0.0
373,N,N,0,0.0,0.0
374,N,N,0,0.0,0.0
375,N,N,0,0.0,0.0
376,N,N,0,0.0,0.0
377,N,N,0,0.0,0.0
378,N,N,0,0.0,0.0
379,N,N,0,0.0,0.0
380,N,N,0,0.0,0.0
381,N,N,0,0.0,0.0
382,N,N,0,0.0,0.0
383,N,N,0,0.0,0.0
384,N,N,0,0.0,0.0
385,N,N,0,0.0,0.0
386,N,N,0,0.0,0.0
387,N,N,0,0.0,0.0
388,N,N,0,0.0,0.0
389,N,N,0,0.0,0.0
390,N,N,0,0.0,0.0
391,N,N,0,0.0,0.0
392,N,N,0,0.0,0.0
393,N,N,0,0.0,0.0
394,N,N,0,0.0,0.0
395,N,N,0,0.0,0.0
396,N,N,0,0.0,0.0
397,N,N,0,0.0,0.0
398,N,N,0,0.0,0.0
399,Y,Y,0,9.0,9.0
400,Y,Y,1,12.0,12.0
401,N,Y,0,9.0,0.0
402,N,Y,0,9.0,0.0
403,Y,Y,0,10.0,10.0
404,N,N,0,0.0,0.0
405,N,N,0,0.0,0.0
406,N,N,0,0.0,0.0
407,N,N,0,0.0,0.0
408,N,N,0,0.0,0.0
409,N,N,0,0.0,0.0
410,N,N,0,0.0,0.0
411,N,N,0,0.0,0.0
412,N,N,0,0.0,0.0
413,N,N,0,0.0,0.0
414,Y,Y,0,10.0,10.0
415,Y,Y,0,7.0,7.0
416,Y,Y,0,6.0,6.0
417,N,Y,0,7.0,0.0
418,N,N,0,0.0,0.0
419,N,N,0,0.0,0.0
420,N,N,0,0.0,0.0
421,N,N,0,0.0,0.0
422,N,Y,0,8.0,0.0
423,N,N,0,0.0,0.0
424,N,Y,0,7.0,0.0
425,N,Y,0,11.0,0.0
426,Y,Y,0,11.0,11.0
427,N,N,0,0.0,0.0
428,N,N,0,0.0,0.0
429,N,Y,0,8.0,0.0
430,Y,Y,0,12.0,12.0
431,N,Y,0,1.0,0.0
432,N,N,0,0.0,0.0
433,N,N,0,0.0,0.0
434,N,N,0,0.0,0.0
435,N,N,0,0.0,0.0
436,N,N,0,0.0,0.0
437,N,N,0,0.0,0.0
438,Y,Y,0,9.0,9.0
439,Y,Y,1,9.0,9.0
440,Y,Y,0,10.0,10.0
441,N,N,0,0.0,0.0
442,N,N,0,0.0,0.0
443,N,N,0,7.0,0.0
444,N,Y,0,10.0,0.0
445,N,Y,0,10.0,0.0
446,N,N,0,6.0,0.0
447,Y,Y,1,6.0,6.0
448,N,Y,0,9.0,0.0
449,N,Y,0,7.0,0.0
450,Y,Y,9,11.0,11.0
451,Y,Y,1,9.0,9.0
452,Y,Y,0,8.0,8.0
453,N,N,0,0.0,0.0
454,Y,Y,0,8.0,8.0
455,N,N,0,0.0,0.0
456,N,N,0,0.0,0.0
457,N,N,0,0.0,0.0
458,N,N,0,0.0,0.0
459,N,N,0,0.0,0.0
460,N,Y,0,10.0,0.0
461,N,Y,0,10.0,0.0
462,N,Y,0,10.0,0.0
463,N,Y,0,10.0,0.0
464,N,N,0,0.0,0.0
465,N,N,0,0.0,0.0
466,N,N,0,0.0,0.0
467,N,N,0,0.0,0.0
468,N,N,0,0.0,0.0
469,N,N,0,0.0,0.0
470,N,N,0,0.0,0.0
471,N,N,0,0.0,0.0
472,N,N,0,0.0,0.0
473,N,N,0,0.0,0.0
474,N,N,0,0.0,0.0
475,N,N,0,0.0,0.0
476,N,N,0,0.0,0.0
477,N,N,0,0.0,0.0
478,N,N,0,0.0,0.0
479,N,N,0,0.0,0.0
480,N,N,0,0.0,0.0
481,N,N,0,0.0,0.0
482,N,N,0,0.0,0.0
483,N,N,0,0.0,0.0
484,N,N,0,0.0,0.0
485,N,N,0,7.0,0.0
486,N,Y,0,10.0,0.0
487,Y,Y,0,11.0,11.0
488,N,N,0,0.0,0.0
489,N,N,0,0.0,0.0
490,N,N,0,0.0,0.0
491,N,N,0,0.0,0.0
492,N,N,0,0.0,0.0
493,N,N,0,0.0,0.0
494,N,N,0,0.0,0.0
495,N,N,0,0.0,0.0
496,N,N,0,0.0,0.0
497,N,Y,0,10.0,0.0
498,N,N,0,0.0,0.0
499,N,N,0,0.0,0.0
500,Y,Y,0,10.0,10.0
501,N,N,0,0.0,0.0
502,N,N,0,0.0,0.0
503,N,N,0,0.0,0.0
504,N,N,0,0.0,0.0
505,N,N,0,0.0,0.0
506,N,N,0,0.0,0.0
507,N,N,0,0.0,0.0
508,N,N,0,0.0,0.0
509,N,N,0,0.0,0.0
510,N,N,0,0.0,0.0
511,N,N,0,0.0,0.0
512,N,N,0,0.0,0.0
513,N,N,0,0.0,0.0
514,N,N,0,0.0,0.0
515,N,N,0,0.0,0.0
516,N,N,0,0.0,0.0
517,N,N,0,0.0,0.0
518,N,N,0,0.0,0.0
519,N,N,0,0.0,0.0
520,N,N,0,7.0,0.0
521,N,N,0,0.0,0.0
522,N,N,0,0.0,0.0
523,N,N,0,0.0,0.0
524,N,N,0,0.0,0.0
525,N,N,0,0.0,0.0
526,N,N,0,0.0,0.0
527,N,N,0,0.0,0.0
528,N,N,0,0.0,0.0
529,N,N,0,0.0,0.0
530,N,N,0,0.0,0.0
531,N,N,0,0.0,0.0
532,N,N,0,0.0,0.0
533,N,N,0,0.0,0.0
534,N,N,0,0.0,0.0
535,N,N,0,0.0,0.0
536,N,N,0,0.0,0.0
537,N,N,0,0.0,0.0
538,N,N,0,0.0,0.0
539,N,N,0,0.0,0.0
540,N,N,0,0.0,0.0
541,N,N,0,0.0,0.0
542,N,N,0,0.0,0.0
543,N,N,0,0.0,0.0
544,N,N,0,0.0,0.0
545,Y,Y,0,9.0,9.0
546,Y,Y,0,9.0,9.0
547,N,Y,0,9.0,0.0
548,Y,Y,0,6.0,6.0
549,N,Y,0,6.0,0.0
550,Y,Y,0,9.0,9.0
551,N,N,0,0.0,0.0
552,N,N,0,0.0,0.0
553,N,N,0,0.0,0.0
554,N,N,0,0.0,0.0
555,N,N,0,0.0,0.0
556,Y,Y,0,7.0,7.0
557,N,N,0,0.0,0.0
558,N,Y,0,7.0,0.0
559,N,N,0,0.0,0.0
560,N,Y,0,8.0,0.0
561,N,N,0,0.0,0.0
562,N,Y,0,7.0,0.0
563,Y,Y,1,11.0,11.0
564,N,Y,0,1.0,0.0
565,N,N,0,0.0,0.0
566,N,N,0,0.0,0.0
567,N,Y,0,8.0,0.0
568,N,Y,0,1.0,0.0
569,N,N,0,0.0,0.0
570,N,N,0,0.0,0.0
571,Y,Y,2,9.0,9.0
572,N,N,0,0.0,0.0
573,N,N,0,0.0,0.0
574,N,N,0,7.0,0.0
575,Y,Y,0,10.0,10.0
576,N,N,0,6.0,0.0
577,Y,Y,0,6.0,6.0
578,N,Y,0,6.0,0.0
579,N,Y,0,9.0,0.0
580,N,Y,0,9.0,0.0
581,N,Y,0,7.0,0.0
582,N,Y,0,7.0,0.0
583,N,Y,0,6.0,0.0
584,N,Y,0,8.0,0.0
585,Y,Y,0,8.0,8.0
586,Y,Y,9,11.0,11.0
587,N,Y,0,8.0,0.0
588,Y,Y,1,9.0,9.0
589,Y,Y,1,5.0,5.0
590,N,N,0,0.0,0.0
591,N,N,0,0.0,0.0
592,N,N,0,0.0,0.0
593,N,N,0,0.0,0.0
594,N,N,0,0.0,0.0
595,N,N,0,0.0,0.0
596,N,N,0,0.0,0.0
597,N,N,0,0.0,0.0
598,N,N,0,6.0,0.0
599,Y,Y,0,10.0,10.0
600,N,Y,0,10.0,0.0
601,N,N,0,6.0,0.0
602,N,Y,0,9.0,0.0
603,N,Y,0,9.0,0.0
604,N,Y,0,10.0,0.0
605,N,Y,0,9.0,0.0
606,Y,Y,0,10.0,10.0
607,N,N,0,0.0,0.0
608,N,N,0,0.0,0.0
609,N,N,0,0.0,0.0
610,N,N,0,0.0,0.0
611,N,N,0,0.0,0.0
612,N,N,0,0.0,0.0
613,N,N,0,0.0,0.0
614,N,N,0,0.0,0.0
615,N,N,0,0.0,0.0
616,N,N,0,0.0,0.0
617,N,N,0,0.0,0.0
618,N,N,0,0.0,0.0
619,N,N,0,0.0,0.0
620,N,N,0,0.0,0.0
621,N,N,0,0.0,0.0
622,N,N,0,0.0,0.0
623,N,N,0,0.0,0.0
624,N,N,0,0.0,0.0
625,N,N,0,0.0,0.0
626,N,N,0,0.0,0.0
627,N,N,0,0.0,0.0
628,N,N,0,0.0,0.0
629,N,N,0,0.0,0.0
630,N,N,0,0.0,0.0
631,N,N,0,7.0,0.0
632,N,Y,0,10.0,0.0
633,N,Y,0,7.0,0.0
634,N,Y,0,10.0,0.0
635,N,N,0,0.0,0.0
636,N,N,0,0.0,0.0
637,N,N,0,0.0,0.0
638,N,N,0,0.0,0.0
639,N,N,0,0.0,0.0
640,N,N,0,0.0,0.0
641,Y,Y,0,10.0,10.0
642,N,N,0,6.0,0.0
643,N,Y,0,9.0,0.0
644,N,N,0,0.0,0.0
645,N,N,0,0.0,0.0
646,N,Y,0,9.0,0.0
647,N,Y,0,9.0,0.0
648,N,Y,0,9.0,0.0
649,N,Y,0,9.0,0.0
650,N,N,0,0.0,0.0
651,N,N,0,0.0,0.0
652,N,N,0,0.0,0.0
653,N,N,0,0.0,0.0
654,N,N,0,0.0,0.0
655,N,N,0,0.0,0.0
656,N,N,0,0.0,0.0
657,N,N,0,0.0,0.0
658,N,N,0,0.0,0.0
659,N,N,0,0.0,0.0
660,N,N,0,0.0,0.0
661,N,N,0,0.0,0.0
662,N,N,0,0.0,0.0
663,N,N,0,6.0,0.0
664,N,N,0,0.0,0.0
665,N,N,0,0.0,0.0
666,N,N,0,0.0,0.0
667,N,N,0,0.0,0.0
668,N,N,0,0.0,0.0
669,N,N,0,0.0,0.0
670,N,N,0,0.0,0.0
671,N,N,0,0.0,0.0
672,N,N,0,0.0,0.0
673,N,N,0,6.0,0.0
674,N,N,0,0.0,0.0
675,N,N,0,0.0,0.0
676,N,N,0,0.0,0.0
677,N,N,0,0.0,0.0
678,N,N,0,0.0,0.0
679,N,N,0,0.0,0.0
680,N,N,0,0.0,0.0
681,N,N,0,6.0,0.0
682,N,Y,0,7.0,0.0
683,N,N,0,7.0,0.0
684,N,N,0,7.0,0.0
685,N,N,0,0.0,0.0
686,N,N,0,0.0,0.0
687,N,N,0,0.0,0.0
688,N,N,0,0.0,0.0
689,N,N,0,0.0,0.0
690,N,N,0,0.0,0.0
691,N,N,0,0.0,0.0
692,N,N,0,0.0,0.0
693,N,N,0,0.0,0.0
694,N,N,0,0.0,0.0
695,N,N,0,0.0,0.0
696,N,N,0,0.0,0.0
697,N,N,0,0.0,0.0
698,N,N,0,0.0,0.0
699,N,N,0,0.0,0.0
700,N,N,0,0.0,0.0
701,N,N,0,0.0,0.0
702,N,N,0,0.0,0.0
703,N,N,0,0.0,0.0
704,N,N,0,0.0,0.0
705,N,N,0,0.0,0.0
706,N,N,0,0.0,0.0
707,N,N,0,0.0,0.0
708,N,N,0,0.0,0.0
709,N,N,0,0.0,0.0
710,N,N,0,0.0,0.0
711,N,N,0,0.0,0.0
712,N,N,0,0.0,0.0
713,Y,Y,1,9.0,9.0
714,Y,Y,0,9.0,9.0
715,N,N,0,0.0,0.0
716,N,N,0,0.0,0.0
717,N,N,0,0.0,0.0
718,N,N,0,0.0,0.0
719,N,N,0,0.0,0.0
720,N,N,0,0.0,0.0
721,Y,Y,0,6.0,6.0
722,Y,Y,0,6.0,6.0
723,N,Y,0,6.0,0.0
724,Y,Y,0,6.0,6.0
725,N,N,0,0.0,0.0
726,Y,Y,0,7.0,7.0
727,N,Y,0,7.0,0.0
728,N,N,0,0.0,0.0
729,Y,Y,0,8.0,8.0
730,N,N,0,0.0,0.0
731,N,Y,0,7.0,0.0
732,N,Y,0,1.0,0.0
733,N,N,0,0.0,0.0
734,N,Y,0,1.0,0.0
735,N,Y,0,1.0,0.0
736,N,N,0,0.0,0.0
737,N,N,0,0.0,0.0
738,N,N,0,6.0,0.0
739,Y,Y,1,6.0,6.0
740,Y,Y,0,9.0,9.0
741,N,Y,0,7.0,0.0
742,N,Y,0,7.0,0.0
743,N,Y,0,6.0,0.0
744,N,Y,0,6.0,0.0
745,Y,Y,1,8.0,8.0
746,Y,Y,1,8.0,8.0
747,N,Y,0,8.0,0.0
748,Y,Y,1,5.0,5.0
749,N,Y,0,5.0,0.0
750,Y,Y,0,8.0,8.0
751,Y,Y,0,10.0,10.0
752,Y,Y,0,10.0,10.0
753,N,N,0,0.0,0.0
754,N,N,0,0.0,0.0
755,N,N,0,0.0,0.0
756,N,N,0,0.0,0.0
757,N,N,0,0.0,0.0
758,N,N,0,0.0,0.0
759,N,N,0,0.0,0.0
760,N,N,0,0.0,0.0
761,N,N,0,0.0,0.0
762,N,N,0,0.0,0.0
763,N,N,0,0.0,0.0
764,N,N,0,0.0,0.0
765,N,N,0,0.0,0.0
766,N,N,0,0.0,0.0
767,N,N,0,6.0,0.0
768,N,N,0,6.0,0.0
769,N,N,0,6.0,0.0
770,N,Y,0,6.0,0.0
771,N,Y,0,9.0,0.0
772,N,Y,0,9.0,0.0
773,N,Y,0,6.0,0.0
774,N,Y,0,9.0,0.0
775,N,Y,0,9.0,0.0
776,N,Y,0,9.0,0.0
777,N,Y,0,6.0,0.0
778,N,Y,0,9.0,0.0
779,N,N,0,0.0,0.0
780,N,N,0,0.0,0.0
781,N,N,0,0.0,0.0
782,N,N,0,0.0,0.0
783,N,N,0,0.0,0.0
784,N,N,0,0.0,0.0
785,N,N,0,0.0,0.0
786,N,N,0,0.0,0.0
787,N,N,0,0.0,0.0
788,N,N,0,0.0,0.0
789,N,N,0,0.0,0.0
790,N,N,0,0.0,0.0
791,N,N,0,0.0,0.0
792,N,N,0,0.0,0.0
793,N,N,0,0.0,0.0
794,N,N,0,0.0,0.0
795,N,N,0,0.0,0.0
796,N,N,0,0.0,0.0
797,N,N,0,0.0,0.0
798,N,N,0,7.0,0.0
799,N,Y,0,7.0,0.0
800,Y,Y,0,10.0,10.0
801,N,Y,0,7.0,0.0
802,N,N,0,0.0,0.0
803,N,N,0,0.0,0.0
804,N,N,0,0.0,0.0
805,N,N,0,6.0,0.0
806,N,Y,0,9.0,0.0
807,N,Y,0,9.0,0.0
808,N,Y,0,6.0,0.0
809,N,N,0,0.0,0.0
810,Y,Y,0,9.0,9.0
811,N,Y,0,9.0,0.0
812,N,Y,0,8.0,0.0
813,N,Y,0,8.0,0.0
814,Y,Y,0,9.0,9.0
815,N,Y,0,8.0,0.0
816,N,Y,0,9.0,0.0
817,N,N,0,5.0,0.0
818,N,N,0,5.0,0.0
819,N,N,0,0.0,0.0
820,N,N,0,0.0,0.0
821,N,N,0,0.0,0.0
822,N,N,0,0.0,0.0
823,N,N,0,0.0,0.0
824,N,N,0,0.0,0.0
825,N,N,0,0.0,0.0
826,N,N,0,0.0,0.0
827,N,N,0,5.0,0.0
828,N,N,0,0.0,0.0
829,N,N,0,0.0,0.0
830,N,N,0,0.0,0.0
831,N,N,0,0.0,0.0
832,N,N,0,0.0,0.0
833,N,N,0,0.0,0.0
834,N,N,0,0.0,0.0
835,N,N,0,0.0,0.0
836,N,N,0,0.0,0.0
837,N,N,0,6.0,0.0
838,N,N,0,6.0,0.0
839,N,N,0,6.0,0.0
840,N,N,0,6.0,0.0
841,N,N,0,0.0,0.0
842,N,N,0,0.0,0.0
843,N,N,0,0.0,0.0
844,N,N,0,0.0,0.0
845,N,N,0,0.0,0.0
846,N,N,0,0.0,0.0
847,N,N,0,0.0,0.0
848,N,N,0,0.0,0.0
849,N,N,0,0.0,0.0
850,N,N,0,0.0,0.0
851,N,N,0,0.0,0.0
852,N,N,0,0.0,0.0
853,N,N,0,5.0,0.0
854,N,Y,0,6.0,0.0
855,N,N,0,6.0,0.0
856,N,N,0,6.0,0.0
857,N,N,0,0.0,0.0
858,N,N,0,0.0,0.0
859,N,N,0,0.0,0.0
860,N,N,0,0.0,0.0
861,N,N,0,0.0,0.0
862,N,N,0,0.0,0.0
863,N,N,0,0.0,0.0
864,N,N,0,0.0,0.0
865,N,N,0,6.0,0.0
866,N,N,0,6.0,0.0
867,N,Y,0,7.0,0.0
868,N,Y,0,6.0,0.0
869,N,Y,0,7.0,0.0
870,N,Y,0,7.0,0.0
871,N,N,0,7.0,0.0
872,N,N,0,0.0,0.0
873,N,N,0,0.0,0.0
874,N,N,0,0.0,0.0
875,N,N,0,0.0,0.0
876,N,N,0,0.0,0.0
877,N,N,0,0.0,0.0
878,N,N,0,0.0,0.0
879,N,N,0,0.0,0.0
880,N,N,0,0.0,0.0
881,N,N,0,0.0,0.0
882,N,N,0,0.0,0.0
883,N,N,0,0.0,0.0
884,N,N,0,0.0,0.0
885,N,N,0,0.0,0.0
886,N,N,0,0.0,0.0
887,N,N,0,0.0,0.0
888,N,N,0,0.0,0.0
889,N,N,0,0.0,0.0
890,N,N,0,0.0,0.0
891,N,N,0,0.0,0.0
892,N,N,0,0.0,0.0
893,N,N,0,0.0,0.0
894,N,N,0,0.0,0.0
895,N,N,0,0.0,0.0
896,N,N,0,0.0,0.0
897,N,N,0,0.0,0.0
898,N,N,0,0.0,0.0
899,N,N,0,0.0,0.0
900,N,N,0,0.0,0.0
901,N,N,0,0.0,0.0
902,N,N,0,0.0,0.0
903,N,N,0,0.0,0.0
904,N,N,0,0.0,0.0
905,N,N,0,0.0,0.0
906,N,N,0,0.0,0.0
907,N,N,0,0.0,0.0
908,Y,Y,0,6.0,6.0
909,Y,Y,1,9.0,9.0
910,Y,Y,0,6.0,6.0
911,N,N,0,0.0,0.0
912,N,N,0,0.0,0.0
913,N,N,0,0.0,0.0
914,Y,Y,0,6.0,6.0
915,Y,Y,0,7.0,7.0
916,N,N,0,0.0,0.0
917,N,Y,0,1.0,0.0
918,N,N,0,0.0,0.0
919,N,Y,0,1.0,0.0
920,Y,Y,1,1.0,1.0
921,N,N,0,0.0,0.0
922,N,Y,0,1.0,0.0
923,Y,Y,0,7.0,7.0
924,Y,Y,1,6.0,6.0
925,N,Y,0,6.0,0.0
926,N,Y,0,6.0,0.0
927,Y,Y,6,8.0,8.0
928,Y,Y,1,8.0,8.0
929,Y,Y,0,5.0,5.0
930,Y,Y,0,5.0,5.0
931,N,Y,0,5.0,0.0
932,Y,Y,1,5.0,5.0
933,N,N,0,0.0,0.0
934,N,N,0,0.0,0.0
935,N,N,0,6.0,0.0
936,N,N,0,6.0,0.0
937,N,Y,0,9.0,0.0
938,N,Y,0,9.0,0.0
939,N,Y,0,9.0,0.0
940,N,N,0,0.0,0.0
941,N,N,0,0.0,0.0
942,N,N,0,0.0,0.0
943,N,N,0,0.0,0.0
944,N,N,0,0.0,0.0
945,N,N,0,0.0,0.0
946,N,N,0,0.0,0.0
947,N,N,0,0.0,0.0
948,N,N,0,0.0,0.0
949,N,N,0,0.0,0.0
950,N,N,0,0.0,0.0
951,N,N,0,0.0,0.0
952,N,N,0,0.0,0.0
953,N,N,0,0.0,0.0
954,N,N,0,0.0,0.0
955,N,N,0,0.0,0.0
956,N,N,0,6.0,0.0
957,N,N,0,6.0,0.0
958,N,Y,0,6.0,0.0
959,N,Y,0,6.0,0.0
960,N,Y,0,6.0,0.0
961,N,Y,0,6.0,0.0
962,N,Y,0,9.0,0.0
963,N,Y,0,9.0,0.0
964,N,Y,0,6.0,0.0
965,N,Y,0,6.0,0.0
966,N,Y,0,9.0,0.0
967,N,Y,0,6.0,0.0
968,N,N,0,0.0,0.0
969,N,N,0,0.0,0.0
970,N,N,0,0.0,0.0
971,N,N,0,0.0,0.0
972,N,N,0,0.0,0.0
973,N,N,0,0.0,0.0
974,N,N,0,0.0,0.0
975,N,N,0,0.0,0.0
976,N,N,0,0.0,0.0
977,N,N,0,0.0,0.0
978,N,Y,0,7.0,0.0
979,N,Y,0,7.0,0.0
980,N,N,0,0.0,0.0
981,N,N,0,6.0,0.0
982,Y,Y,0,9.0,9.0
983,N,Y,0,6.0,0.0
984,N,Y,0,6.0,0.0
985,Y,Y,1,9.0,9.0
986,Y,Y,1,9.0,9.0
987,N,Y,0,8.0,0.0
988,N,Y,0,8.0,0.0
989,N,Y,0,8.0,0.0
990,N,Y,0,8.0,0.0
991,N,Y,0,8.0,0.0
992,N,Y,0,8.0,0.0
993,N,N,0,5.0,0.0
994,N,N,0,5.0,0.0
995,N,N,0,5.0,0.0
996,N,Y,0,5.0,0.0
997,N,Y,0,5.0,0.0
998,N,Y,0,5.0,0.0
999,N,N,0,0.0,0.0
1000,N,N,0,0.0,0.0
1001,N,N,0,0.0,0.0
1002,N,N,0,0.0,0.0
1003,N,N,0,0.0,0.0
1004,N,N,0,0.0,0.0
1005,N,N,0,0.0,0.0
1006,N,N,0,0.0,0.0
1007,N,N,0,0.0,0.0
1008,N,N,0,0.0,0.0
1009,N,N,0,5.0,0.0
1010,N,N,0,5.0,0.0
1011,N,N,0,5.0,0.0
1012,N,N,0,5.0,0.0
1013,N,N,0,0.0,0.0
1014,N,N,0,0.0,0.0
1015,N,N,0,0.0,0.0
1016,N,N,0,0.0,0.0
1017,N,N,0,0.0,0.0
1018,N,N,0,0.0,0.0
1019,N,N,0,0.0,0.0
1020,N,N,0,0.0,0.0
1021,N,N,0,0.0,0.0
1022,N,N,0,0.0,0.0
1023,N,N,0,0.0,0.0
1024,N,N,0,0.0,0.0
1025,N,N,0,5.0,0.0
1026,N,N,0,6.0,0.0
1027,N,N,0,6.0,0.0
1028,N,N,0,5.0,0.0
1029,N,Y,0,6.0,0.0
1030,N,Y,0,6.0,0.0
1031,N,N,0,6.0,0.0
1032,N,Y,0,6.0,0.0
1033,N,N,0,6.0,0.0
1034,N,N,0,0.0,0.0
1035,N,N,0,0.0,0.0
1036,N,N,0,0.0,0.0
1037,N,N,0,0.0,0.0
1038,N,N,0,0.0,0.0
1039,N,N,0,0.0,0.0
1040,N,N,0,0.0,0.0
1041,N,N,0,0.0,0.0
1042,N,N,0,0.0,0.0
1043,N,N,0,0.0,0.0
1044,N,N,0,0.0,0.0
1045,N,N,0,0.0,0.0
1046,N,N,0,5.0,0.0
1047,N,N,0,5.0,0.0
1048,N,Y,0,6.0,0.0
1049,N,Y,0,5.0,0.0
1050,N,Y,0,6.0,0.0
1051,N,Y,0,6.0,0.0
1052,N,N,0,6.0,0.0
1053,N,N,0,0.0,0.0
1054,N,N,0,0.0,0.0
1055,N,N,0,0.0,0.0
1056,N,N,0,0.0,0.0
1057,N,N,0,0.0,0.0
1058,N,N,0,0.0,0.0
1059,N,N,0,6.0,0.0
1060,N,N,0,6.0,0.0
1061,N,Y,0,6.0,0.0
1062,N,Y,0,7.0,0.0
1063,N,Y,0,6.0,0.0
1064,N,Y,0,7.0,0.0
1065,N,Y,0,6.0,0.0
1066,N,Y,0,7.0,0.0
1067,N,N,0,0.0,0.0
1068,N,N,0,0.0,0.0
1069,N,N,0,0.0,0.0
1070,N,N,0,0.0,0.0
1071,N,N,0,0.0,0.0
1072,N,N,0,0.0,0.0
1073,N,N,0,0.0,0.0
1074,N,N,0,0.0,0.0
1075,N,N,0,0.0,0.0
1076,N,N,0,0.0,0.0
1077,N,N,0,0.0,0.0
1078,N,N,0,0.0,0.0
1079,N,N,0,0.0,0.0
1080,N,N,0,0.0,0.0
1081,N,N,0,0.0,0.0
1082,N,N,0,0.0,0.0
1083,N,N,0,0.0,0.0
1084,N,N,0,0.0,0.0
1085,N,N,0,0.0,0.0
1086,N,N,0,0.0,0.0
1087,N,N,0,0.0,0.0
1088,N,N,0,0.0,0.0
1089,N,N,0,0.0,0.0
1090,N,N,0,0.0,0.0
1091,N,N,0,0.0,0.0
1092,N,N,0,0.0,0.0
1093,N,N,0,0.0,0.0
1094,N,N,0,0.0,0.0
1095,N,N,0,0.0,0.0
1096,N,N,0,0.0,0.0
1097,N,N,0,0.0,0.0
1098,N,N,0,0.0,0.0
1099,N,N,0,0.0,0.0
1100,N,N,0,0.0,0.0
1101,N,N,0,0.0,0.0
1102,N,N,0,0.0,0.0
1103,N,N,0,0.0,0.0
1104,N,N,0,0.0,0.0
1105,N,N,0,0.0,0.0
1106,N,N,0,0.0,0.0
1107,N,N,0,0.0,0.0
1108,N,N,0,0.0,0.0
1109,Y,Y,0,6.0,6.0
1110,Y,Y,0,6.0,6.0
1111,Y,Y,0,6.0,6.0
1112,N,N,0,0.0,0.0
1113,N,Y,0,1.0,0.0
1114,N,N,0,0.0,0.0
1115,N,Y,0,1.0,0.0
1116,N,Y,0,1.0,0.0
1117,N,Y,0,1.0,0.0
1118,Y,Y,1,6.0,6.0
1119,Y,Y,0,5.0,5.0
1120,Y,Y,7,8.0,8.0
1121,Y,Y,0,5.0,5.0
1122,Y,Y,0,5.0,5.0
1123,N,N,0,0.0,0.0
1124,N,N,0,0.0,0.0
1125,N,N,0,0.0,0.0
1126,N,N,0,0.0,0.0
1127,N,N,0,0.0,0.0
1128,N,N,0,6.0,0.0
1129,N,N,0,6.0,0.0
1130,N,Y,0,6.0,0.0
1131,N,Y,0,6.0,0.0
1132,N,Y,0,9.0,0.0
1133,N,Y,0,6.0,0.0
1134,Y,Y,0,9.0,9.0
1135,N,Y,0,9.0,0.0
1136,N,Y,0,6.0,0.0
1137,N,N,0,0.0,0.0
1138,N,N,0,0.0,0.0
1139,N,N,0,0.0,0.0
1140,N,N,0,0.0,0.0
1141,N,N,0,0.0,0.0
1142,N,N,0,0.0,0.0
1143,N,N,0,0.0,0.0
1144,N,N,0,0.0,0.0
1145,N,N,0,0.0,0.0
1146,N,N,0,0.0,0.0
1147,N,N,0,0.0,0.0
1148,N,Y,0,6.0,0.0
1149,N,Y,0,6.0,0.0
1150,N,Y,0,6.0,0.0
1151,N,Y,0,6.0,0.0
1152,N,Y,0,6.0,0.0
1153,N,Y,0,6.0,0.0
1154,N,Y,0,6.0,0.0
1155,N,N,0,0.0,0.0
1156,N,N,0,0.0,0.0
1157,N,N,0,0.0,0.0
1158,Y,Y,0,7.0,7.0
1159,N,Y,0,6.0,0.0
1160,N,Y,0,6.0,0.0
1161,N,Y,0,8.0,0.0
1162,N,Y,0,8.0,0.0
1163,N,Y,0,8.0,0.0
1164,N,Y,0,8.0,0.0
1165,N,Y,0,8.0,0.0
1166,N,Y,0,8.0,0.0
1167,N,N,0,5.0,0.0
1168,N,N,0,5.0,0.0
1169,N,N,0,5.0,0.0
1170,N,N,0,5.0,0.0
1171,N,Y,0,5.0,0.0
1172,N,Y,0,5.0,0.0
1173,N,Y,0,5.0,0.0
1174,N,Y,0,5.0,0.0
1175,N,Y,0,5.0,0.0
1176,N,Y,0,5.0,0.0
1177,N,Y,0,5.0,0.0
1178,N,N,0,0.0,0.0
1179,N,N,0,0.0,0.0
1180,N,N,0,0.0,0.0
1181,N,N,0,0.0,0.0
1182,N,N,0,0.0,0.0
1183,N,N,0,0.0,0.0
1184,N,N,0,0.0,0.0
1185,N,N,0,6.0,0.0
1186,N,N,0,6.0,0.0
1187,N,N,0,0.0,0.0
1188,N,N,0,0.0,0.0
1189,N,N,0,0.0,0.0
1190,N,N,0,0.0,0.0
1191,N,N,0,0.0,0.0
1192,N,N,0,0.0,0.0
1193,N,N,0,0.0,0.0
1194,N,N,0,0.0,0.0
1195,N,N,0,0.0,0.0
1196,N,N,0,4.0,0.0
1197,N,N,0,5.0,0.0
1198,N,N,0,5.0,0.0
1199,N,N,0,4.0,0.0
1200,N,Y,0,5.0,0.0
1201,N,Y,0,5.0,0.0
1202,N,N,0,5.0,0.0
1203,N,Y,0,5.0,0.0
1204,N,N,0,5.0,0.0
1205,N,N,0,0.0,0.0
1206,N,N,0,0.0,0.0
1207,N,N,0,0.0,0.0
1208,N,N,0,0.0,0.0
1209,N,N,0,0.0,0.0
1210,N,N,0,0.0,0.0
1211,N,N,0,0.0,0.0
1212,N,N,0,0.0,0.0
1213,N,N,0,0.0,0.0
1214,N,N,0,0.0,0.0
1215,N,N,0,0.0,0.0
1216,N,N,0,0.0,0.0
1217,N,N,0,5.0,0.0
1218,N,N,0,5.0,0.0
1219,N,N,0,5.0,0.0
1220,N,Y,0,5.0,0.0
1221,N,Y,0,6.0,0.0
1222,N,Y,0,6.0,0.0
1223,N,Y,0,5.0,0.0
1224,N,Y,0,6.0,0.0
1225,N,Y,0,6.0,0.0
1226,N,Y,0,6.0,0.0
1227,N,Y,0,5.0,0.0
1228,N,Y,0,6.0,0.0
1229,N,N,0,0.0,0.0
1230,N,N,0,0.0,0.0
1231,N,N,0,0.0,0.0
1232,N,N,0,0.0,0.0
1233,N,N,0,0.0,0.0
1234,N,N,0,0.0,0.0
1235,N,N,0,0.0,0.0
1236,N,N,0,5.0,0.0
1237,N,N,0,5.0,0.0
1238,N,Y,0,5.0,0.0
1239,N,Y,0,6.0,0.0
1240,N,Y,0,5.0,0.0
1241,N,Y,0,6.0,0.0
1242,N,Y,0,5.0,0.0
1243,N,Y,0,6.0,0.0
1244,N,N,0,0.0,0.0
1245,N,N,0,0.0,0.0
1246,N,N,0,0.0,0.0
1247,N,N,0,6.0,0.0
1248,N,Y,0,6.0,0.0
1249,N,Y,0,6.0,0.0
1250,N,Y,0,6.0,0.0
1251,Y,Y,0,7.0,7.0
1252,N,Y,0,6.0,0.0
1253,N,N,0,0.0,0.0
1254,N,N,0,0.0,0.0
1255,N,N,0,0.0,0.0
1256,N,N,0,0.0,0.0
1257,N,N,0,0.0,0.0
1258,N,N,0,0.0,0.0
1259,N,N,0,0.0,0.0
1260,N,N,0,0.0,0.0
1261,N,N,0,0.0,0.0
1262,N,N,0,0.0,0.0
1263,N,N,0,0.0,0.0
1264,N,N,0,0.0,0.0
1265,N,N,0,0.0,0.0
1266,N,N,0,0.0,0.0
1267,N,N,0,0.0,0.0
1268,N,N,0,0.0,0.0
1269,N,N,0,0.0,0.0
1270,N,N,0,0.0,0.0
1271,N,N,0,0.0,0.0
1272,N,N,0,0.0,0.0
1273,N,N,0,0.0,0.0
1274,N,N,0,0.0,0.0
1275,N,N,0,0.0,0.0
1276,N,N,0,0.0,0.0
1277,N,N,0,0.0,0.0
1278,N,N,0,0.0,0.0
1279,N,N,0,0.0,0.0
1280,N,N,0,0.0,0.0
1281,N,N,0,0.0,0.0
1282,N,N,0,0.0,0.0
1283,N,N,0,0.0,0.0
1284,N,N,0,0.0,0.0
1285,N,N,0,0.0,0.0
1286,N,N,0,0.0,0.0
1287,N,N,0,0.0,0.0
1288,N,N,0,0.0,0.0
1289,N,N,0,0.0,0.0
1290,N,N,0,0.0,0.0
1291,N,N,0,0.0,0.0
1292,N,N,0,0.0,0.0
1293,N,N,0,0.0,0.0
1294,N,N,0,0.0,0.0
1295,N,N,0,0.0,0.0
1296,Y,Y,1,6.0,6.0
1297,N,N,0,0.0,0.0
1298,Y,Y,1,1.0,1.0
1299,N,Y,0,1.0,0.0
1300,N,Y,0,1.0,0.0
1301,Y,Y,0,5.0,5.0
1302,Y,Y,3,5.0,5.0
1303,Y,Y,1,5.0,5.0
1304,N,N,0,6.0,0.0
1305,Y,Y,0,9.0,9.0
1306,N,N,0,0.0,0.0
1307,N,N,0,0.0,0.0
1308,N,N,0,0.0,0.0
1309,N,N,0,0.0,0.0
1310,N,N,0,0.0,0.0
1311,N,N,0,0.0,0.0
1312,N,Y,0,6.0,0.0
1313,N,Y,0,6.0,0.0
1314,N,Y,0,6.0,0.0
1315,N,Y,0,6.0,0.0
1316,N,Y,0,6.0,0.0
1317,N,Y,0,6.0,0.0
1318,N,Y,0,6.0,0.0
1319,N,N,0,0.0,0.0
1320,N,N,0,0.0,0.0
1321,N,N,0,0.0,0.0
1322,N,N,0,0.0,0.0
1323,N,Y,0,6.0,0.0
1324,N,Y,0,6.0,0.0
1325,N,Y,0,6.0,0.0
1326,Y,Y,1,6.0,6.0
1327,Y,Y,0,8.0,8.0
1328,N,Y,0,8.0,0.0
1329,N,Y,0,8.0,0.0
1330,N,N,0,5.0,0.0
1331,N,N,0,5.0,0.0
1332,N,Y,0,5.0,0.0
1333,N,Y,0,5.0,0.0
1334,N,Y,0,5.0,0.0
1335,N,Y,0,5.0,0.0
1336,N,Y,0,5.0,0.0
1337,N,Y,0,5.0,0.0
1338,N,Y,0,5.0,0.0
1339,N,Y,0,5.0,0.0
1340,N,Y,0,5.0,0.0
1341,N,Y,0,5.0,0.0
1342,N,Y,0,5.0,0.0
1343,N,N,0,0.0,0.0
1344,N,N,0,0.0,0.0
1345,N,N,0,0.0,0.0
1346,N,N,0,5.0,0.0
1347,N,N,0,5.0,0.0
1348,N,N,0,0.0,0.0
1349,N,N,0,0.0,0.0
1350,N,N,0,0.0,0.0
1351,N,N,0,0.0,0.0
1352,N,N,0,0.0,0.0
1353,N,N,0,0.0,0.0
1354,N,N,0,0.0,0.0
1355,N,N,0,0.0,0.0
1356,N,N,0,0.0,0.0
1357,N,N,0,5.0,0.0
1358,N,N,0,5.0,0.0
1359,N,Y,0,6.0,0.0
1360,N,Y,0,6.0,0.0
1361,N,Y,0,6.0,0.0
1362,N,N,0,0.0,0.0
1363,N,N,0,0.0,0.0
1364,N,N,0,0.0,0.0
1365,N,N,0,0.0,0.0
1366,N,N,0,0.0,0.0
1367,N,N,0,0.0,0.0
1368,N,N,0,0.0,0.0
1369,N,N,0,4.0,0.0
1370,N,N,0,4.0,0.0
1371,N,N,0,4.0,0.0
1372,N,Y,0,4.0,0.0
1373,N,Y,0,5.0,0.0
1374,N,Y,0,5.0,0.0
1375,N,Y,0,4.0,0.0
1376,N,Y,0,5.0,0.0
1377,N,Y,0,5.0,0.0
1378,N,Y,0,5.0,0.0
1379,N,Y,0,4.0,0.0
1380,N,Y,0,5.0,0.0
1381,N,N,0,0.0,0.0
1382,N,N,0,0.0,0.0
1383,N,N,0,0.0,0.0
1384,N,N,0,0.0,0.0
1385,N,N,0,0.0,0.0
1386,N,N,0,0.0,0.0
1387,N,N,0,0.0,0.0
1388,N,N,0,5.0,0.0
1389,N,N,0,5.0,0.0
1390,N,Y,0,5.0,0.0
1391,N,Y,0,5.0,0.0
1392,N,Y,0,5.0,0.0
1393,N,Y,0,5.0,0.0
1394,N,Y,0,6.0,0.0
1395,N,Y,0,6.0,0.0
1396,N,Y,0,5.0,0.0
1397,N,Y,0,5.0,0.0
1398,N,Y,0,6.0,0.0
1399,N,Y,0,5.0,0.0
1400,N,N,0,0.0,0.0
1401,N,N,0,0.0,0.0
1402,N,N,0,0.0,0.0
1403,N,N,0,5.0,0.0
1404,N,Y,0,5.0,0.0
1405,N,Y,0,5.0,0.0
1406,N,Y,0,5.0,0.0
1407,Y,Y,0,6.0,6.0
1408,N,Y,0,5.0,0.0
1409,N,N,0,0.0,0.0
1410,N,Y,0,6.0,0.0
1411,N,Y,0,6.0,0.0
1412,N,Y,0,6.0,0.0
1413,N,N,0,0.0,0.0
1414,N,N,0,0.0,0.0
1415,N,N,0,0.0,0.0
1416,N,N,0,0.0,0.0
1417,N,N,0,0.0,0.0
1418,N,N,0,0.0,0.0
1419,N,N,0,0.0,0.0
1420,N,N,0,0.0,0.0
1421,N,N,0,0.0,0.0
1422,N,N,0,0.0,0.0
1423,N,N,0,0.0,0.0
1424,N,N,0,0.0,0.0
1425,N,N,0,0.0,0.0
1426,N,N,0,0.0,0.0
1427,N,N,0,0.0,0.0
1428,N,N,0,0.0,0.0
1429,N,N,0,0.0,0.0
1430,N,N,0,0.0,0.0
1431,N,N,0,0.0,0.0
1432,N,N,0,0.0,0.0
1433,N,N,0,0.0,0.0
1434,N,N,0,0.0,0.0
1435,N,N,0,0.0,0.0
1436,N,N,0,0.0,0.0
1437,N,N,0,0.0,0.0
1438,N,N,0,0.0,0.0
1439,N,N,0,0.0,0.0
1440,N,N,0,0.0,0.0
1441,N,N,0,0.0,0.0
1442,N,N,0,0.0,0.0
1443,N,N,0,0.0,0.0
1444,N,N,0,0.0,0.0
1445,N,N,0,0.0,0.0
1446,N,N,0,0.0,0.0
1447,N,N,0,0.0,0.0
1448,N,N,0,0.0,0.0
1449,N,N,0,0.0,0.0
1450,N,N,0,0.0,0.0
1451,N,N,0,0.0,0.0
1452,N,N,0,0.0,0.0
1453,N,Y,0,1.0,0.0
1454,N,Y,0,1.0,0.0
1455,Y,Y,5,5.0,5.0
1456,N,N,0,0.0,0.0
1457,N,Y,0,6.0,0.0
1458,N,Y,0,6.0,0.0
1459,N,Y,0,6.0,0.0
1460,N,N,0,0.0,0.0
1461,N,N,0,0.0,0.0
1462,N,N,0,0.0,0.0
1463,N,Y,0,6.0,0.0
1464,N,Y,0,6.0,0.0
1465,Y,Y,0,6.0,6.0
1466,N,Y,0,6.0,0.0
1467,Y,Y,3,8.0,8.0
1468,N,N,0,5.0,0.0
1469,N,Y,0,5.0,0.0
1470,N,Y,0,5.0,0.0
1471,N,Y,0,5.0,0.0
1472,N,Y,0,5.0,0.0
1473,N,Y,0,5.0,0.0
1474,N,Y,0,5.0,0.0
1475,N,Y,0,5.0,0.0
1476,N,Y,0,5.0,0.0
1477,N,Y,0,5.0,0.0
1478,N,Y,0,5.0,0.0
1479,Y,Y,1,6.0,6.0
1480,N,N,0,0.0,0.0
1481,N,N,0,0.0,0.0
1482,N,N,0,0.0,0.0
1483,N,N,0,0.0,0.0
1484,N,N,0,0.0,0.0
1485,N,N,0,4.0,0.0
1486,N,N,0,4.0,0.0
1487,N,Y,0,5.0,0.0
1488,N,Y,0,5.0,0.0
1489,N,Y,0,5.0,0.0
1490,N,N,0,0.0,0.0
1491,N,N,0,0.0,0.0
1492,N,N,0,0.0,0.0
1493,N,N,0,0.0,0.0
1494,N,N,0,0.0,0.0
1495,N,N,0,0.0,0.0
1496,N,N,0,0.0,0.0
1497,N,N,0,5.0,0.0
1498,N,N,0,5.0,0.0
1499,N,Y,0,5.0,0.0
1500,N,Y,0,5.0,0.0
1501,N,Y,0,6.0,0.0
1502,N,Y,0,5.0,0.0
1503,N,Y,0,6.0,0.0
1504,N,Y,0,6.0,0.0
1505,N,Y,0,5.0,0.0
1506,N,N,0,0.0,0.0
1507,N,N,0,0.0,0.0
1508,N,N,0,0.0,0.0
1509,N,N,0,0.0,0.0
1510,N,N,0,4.0,0.0
1511,N,N,0,4.0,0.0
1512,N,Y,0,4.0,0.0
1513,N,Y,0,4.0,0.0
1514,N,Y,0,4.0,0.0
1515,N,Y,0,4.0,0.0
1516,N,Y,0,5.0,0.0
1517,N,Y,0,5.0,0.0
1518,N,Y,0,4.0,0.0
1519,N,Y,0,4.0,0.0
1520,N,Y,0,5.0,0.0
1521,N,Y,0,4.0,0.0
1522,N,N,0,0.0,0.0
1523,N,N,0,0.0,0.0
1524,N,N,0,0.0,0.0
1525,N,Y,0,5.0,0.0
1526,N,Y,0,5.0,0.0
1527,N,Y,0,5.0,0.0
1528,N,Y,0,5.0,0.0
1529,N,Y,0,5.0,0.0
1530,N,Y,0,5.0,0.0
1531,N,Y,0,5.0,0.0
1532,N,Y,0,5.0,0.0
1533,N,Y,0,5.0,0.0
1534,N,Y,0,5.0,0.0
1535,Y,Y,0,6.0,6.0
1536,N,N,0,0.0,0.0
1537,N,N,0,0.0,0.0
1538,N,N,0,0.0,0.0
1539,N,N,0,0.0,0.0
1540,N,N,0,0.0,0.0
1541,N,N,0,0.0,0.0
1542,N,N,0,0.0,0.0
1543,N,N,0,0.0,0.0
1544,N,N,0,0.0,0.0
1545,N,N,0,0.0,0.0
1546,N,N,0,0.0,0.0
1547,N,N,0,0.0,0.0
1548,N,N,0,0.0,0.0
1549,N,N,0,0.0,0.0
1550,N,N,0,0.0,0.0
1551,N,N,0,0.0,0.0
1552,N,N,0,0.0,0.0
1553,N,N,0,0.0,0.0
1554,N,N,0,0.0,0.0
1555,N,N,0,0.0,0.0
1556,N,N,0,0.0,0.0
1557,N,N,0,0.0,0.0
1558,N,N,0,0.0,0.0
1559,N,N,0,0.0,0.0
1560,N,N,0,0.0,0.0
1561,N,N,0,0.0,0.0
1562,N,N,0,0.0,0.0
1563,N,N,0,0.0,0.0
1564,N,N,0,0.0,0.0
1565,N,N,0,0.0,0.0
1566,N,N,0,0.0,0.0
1567,N,N,0,0.0,0.0
1568,Y,Y,1,1.0,1.0
1569,N,N,0,0.0,0.0
1570,N,Y,0,6.0,0.0
1571,Y,Y,0,6.0,6.0
1572,Y,Y,0,6.0,6.0
1573,N,Y,0,5.0,0.0
1574,N,Y,0,5.0,0.0
1575,N,Y,0,5.0,0.0
1576,N,Y,0,5.0,0.0
1577,N,Y,0,5.0,0.0
1578,Y,Y,0,5.0,5.0
1579,N,Y,0,5.0,0.0
1580,N,N,0,0.0,0.0
1581,N,N,0,0.0,0.0
1582,N,N,0,0.0,0.0
1583,N,N,0,5.0,0.0
1584,Y,Y,0,6.0,6.0
1585,N,N,0,0.0,0.0
1586,N,N,0,0.0,0.0
1587,N,N,0,0.0,0.0
1588,N,N,0,4.0,0.0
1589,N,N,0,4.0,0.0
1590,N,Y,0,4.0,0.0
1591,N,Y,0,4.0,0.0
1592,N,Y,0,5.0,0.0
1593,N,Y,0,4.0,0.0
1594,N,Y,0,5.0,0.0
1595,N,Y,0,5.0,0.0
1596,N,Y,0,4.0,0.0
1597,N,N,0,0.0,0.0
1598,N,N,0,0.0,0.0
1599,N,N,0,0.0,0.0
1600,N,N,0,0.0,0.0
1601,N,Y,0,5.0,0.0
1602,N,Y,0,5.0,0.0
1603,N,Y,0,5.0,0.0
1604,N,Y,0,5.0,0.0
1605,N,Y,0,5.0,0.0
1606,N,Y,0,5.0,0.0
1607,N,Y,0,5.0,0.0
1608,N,Y,0,4.0,0.0
1609,N,Y,0,4.0,0.0
1610,N,Y,0,4.0,0.0
1611,N,Y,0,4.0,0.0
1612,N,Y,0,4.0,0.0
1613,N,Y,0,4.0,0.0
1614,N,Y,0,4.0,0.0
1615,N,Y,0,5.0,0.0
1616,N,Y,0,5.0,0.0
1617,N,Y,0,5.0,0.0
1618,Y,Y,1,5.0,5.0
1619,N,N,0,0.0,0.0
1620,N,N,0,0.0,0.0
1621,N,N,0,0.0,0.0
1622,N,N,0,0.0,0.0
1623,N,N,0,0.0,0.0
1624,N,N,0,0.0,0.0
1625,N,N,0,0.0,0.0
1626,N,N,0,0.0,0.0
1627,N,N,0,0.0,0.0
1628,N,N,0,0.0,0.0
1629,N,N,0,0.0,0.0
1630,N,N,0,0.0,0.0
1631,N,N,0,0.0,0.0
1632,N,N,0,0.0,0.0
1633,N,N,0,0.0,0.0
1634,N,N,0,0.0,0.0
1635,N,N,0,0.0,0.0
1636,N,N,0,0.0,0.0
1637,N,N,0,0.0,0.0
1638,N,N,0,0.0,0.0
1639,N,N,0,0.0,0.0
1640,Y,Y,5,5.0,5.0
1641,Y,Y,1,6.0,6.0
1642,N,Y,0,5.0,0.0
1643,Y,Y,0,5.0,5.0
1644,Y,Y,2,5.0,5.0
1645,N,N,0,0.0,0.0
1646,N,N,0,4.0,0.0
1647,Y,Y,2,5.0,5.0
1648,N,N,0,0.0,0.0
1649,N,N,0,0.0,0.0
1650,N,N,0,0.0,0.0
1651,N,Y,0,5.0,0.0
1652,N,Y,0,5.0,0.0
1653,N,Y,0,5.0,0.0
1654,N,Y,0,4.0,0.0
1655,N,Y,0,4.0,0.0
1656,N,Y,0,4.0,0.0
1657,N,Y,0,4.0,0.0
1658,N,Y,0,4.0,0.0
1659,N,Y,0,4.0,0.0
1660,N,Y,0,4.0,0.0
1661,N,Y,0,5.0,0.0
1662,N,Y,0,5.0,0.0
1663,N,Y,0,5.0,0.0
1664,N,Y,0,5.0,0.0
1665,N,Y,0,4.0,0.0
1666,N,Y,0,4.0,0.0
1667,N,Y,0,4.0,0.0
1668,N,N,0,0.0,0.0
1669,N,N,0,0.0,0.0
1670,N,N,0,0.0,0.0
1671,N,N,0,0.0,0.0
1672,N,N,0,0.0,0.0
1673,N,N,0,0.0,0.0
1674,N,N,0,0.0,0.0
1675,N,N,0,0.0,0.0
1676,N,N,0,0.0,0.0
1677,N,N,0,0.0,0.0
1678,N,N,0,0.0,0.0
1679,Y,Y,5,5.0,5.0
1680,N,N,0,0.0,0.0
1681,N,Y,0,4.0,0.0
1682,N,Y,0,4.0,0.0
1683,N,Y,0,4.0,0.0
1684,N,Y,0,5.0,0.0
1685,N,Y,0,5.0,0.0
1686,N,Y,0,5.0,0.0
1687,N,Y,0,4.0,0.0
1688,N,Y,0,4.0,0.0
1689,N,Y,0,4.0,0.0
1690,N,Y,0,4.0,0.0
1691,N,N,0,0.0,0.0
1692,N,N,0,0.0,0.0
1693,N,N,0,0.0,0.0
1694,N,N,0,0.0,0.0
1695,Y,Y,1,5.0,5.0
1696,N,Y,0,4.0,0.0
1697,N,Y,0,4.0,0.0
1698,N,Y,0,4.0,0.0
1699,N,N,0,0.0,0.0
1700,Y,Y,4,4.0,4.0
