"","start","end","vis_group_4.substrateProduct_ratio","vis_group_4.spearman.ppcor_pvalue","vis_group_4.spearman.ppcor","vis_group_2.substrateProduct_ratio","vis_group_2.spearman.ppcor_pvalue","vis_group_2.spearman.ppcor","vis_group_1.substrateProduct_ratio","vis_group_1.spearman.ppcor_pvalue","vis_group_1.spearman.ppcor","split_group_4.substrateProduct_ratio","split_group_4.spearman.ppcor_pvalue","split_group_4.spearman.ppcor","split_group_2.substrateProduct_ratio","split_group_2.spearman.ppcor_pvalue","split_group_2.spearman.ppcor","split_group_1.substrateProduct_ratio","split_group_1.spearman.ppcor_pvalue","split_group_1.spearman.ppcor","k_2013_group_4.substrateProduct_ratio","k_2013_group_4.spearman.ppcor_pvalue","k_2013_group_4.spearman.ppcor","k_2013_group_2.substrateProduct_ratio","k_2013_group_2.spearman.ppcor_pvalue","k_2013_group_2.spearman.ppcor","k_2013_group_1.substrateProduct_ratio","k_2013_group_1.spearman.ppcor_pvalue","k_2013_group_1.spearman.ppcor","k_2010_group_4.substrateProduct_ratio","k_2010_group_4.spearman.ppcor_pvalue","k_2010_group_4.spearman.ppcor","k_2010_group_2.substrateProduct_ratio","k_2010_group_2.spearman.ppcor_pvalue","k_2010_group_2.spearman.ppcor","k_2010_group_1.substrateProduct_ratio","k_2010_group_1.spearman.ppcor_pvalue","k_2010_group_1.spearman.ppcor"
"1",176,176,1,0,1,1,0,1,1,0,1,1,0,1,1,0,1,1,0,1,1,0,1,1,0,1,1,0,1,1,0,1,1,0,1,1,0,1
"2",176,182,0.581510355485099,2.72347673611125e-29,-0.528439808848596,0.576859154837196,1.55894019314269e-15,-0.39459430796678,0.588191091915618,2.57365826799291e-29,-0.534527713463637,0.581632983325476,2.33382888179364e-67,-0.516161909821418,0.579952661610268,8.68807805993759e-71,-0.529783891452155,0.590498760451143,4.46782930818321e-67,-0.517493358706132,0.587284106076551,6.60715779884372e-28,-0.407739129557195,0.582624549858737,5.24312153506596e-41,-0.491795027522013,0.594836192262483,4.34595589557527e-39,-0.481184043526673,0.57880628310215,7.58196138064759e-37,-0.52686599418289,0.57620354816694,4.70617926875725e-25,-0.444942951349137,0.586094262046509,6.05214503420903e-33,-0.505455270093544
"3",176,189,0.490936467635867,5.31306995005219e-67,0.734578995344093,0.491086717505129,3.7706133634842e-45,0.641153170345517,0.495076615451097,9.33574504122599e-36,0.582751720668421,0.490325253829182,9.29515913815683e-137,0.686915613552166,0.492129546928838,2.3984629299886e-126,0.669734371083402,0.494761384994879,4.72138008849347e-124,0.665173711358267,0.489238954357204,1.09850040312938e-141,0.78888048145591,0.491503976086846,7.6358058705999e-66,0.603153934307311,0.493644581785442,3.71085844050321e-86,0.669996616994176,0.490301012406197,5.36478366133697e-88,0.741969184843163,0.489940450665103,4.36546872561719e-52,0.615404182187155,0.494562108528058,2.05436643889746e-42,0.564974995850849
"4",176,190,0.469544015494707,2.98887963323427e-23,0.475192836868131,0.467359302324071,8.32952702847311e-14,0.371371045076997,0.45740628043319,5.28812997639776e-18,0.424907220314347,0.463377777152139,2.08217862385985e-91,0.587644257293991,0.462600876711223,2.84692443343598e-132,0.681149075387439,0.452784150768404,4.60250554782938e-91,0.589179026044886,0.46792628525066,1.02892463043182e-91,0.681914249244496,0.465573907392356,3.50136047705031e-40,0.487279510142262,0.457159353653678,4.71733889451394e-40,0.486564465301544,0.466879408857861,7.32198661660938e-29,0.471405532072516,0.466202403849034,5.66987165657361e-24,0.43562553142732,0.457718288424335,1.7371275986394e-24,0.440089922982031
"5",176,195,0.44466048204969,2.39193709370085e-51,0.667343273238893,0.441658303099077,1.24089687014174e-50,0.670221652674787,0.455446700828313,3.42259200706696e-55,0.692115660062777,0.44434393874888,5.77773383715125e-105,0.621308178292076,0.443727426935972,4.284307075848e-88,0.581202032554696,0.45740514519977,6.18817498832031e-111,0.637445159793897,0.449291998759952,1.79017271508641e-59,0.57479364161416,0.445174730730631,8.31969267729507e-77,0.641270751269396,0.460729474084397,4.09676432208012e-79,0.648656915669243,0.439047960447188,2.70943881938794e-69,0.682106989013991,0.440159015462263,3.92558376305949e-53,0.62035707575148,0.452776791097326,1.47561913882138e-55,0.63150730765131
"6",176,197,0.242027368925967,4.01013489359834e-12,-0.342557868323296,0.238384275151668,0.000126182081590216,-0.195923559469128,0.23868901570125,0.0603638115205675,-0.0966941991935543,0.237484947608043,1.70550993597103e-40,-0.408829206936937,0.235625683708589,7.33861172322945e-58,-0.484606581776006,0.235503084225101,2.6497006978585e-29,-0.351013553560697,0.239629021879743,1.88274194594108e-52,-0.544862924018449,0.236977328497296,7.89791404228795e-15,-0.297902243037901,0.237038600944908,4.77794681757009e-21,-0.357136886925362,0.242431520897403,5.38598274967867e-15,-0.34096146290721,0.237255063952265,5.00091467455748e-09,-0.261023030067357,0.238673164183198,0.00171018989075628,-0.141770972664363
"7",176,199,0.212770991340787,3.45298399358612e-15,-0.385405666863086,0.21416885075125,1.08945205809338e-25,-0.503498149405925,0.216986488308721,2.36867627587676e-14,-0.378912975253515,0.211357487749626,1.06709923608528e-28,-0.345712932223201,0.21617692754608,1.91979204472017e-37,-0.395658929425135,0.217404025719551,1.41007846895992e-39,-0.406302734871817,0.213776447418411,2.08022351933943e-30,-0.424945691026112,0.216700967879332,2.314076839557e-24,-0.384201076948899,0.21895182647873,4.68932179274152e-31,-0.43220239829399,0.209746415079369,1.41242610682748e-36,-0.525146691476275,0.213040720210152,3.96534524527597e-28,-0.469974431536882,0.215303266977066,7.89489867529831e-13,-0.316991579718775
"8",176,200,0.19866924091803,1.5329953242505e-10,-0.317587497914686,0.196391929302905,2.20320444105687e-16,-0.405376737275667,0.201612787057573,5.91403765154619e-08,-0.274384796518567,0.19506358609332,7.62812496402486e-39,-0.400786638120797,0.195553737641843,3.31363603862247e-56,-0.478302245191978,0.200474141522235,1.42590429927154e-50,-0.455792735755399,0.201445049932966,3.1330823356627e-35,-0.45555071637537,0.198256947166145,2.4624210084199e-41,-0.49357371828207,0.20428207085074,2.369377142726e-21,-0.359734071181971,0.193296501989945,1.35825939098983e-18,-0.380761356575975,0.194471244201924,8.13980660930658e-22,-0.416120841222524,0.200093310370277,1.45577913401061e-14,-0.339025357381323
"9",176,201,0.100322678233274,2.91598368541684e-07,0.256823802573767,0.09969228192202,1.48071951399408e-08,0.286147652825815,0.100510676209092,0.0149326843403008,0.12511391899964,0.0970135572763119,1.13542164798093e-15,0.252965752506523,0.099370621955292,5.61977363895388e-26,0.330501765231436,0.0992747922915944,2.4397718061444e-22,0.306119835497899,0.100666743990586,1.01892265700437e-19,0.343048246513751,0.100670588362319,3.59849694669354e-09,0.228500923930662,0.101218872875026,2.54970869880286e-16,0.313345452957372,0.0991384033805365,2.80746902592945e-17,0.366849611702777,0.0987248493041776,1.61648696118251e-11,0.299039505764402,0.0996541110900632,0.00720028367140781,0.121639444364063
"10",182,176,1.72021305953911,2.72347673611099e-29,-0.528439808848596,1.73381324264356,1.55894019314425e-15,-0.394594307966774,1.70044606267303,2.57365826799475e-29,-0.534527713463635,1.71991044924311,2.33382888179437e-67,-0.516161909821417,1.72458055950792,8.6880780599771e-71,-0.529783891452149,1.69380358575217,4.46782930823435e-67,-0.517493358706115,1.70337524961384,6.60715779884286e-28,-0.407739129557196,1.71667652894178,5.24312153506581e-41,-0.491795027522013,1.68139000869824,4.34595589555547e-39,-0.481184043526684,1.72850362975516,7.58196138064519e-37,-0.52686599418289,1.73578879911046,4.70617926875973e-25,-0.444942951349135,1.70656984578058,6.05214503421853e-33,-0.505455270093539
"11",182,182,1,0,1,1,0,1,1,0,1,1,0,1,1,0,1,1,0,1,1,0,1,1,0,1,1,0,1,1,0,1,1,0,1,1,0,1
"12",182,189,0.844563737823229,0.00260550350838928,0.15244830107221,0.851517385556744,0.00242067907549003,0.155569396871627,0.841925949485918,0.0707637559215555,0.0930480062327865,0.843379181195544,0.022695665603597,0.073042273268786,0.848791282040864,5.86295448072851e-11,0.208919219328137,0.838090235313335,2.46166672365113e-10,0.202115019538821,0.833441557483639,0.0412693213662723,0.0793433547493667,0.843829165996064,0.0027770646596678,0.116974099971768,0.830069309074242,1.08143198494067e-05,0.171378110898955,0.847581576311979,0.00119400007082311,0.144944458920289,0.850493251066025,0.183475852908553,0.0603740418814279,0.844081052976803,2.57180598165884e-05,0.189458021265379
"13",182,190,0.807676837046761,0.0103506570424766,-0.130028253250614,0.810321903634711,0.201099474010445,-0.0659018679605535,0.777791933997445,0.0170375745212631,-0.122659753482056,0.796931900491416,0.000294444217823899,-0.115814484945669,0.797801465586105,0.00252123987992609,0.097238825473089,0.766926369597502,0.98104582732294,-0.00076657887479898,0.797021566198096,0.0743808360174675,-0.0693949058885338,0.799238881916029,0.100236063877953,-0.0644293992061848,0.76865935000764,0.0343728323823681,-0.0828725120397875,0.806890758655669,0.00043255262875673,-0.157278341777897,0.809238811065427,0.000679961676148104,-0.153438631195522,0.781119676196871,0.165313078244887,-0.0629695101444164
"14",182,195,0.764716441610272,3.44903627579006e-57,0.694677259180062,0.765675931184451,2.39309588546195e-50,0.668786788525104,0.774368550728474,7.38929044744183e-53,0.681145949829906,0.764003827173755,2.62241151521835e-109,0.631285555303031,0.765162443274476,8.94303817523038e-138,0.691302159441912,0.77465966820688,2.22878208461258e-135,0.68693154271098,0.765084010113691,3.13416413091588e-86,0.666467029864922,0.764128009829869,1.16020735167348e-145,0.798922623237096,0.774594101759132,4.27889597662451e-90,0.681199150185349,0.758584313643557,7.14871472381313e-80,0.717837455649142,0.763943029115733,2.05984407810933e-73,0.701667391368989,0.772586009663612,6.09568184010632e-77,0.713464760555314
"15",182,197,0.416330290361105,0.953769186095329,-0.00295271398160843,0.41334885456111,0.880139457686538,-0.00778158026833842,0.405911978862708,0.00906538431395587,0.134059842549319,0.408464534881133,0.000111478519371268,0.123562666558314,0.406392053331514,0.00876535472715993,-0.0844217176185223,0.39892369901628,0.176344487821703,-0.0436066069218122,0.408202880163657,0.425320444261367,0.031036214019473,0.406848420496014,0.134985982214248,0.0586001202459148,0.398584588011769,0.667462277332458,-0.0168568964069716,0.419024227056192,0.309426247841425,0.0456841934611464,0.411858096678671,0.00577846986899784,0.124902654094717,0.407344649052797,0.653744259027744,0.0203767505338803
"16",182,199,0.36592694714967,0.00362507461200295,-0.147354010945187,0.371319580909414,8.09259771734409e-07,-0.25050510618354,0.368956899447997,0.000252439746483532,-0.18719177515944,0.363433185323062,5.2563523940078e-05,-0.129264210814707,0.372810706251001,1.25259354273409e-11,-0.215988397429452,0.368219103356962,1.65085910746974e-18,-0.277675124336764,0.364068916456703,5.56481246273788e-07,-0.193084796840581,0.371998518391921,0.000186349969016087,-0.145842488111175,0.368133844706502,1.04198140363486e-11,-0.262162312799124,0.362429532193237,1.88239891472214e-08,-0.248850963336605,0.369780657917885,3.1538393463331e-06,-0.209381810983761,0.367405271522597,2.92767174749731e-09,-0.264831255098604
"17",182,200,0.341619986996599,0.0273324463111837,0.112038636620841,0.340471226000131,0.0762827679450824,0.0912883816761799,0.342783946769886,0.00609372732419811,0.140831706525829,0.335348372713288,0.157394162873966,0.0453622136190146,0.337210925855022,1.12436547119278e-09,-0.194641946697306,0.33951999283754,9.54433245647752e-05,-0.125402959650687,0.342990599327104,0.234822421007704,-0.046236699570579,0.340297802352861,0.00183094254115692,-0.121825249034724,0.343443428647808,0.963452630245929,-0.00179795171842318,0.333854145401104,0.127669035633148,0.0684241572879352,0.337525630410866,0.85242611683613,0.00845110877118754,0.341415416473447,0.324251539018845,-0.0447616258360911
"18",182,201,0.172502388138298,0.667458098689062,0.0218796088434647,0.172841707986288,0.641911183543558,-0.0239944992307446,0.170898823503019,0.00806759860962494,-0.136077865593722,0.166797323817851,0.131357159500916,-0.0484028643231606,0.171366873575886,0.0317999746917011,0.0691903401714784,0.168138305792892,0.00775488728523799,0.0857530675995196,0.17142084918717,0.188180600921402,0.0512102502165445,0.172810492442988,0.157229514700064,-0.0554579582555348,0.170182548582228,0.194326063279059,0.0508939051224359,0.171239369089013,0.174540232052871,0.0610006776925867,0.17135839343698,0.309142360823999,-0.0461798050653184,0.170046633813414,0.797672096417436,-0.0116463604420172
"19",189,176,2.03737935023455,5.31306995005552e-67,0.734578995344092,2.03655431066537,3.77061336347694e-45,0.641153170345522,2.02024941924101,9.33574504118505e-36,0.582751720668434,2.03984452958734,9.29515913814731e-137,0.686915613552167,2.03226112977294,2.39846292995529e-126,0.669734371083414,2.02144534440587,4.72138008848541e-124,0.665173711358268,2.04441452011063,1.098500403128e-141,0.788880481455911,2.03487778906701,7.63580587056117e-66,0.603153934307319,2.02603569545987,3.71085844048979e-86,0.66999661699418,2.04048425801748,5.36478366133773e-88,0.741969184843163,2.04134132542192,4.3654687255936e-52,0.615404182187166,2.02238036533808,2.05436643889078e-42,0.564974995850857
"20",189,182,1.18482502535482,0.00260550350838958,0.152448301072208,1.17489470835256,0.00242067907548884,0.155569396871635,1.18839833479269,0.0707637559215318,0.0930480062327943,1.18653174686869,0.0226956656035964,0.0730422732687862,1.17871874973904,5.86295448072007e-11,0.208919219328143,1.19374880139992,2.46166672364277e-10,0.202115019538838,1.20077526969884,0.0412693213662701,0.0793433547493676,1.18567646467025,0.00277706465966769,0.116974099971769,1.20524700908335,1.08143198494127e-05,0.17137811089895,1.18117630429972,0.00119400007082322,0.144944458920288,1.17631090947829,0.18347585290854,0.0603740418814296,1.18541223054034,2.5718059816572e-05,0.189458021265385
"21",189,189,1,0,1,1,0,1,1,0,1,1,0,1,1,0,1,1,0,1,1,0,1,1,0,1,1,0,1,1,0,1,1,0,1,1,0,1
"22",189,190,0.956646632975992,4.83948089634161e-20,-0.44258351919677,0.951814090605642,1.00198235979303e-18,-0.433224507620437,0.924099340597652,8.38469209037346e-23,-0.476311928346901,0.94519788256255,1.33340587056836e-94,-0.595943205645122,0.940107014900382,5.2788547597592e-93,-0.594275301776658,0.915278072346509,8.68143343084697e-78,-0.551673035871195,0.956627173037935,1.00911592645844e-110,-0.728948425699646,0.947376885255828,2.18877254397049e-46,-0.519702365377893,0.92622822100647,1.76380653818162e-31,-0.435001185914327,0.952677170650964,1.85066843588068e-28,-0.468320554157192,0.9516839773174,6.29760957227439e-39,-0.544415022972585,0.925701613994534,1.41502619717303e-22,-0.423137507541777
"23",189,195,0.905895384683572,3.55781920544062e-13,-0.357998663575279,0.899454538841592,8.01416816860773e-15,-0.385259535682993,0.920106302785483,2.39909562297021e-13,-0.364870322960121,0.906359930295435,5.24746559841636e-38,-0.396619580216069,0.901785187536349,1.9750857185396e-28,-0.345780933853345,0.924608878451918,5.52332717070696e-47,-0.440526328144589,0.918525955628122,2.71930600945922e-30,-0.424167217859393,0.905891386955566,4.47235781008002e-12,-0.266651310051772,0.933438940860477,4.85858094023598e-30,-0.425402149989305,0.89580857467553,6.03356342811645e-14,-0.328204423736474,0.898496800462054,1.44308434241719e-10,-0.285200105970568,0.915671827454944,3.43747211685321e-15,-0.346573582800238
"24",189,197,0.492972125697217,7.3288130947354e-48,0.649515966647371,0.485426292232098,2.54542169920823e-48,0.658354118700255,0.482132740401306,2.92978338223022e-46,0.647300170263904,0.48432083338649,1.049717224517e-227,0.810418333862875,0.478787467066175,1.89111631413127e-252,0.835770921575473,0.475988259524545,1.0932548032257e-199,0.782199428191338,0.489788342078555,5.34184418684931e-181,0.84432040793407,0.482148537455443,1.84462933221957e-135,0.781787401356037,0.480178472860369,6.8765000712595e-127,0.766077077722539,0.494392601952566,1.05464113153876e-71,0.690723098180935,0.484254264332521,2.73046525335846e-89,0.750508248972468,0.482599921483557,3.03444503690017e-60,0.651840158338414
"25",189,199,0.433351543239087,6.20329964701291e-38,0.591176684458124,0.436106734706706,1.59837249602933e-55,0.693630907655963,0.438289972046159,7.26922440870214e-45,0.639550862463228,0.431025166233131,1.74326075068031e-112,0.638360216274639,0.439263124813218,3.55337378014831e-173,0.747858521410514,0.439408535457978,8.26267927268956e-116,0.648091735269992,0.436941598990609,9.74467849545461e-77,0.637335542560625,0.440886346672216,1.78137209178423e-125,0.763361600957725,0.443535843624635,3.2403041311271e-96,0.697667656690223,0.427664393553106,1.6284633857394e-54,0.621836691154091,0.434819006789676,3.31063785725407e-70,0.690419891829161,0.435338636859438,5.53428013391725e-44,0.573782035005129
"26",189,200,0.404740543274856,6.26869717538718e-05,0.201751873185988,0.399974949348593,1.02302669103265e-10,0.324483840778963,0.407316958567373,2.59163050846164e-09,0.300221161733831,0.39786943367707,1.37228934245203e-36,0.389428214171781,0.397415198819463,2.53870398735734e-44,0.428673438378415,0.405239254522514,2.54946056395513e-43,0.424088429064798,0.41182356357616,3.79867630603837e-38,0.472656173281201,0.403434863915876,1.15442377643922e-22,0.370658271642492,0.41387584852019,2.53820723215721e-10,0.244395383325779,0.394404929086914,3.1568226480107e-08,0.24499201426527,0.396984870014026,5.13876470063718e-16,0.356211201144118,0.404667957854261,4.66415310201612e-10,0.277459993419471
"27",189,201,0.204305353598381,3.95292923849731e-34,-0.565191072744335,0.203008121803681,4.18252907905419e-42,-0.623528943324827,0.203029641554116,1.43082146317849e-24,-0.493250395810476,0.197826301858135,1.81054631775157e-105,-0.622484680089643,0.201923172742158,2.0148942122269e-134,-0.685165893769903,0.200649897959254,1.85948213972108e-105,-0.624956985111662,0.20574796981779,2.66539404430262e-71,-0.619104732675446,0.204825342199122,4.06585966896819e-69,-0.615096472521457,0.205042423133043,1.39358238096112e-57,-0.570578978972126,0.20207633723823,5.52206981906578e-57,-0.632905783047977,0.201504335601981,1.59505253116795e-60,-0.653004284950195,0.20150574619651,1.15689077668148e-25,-0.450071688124135
"28",190,176,2.13008584858596,2.98887963323387e-23,0.475192836868131,2.13983720227802,8.3295270284668e-14,0.371371045077001,2.18640028455593,5.28812997639584e-18,0.424907220314349,2.15833906661725,2.08217862385759e-91,0.587644257293992,2.1617904236124,2.84692443343209e-132,0.68114907538744,2.20865037080367,4.60250554773029e-91,0.589179026044911,2.13730357897942,1.02892463043326e-91,0.681914249244494,2.14799593897107,3.50136047705247e-40,0.487279510142261,2.18751174241606,4.71733889452256e-40,0.48656446530154,2.14268254841201,7.32198661661245e-29,0.471405532072514,2.14517532113043,5.66987165655172e-24,0.435625531427335,2.18498484726509,1.73712759863734e-24,0.440089922982035
"29",190,182,1.23860655807532,0.0103506570424768,-0.130028253250613,1.23439721761706,0.201099474010464,-0.0659018679605507,1.28601645010233,0.01703757452126,-0.122659753482059,1.25530285765226,0.000294444217823916,-0.115814484945669,1.2537502614608,0.00252123987992578,0.0972388254730902,1.30420350647507,0.981045827323599,-0.000766578874772327,1.25515328439065,0.0743808360174642,-0.0693949058885346,1.25147368357362,0.100236063877943,-0.0644293992061867,1.30120477075704,0.0343728323823223,-0.0828725120398085,1.24002450796889,0.000432552628756664,-0.157278341777899,1.23607267891401,0.000679961676148719,-0.153438631195511,1.28059337631231,0.16531307824492,-0.0629695101444115
"30",190,189,1.04574441341098,4.83948089634211e-20,-0.44258351919677,1.05085816099409,1.00198235979155e-18,-0.433224507620444,1.08246390710075,8.38469209037346e-23,-0.476311928346901,1.05826488856218,1.33340587056646e-94,-0.595943205645124,1.06385955767335,5.27885475978099e-93,-0.594275301776653,1.0927544937778,8.68143343069091e-78,-0.551673035871218,1.04564342170385,1.00911592646054e-110,-0.728948425699644,1.0557382491375,2.18877254398189e-46,-0.519702365377882,1.07986143731144,1.76380653818465e-31,-0.435001185914322,1.05058095393416,1.8506684358811e-28,-0.468320554157191,1.05101431087373,6.29760957228392e-39,-0.544415022972581,1.08063509773326,1.41502619717609e-22,-0.423137507541768
"31",190,190,1,0,1,1,0,1,1,0,1,1,0,1,1,0,1,1,0,1,1,0,1,1,0,1,1,0,1,1,0,1,1,0,1,1,0,1
"32",190,195,0.94708785135978,0.679567579569232,-0.0210351512282677,0.945083054769227,0.0003984449833968,-0.181224971428737,0.995781371083816,2.08239171582549e-07,-0.263188071938228,0.9589487318418,3.01532330606316e-18,-0.274239352406536,0.959237128750914,8.12228931687616e-24,-0.316297655950865,1.01023705603292,1.58145643798637e-17,-0.269827810520181,0.960208152442543,8.31280165349192e-16,-0.305900890224936,0.95621674494908,0.0246059025970426,-0.0880182445211945,1.00784410604494,1.97472147949603e-12,-0.270911515112583,0.940527811002647,0.018718066852979,-0.105432587974345,0.944227583224861,0.0253024932042357,-0.10135627068371,0.989293695461713,0.00459688575509665,-0.12821997748841
"33",190,197,0.515446277641983,1.11196556506822e-56,0.692414104937105,0.510072027093018,3.80274959578142e-57,0.700936427830847,0.521847988436062,1.76735965350448e-33,0.566587595829546,0.512500834768441,2.05938591959063e-157,0.721863888159874,0.509341977526215,4.24945081238669e-168,0.740571697286522,0.520122520578015,2.83475614858669e-106,0.626855947360237,0.512105770275104,7.71986738298209e-151,0.803541537243922,0.5089962866576,2.73627387304216e-109,0.729438950575382,0.518507882163499,1.06630526811425e-68,0.613597053026796,0.519257166728087,1.16648456029743e-63,0.660731605280118,0.508910100477964,2.6448480802118e-88,0.747770345799057,0.521454092771052,2.44855122070005e-39,0.546909785979036
"34",190,199,0.453174798872694,0.155494261354228,-0.0722482025178684,0.458294804144626,1.33296732405343e-05,0.221913757882151,0.474426167055261,0.000242296428743958,0.187719061555643,0.456117065909917,4.14041479900026e-11,0.209471072108106,0.467313761691014,2.0911903751928e-23,0.313508349599847,0.480162739937412,3.6262999849017e-13,0.231350177369648,0.45686635528404,8.39745041811783e-23,0.369158455035127,0.465460342951821,3.16876053491592e-05,0.162187899599531,0.478958029423069,1.74940408962632e-10,0.246538411014928,0.449325600988186,0.00608353510485882,0.122894034276891,0.457018368081196,3.14532178296417e-07,0.229256533187432,0.470434151965332,0.0832745194843396,0.078564712686397
"35",190,200,0.423024034560379,2.88446466246036e-50,0.661943125344787,0.420212068975781,1.22443832363064e-37,0.59546337152195,0.440764204431415,3.79064096503674e-48,0.657444172797349,0.420872876950562,2.05881242701846e-150,0.71058952975489,0.422717979692755,7.97135685975927e-122,0.660666954395008,0.442751140905528,2.69229892378798e-111,0.638249279998837,0.430442263223987,8.47711287002899e-103,0.710466476815697,0.425818863787746,1.28951119687288e-68,0.613300520458248,0.446844379900152,1.3908738896139e-91,0.685305301312876,0.413766610229152,6.57361134555811e-83,0.727163792526951,0.41713470412727,3.64262543300983e-55,0.62973326525535,0.437131758108063,2.5276546642804e-42,0.564461663100772
"36",190,201,0.213602524296466,5.271427804336e-16,-0.3958236495557,0.213310059155687,2.83288879661484e-12,-0.349099108769087,0.219741083665259,3.78166216386322e-10,-0.31493258898745,0.209312437151164,1.69087250417019e-40,-0.408847199020885,0.214802026917963,5.2862197353604e-50,-0.453422731404413,0.219249481154338,1.05507325570941e-40,-0.41176682292947,0.21510063465681,3.58542781073535e-58,-0.569471072472276,0.21622112644627,1.49383148495082e-19,-0.344028170409924,0.221405335719215,1.04976174522673e-34,-0.455447966225302,0.212207310236506,1.67086987909286e-42,-0.560761251310997,0.211763349101856,3.14654581569057e-27,-0.462861903933918,0.21771124391578,1.48675245564502e-09,-0.269566256830509
"37",195,176,2.24960756773107,2.39193709370191e-51,0.667343273238892,2.2644404479631,1.24089687014202e-50,0.670221652674787,2.19594456217462,3.42259200707852e-55,0.69211566006277,2.25132901554021,5.77773383713464e-105,0.621308178292079,2.25383599487117,4.28430707588119e-88,0.581202032554686,2.18653243298917,6.18817498842547e-111,0.63744515979388,2.2264937902679,1.79017271508559e-59,0.574793641614161,2.24657102528968,8.31969267724957e-77,0.641270751269403,2.17070553832192,4.09676432205667e-79,0.648656915669251,2.278936425876,2.70943881938809e-69,0.682106989013991,2.27218088495802,3.92558376305742e-53,0.620357075751481,2.20894880126493,1.47561913882098e-55,0.63150730765131
"38",195,182,1.30783779333812,3.44903627579133e-57,0.694677259180061,1.30613169972856,2.39309588545148e-50,0.668786788525113,1.29147823978484,7.38929044745458e-53,0.681145949829902,1.30905616059028,2.62241151521312e-109,0.631285555303033,1.30697935788954,8.94303817523751e-138,0.691302159441912,1.29098675294926,2.22878208460218e-135,0.686931542710983,1.30719382701708,3.13416413091507e-86,0.666467029864923,1.3087481784406,1.16020735166616e-145,0.798922623237101,1.29109458956675,4.27889597664656e-90,0.681199150185343,1.31851850568556,7.1487147238166e-80,0.717837455649141,1.30910136941957,2.05984407810763e-73,0.701667391368991,1.29446919421898,6.09568184008862e-77,0.713464760555318
"39",195,189,1.10435737518629,3.55781920544019e-13,-0.357998663575279,1.11202825981494,8.01416816862203e-15,-0.385259535682982,1.08714919823741,2.39909562297618e-13,-0.364870322960105,1.10384231724058,5.24746559841017e-38,-0.396619580216071,1.10919760916422,1.97508571855039e-28,-0.345780933853331,1.08179926758036,5.52332717076021e-47,-0.44052632814457,1.08927003558842,2.71930600946107e-30,-0.424167217859391,1.10421712979641,4.47235781007474e-12,-0.266651310051778,1.07153938252826,4.85858094023499e-30,-0.425402149989306,1.11729227169151,6.03356342811627e-14,-0.328204423736474,1.11321071375296,1.44308434241869e-10,-0.285200105970561,1.09244404737836,3.43747211685607e-15,-0.346573582800234
"40",195,190,1.0562045892678,0.679567579569254,-0.0210351512282662,1.05831419263016,0.000398444983397102,-0.181224971428726,1.00443136229947,2.08239171582565e-07,-0.263188071938227,1.04311145341257,3.01532330606259e-18,-0.274239352406536,1.0426172205464,8.12228931689064e-24,-0.316297655950859,0.990016479616099,1.58145643800213e-17,-0.269827810520145,1.04176410578545,8.31280165348863e-16,-0.305900890224937,1.0459265403298,0.0246059025970309,-0.0880182445212016,0.992351403043324,1.97472147948878e-12,-0.270911515112602,1.06374790594883,0.0187180668529774,-0.105432587974347,1.05930694339136,0.0253024932042589,-0.101356270683694,1.01105938910914,0.00459688575509689,-0.128219977488409
"41",195,195,1,0,1,1,0,1,1,0,1,1,0,1,1,0,1,1,0,1,1,0,1,1,0,1,1,0,1,1,0,1,1,0,1,1,0,1
"42",195,197,0.544392375105157,0.0399195729922504,-0.104357254682916,0.539805208809163,0.15399809476371,0.0734666137283681,0.524135872231756,0.340923782564129,0.0491162648353539,0.534583649301243,0.0120331196251674,0.0804773069455882,0.531068063120922,4.03023593253208e-07,0.162424116832582,0.514919569148236,6.50838471582232e-09,0.185617320562668,0.53349141548224,1.64123119140015e-07,0.201786048477272,0.532389390505047,0.0657295693092063,-0.0721148020078535,0.514530104411714,1.31654694083519e-12,0.272996707033518,0.552341330170469,0.0345525039510469,-0.0948313527925553,0.539080350185848,0.904256237155289,-0.00546470169894164,0.527196824204266,0.9155173762151,0.00481938629557711
"43",195,199,0.478458939160149,9.5753337113945e-49,0.654151794701152,0.484912865856361,6.49105721870791e-62,0.721175466052355,0.47641581732166,4.96154689171286e-45,0.640484321561717,0.475626640903926,9.99790025928813e-142,0.695800932074008,0.487188736291068,3.45387690253945e-91,0.589509242497185,0.475289560943516,2.08985417674729e-167,0.739559537348988,0.475791891846456,1.60709706838368e-129,0.76740408501935,0.486784148452425,8.36727803933993e-33,0.443562457529767,0.475217560150246,8.48404886132355e-98,0.701749016960501,0.477672810025012,3.38216593701504e-80,0.718854207286318,0.483995543766598,2.46187057256976e-64,0.668393186404364,0.475502067898305,9.33546223959457e-64,0.666114034711243
"44",195,200,0.446700266862548,3.11918693138891e-14,0.372715056500905,0.44467152711224,5.30261404668898e-19,0.436346596631743,0.442660319349343,1.16711358231928e-18,0.432471240002957,0.438884975585927,7.34165060675646e-95,0.596606216555234,0.44069331555978,1.41111345875144e-107,0.629857866962555,0.438275451612354,2.59452245505709e-97,0.605274391576372,0.448278096818892,4.48706144003838e-73,0.62518683139378,0.445332240447174,6.363606799478e-34,0.45061278070429,0.443380792050094,6.69973478574905e-46,0.517285304351935,0.440014367521918,5.7494564768619e-31,0.487039877402879,0.4418245223788,9.13620106831059e-28,0.467128394432203,0.441906248855598,1.53063871277844e-26,0.457315012120416
"45",195,201,0.225551748920412,9.87915073435861e-09,-0.285865254913029,0.225719174226245,3.53146486822364e-08,-0.278829018930805,0.220674076882182,5.1775907250174e-07,-0.254752677964517,0.218263634454813,1.66760911021823e-31,-0.362044834671652,0.223943273117349,2.34324980383123e-16,-0.260114794198991,0.217027167739687,1.35153783411029e-55,-0.475942509243501,0.224017079967471,9.41550012598854e-41,-0.487162549459523,0.226134122651885,0.439376584819832,-0.0303339031928819,0.219684752832846,6.83695220846548e-40,-0.485671936597367,0.225671306715589,3.03694267412289e-14,-0.331889815559917,0.224289431487143,2.36816035681539e-08,-0.249602630580571,0.22007634271869,4.05758946863657e-07,-0.227149125089167
"46",197,176,4.13423856289428,4.01013489359816e-12,-0.342557868323297,4.19568450551784,0.000126182081590146,-0.195923559469134,4.1904538901484,0.0603638115205276,-0.0966941991935692,4.21252798904716,1.70550993597013e-40,-0.408829206936938,4.24479594054289,7.33861172318467e-58,-0.484606581776016,4.24707895539211,2.64970069784505e-29,-0.35101355356071,4.17467157955297,1.88274194594178e-52,-0.544862924018448,4.22066714642387,7.89791404228647e-15,-0.297902243037902,4.21954948330533,4.77794681756318e-21,-0.357136886925367,4.13057001874475,5.38598274967962e-15,-0.340961462907209,4.21585669358453,5.00091467454349e-09,-0.261023030067377,4.1910064454672,0.00171018989075522,-0.141770972664372
"47",197,182,2.40405482866387,0.953769186095338,-0.00295271398160785,2.42052554041887,0.880139457686502,-0.00778158026834078,2.46499461016943,0.00906538431395643,0.134059842549318,2.45021423665677,0.00011147851937127,0.123562666558314,2.46200352963136,0.00876535472715846,-0.0844217176185241,2.50806937641033,0.176344487821515,-0.0436066069218311,2.45187149290641,0.425320444261372,0.0310362140194727,2.45927608577815,0.134985982214227,0.058600120245918,2.51013183843176,0.667462277332671,-0.0168568964069601,2.39067407895456,0.309426247841411,0.0456841934611477,2.42938836760083,0.00577846986900124,0.124902654094709,2.45652008003215,0.653744259027809,0.0203767505338762
"48",197,189,2.02911948873885,7.32881309473624e-48,0.649515966647371,2.0602062829351,2.54542169919782e-48,0.658354118700264,2.07425731836448,2.92978338221188e-46,0.647300170263918,2.06502975436189,1.04971722451461e-227,0.810418333862876,2.08870434636722,1.8911163141018e-252,0.835770921575479,2.10098878382825,1.09325480319777e-199,0.782199428191351,2.04193934937873,5.3418441868566e-181,0.84432040793407,2.07416718613502,1.84462933223972e-135,0.781787401356029,2.08265327340971,6.87650007122271e-127,0.766077077722543,2.02405618536812,1.05464113153909e-71,0.690723098180934,2.06524411552059,2.73046525334455e-89,0.750508248972474,2.07233550836686,3.03444503690519e-60,0.651840158338411
"49",197,190,1.94086160807841,1.11196556506773e-56,0.692414104937106,1.96077113611473,3.80274959578652e-57,0.700936427830844,1.91665979380433,1.76735965349985e-33,0.566587595829554,1.95171325456187,2.05938591959274e-157,0.721863888159874,1.96352574251024,4.2494508123497e-168,0.740571697286527,1.92293057174985,2.83475614861017e-106,0.626855947360229,1.95322994620904,7.71986738297507e-151,0.803541537243922,1.96491603070862,2.73627387302939e-109,0.729438950575386,1.92894397298413,1.06630526810732e-68,0.613597053026806,1.92773239702465,1.16648456029733e-63,0.660731605280118,1.96527394186655,2.64484808018395e-88,0.74777034579907,1.91814164251941,2.44855122069086e-39,0.546909785979046
"50",197,195,1.83807582623229,0.0399195729922513,-0.104357254682915,1.85305360388082,0.153998094763638,0.073466613728381,1.90848497080267,0.340923782564029,0.049116264835364,1.87155447892497,0.0120331196251689,0.0804773069455868,1.88355605754732,4.03023593252571e-07,0.162424116832592,1.94257725574457,6.50838471578943e-09,0.185617320562695,1.8755046115651,1.64123119139986e-07,0.201786048477273,1.87894461397565,0.065729569309173,-0.0721148020078624,1.94402958986492,1.31654694083686e-12,0.272996707033512,1.81301950057051,0.0345525039510455,-0.094831352792556,1.85562666997791,0.904256237155611,-0.00546470169892317,1.89751963662937,0.915517376215078,0.00481938629557836
"51",197,197,1,0,1,1,0,1,1,0,1,1,0,1,1,0,1,1,0,1,1,0,1,1,0,1,1,0,1,1,0,1,1,0,1,1,0,1
"52",197,199,0.879160995189348,0.688051916827255,-0.020446922187075,0.898472486855382,2.82018929459089e-12,-0.349128621750045,0.909110689933923,1.62171099789376e-07,-0.265453153464423,0.889961976023505,4.3403314386529e-26,-0.329605270136966,0.917487309418729,2.18047073297461e-66,-0.515156908844736,0.923171568531524,1.16864717516971e-29,-0.353117920827676,0.892136082635274,6.12370787850241e-29,-0.414964787441708,0.914463292151628,4.55744864355457e-29,-0.418742620942366,0.923723533973535,2.30106018804959e-49,-0.534107962835638,0.865255419481323,0.0138680760436376,-0.110316507378352,0.898016675804715,8.69524797801907e-17,-0.364932617146558,0.902143570903805,7.21587734156246e-06,-0.201759036463001
"53",197,200,0.820936947121373,4.95310209953223e-07,-0.251947604298565,0.82395401319534,3.09903002321565e-12,-0.348508640418426,0.844786355667839,1.26576643957968e-13,-0.368817086796877,0.821386209023833,1.10188842373947e-40,-0.409739671294771,0.830039665560598,7.13944435285713e-55,-0.473124611681532,0.851355690245749,4.40178994307685e-44,-0.427585950483068,0.840735839812341,1.11679254095397e-43,-0.502662560015066,0.836726518549672,1.17179404100194e-20,-0.353779592783766,0.861916755020574,1.61970792588988e-29,-0.421838679782714,0.797559375715928,1.8210400559559e-07,-0.231401804246119,0.819783264099949,2.2607168769503e-20,-0.40231628041206,0.838464431289263,4.98063234480992e-15,-0.344653844276128
"54",197,201,0.414228491467025,5.04303194580426e-43,0.622619245250672,0.418200184021999,4.05465749727759e-43,0.629522103970277,0.421091913326589,9.00742470158175e-32,0.553856275344219,0.408359505792298,1.36342544981107e-123,0.661713624172303,0.421733979327683,1.58710341288761e-153,0.718204449857769,0.421529791770997,2.36087476840036e-108,0.631631263726314,0.419999806835871,7.0261703250667e-105,0.715467060863845,0.424806422746397,2.23385518072917e-80,0.652615327898438,0.427002891660974,1.19192810032876e-92,0.688208430050674,0.408233259906476,3.79377300973622e-82,0.724861319089323,0.416108852854787,2.92926081537117e-68,0.68332877916483,0.417513635268207,8.3723491549271e-39,0.543658875176267
"55",199,176,4.70414348692086,3.45298399358747e-15,-0.385405666863084,4.67050537171626,1.08945205809153e-25,-0.503498149405932,4.61013161160586,2.36867627587669e-14,-0.378912975253515,4.7351985585173,1.0670992360838e-28,-0.345712932223205,4.62711605161015,1.91979204471851e-37,-0.395658929425137,4.60111635392534,1.41007846897148e-39,-0.406302734871799,4.68105126939222,2.0802235193379e-30,-0.424945691026114,4.61614971777352,2.31407683954827e-24,-0.384201076948912,4.56856850119766,4.68932179272935e-31,-0.432202398293998,4.77739807787614,1.41242610682783e-36,-0.525146691476275,4.6954720467515,3.96534524526861e-28,-0.469974431536888,4.64649788864705,7.89489867528674e-13,-0.316991579718783
"56",199,182,2.73488209826741,0.00362507461200356,-0.147354010945185,2.69415748047703,8.09259771733271e-07,-0.250505106183553,2.71151307812759,0.000252439746483497,-0.187191775159442,2.75351479030532,5.25635239400637e-05,-0.129264210814709,2.6834807056397,1.25259354273344e-11,-0.215988397429454,2.71680114668231,1.6508591074698e-18,-0.277675124336764,2.74855928265371,5.56481246273696e-07,-0.193084796840582,2.68943363925263,0.000186349969016023,-0.145842488111179,2.71748037952227,1.04198140363515e-11,-0.262162312799123,2.76425675316297,1.88239891472243e-08,-0.248850963336604,2.70545035254019,3.15383934633349e-06,-0.20938181098376,2.72310021586832,2.92767174749362e-09,-0.264831255098613
"57",199,189,2.30867349981879,6.20329964701335e-38,0.591176684458124,2.29330889436217,1.59837249603502e-55,0.693630907655956,2.28196812150646,7.26922440873646e-45,0.639550862463217,2.32117819385812,1.74326075067525e-112,0.638360216274642,2.27680458563383,3.5533737802031e-173,0.747858521410505,2.2761337028531,8.26267927286924e-116,0.648091735269971,2.28959085040319,9.74467849545932e-77,0.637335542560624,2.26847660284986,1.78137209176132e-125,0.763361600957736,2.25490143903712,3.24030413112581e-96,0.697667656690223,2.34060659832328,1.62846338573998e-54,0.621836691154091,2.30013177868225,3.31063785725577e-70,0.69041989182916,2.29752567610206,5.53428013390809e-44,0.573782035005133
"58",199,190,2.20858190555055,0.155494261354225,-0.072248202517869,2.18284447424577,1.33296732405505e-05,0.221913757882137,2.1087341264626,0.000242296428744059,0.187719061555637,2.19387010233081,4.14041479899975e-11,0.209471072108106,2.1404378178589,2.09119037519444e-23,0.313508349599844,2.08328324155292,3.62629998493011e-13,0.231350177369615,2.19019707122688,8.39745041811131e-23,0.36915845503513,2.1491014518264,3.16876053491062e-05,0.162187899599546,2.08855694198464,1.74940408962253e-10,0.24653841101494,2.22997892540023,0.0060835351048586,0.122894034276892,2.18908326913601,3.14532178296492e-07,0.22925653318743,2.12678816532408,0.0832745194843044,0.0785647126864059
"59",199,195,2.09090899237475,9.57533371140364e-49,0.65415179470115,2.06251360419459,6.49105721866556e-62,0.721175466052366,2.09934108126307,4.96154689170154e-45,0.640484321561722,2.10312494878589,9.99790025928131e-142,0.695800932074008,2.05301591430154,3.45387690251742e-91,0.589509242497193,2.1042575614543,2.08985417676262e-167,0.739559537348984,2.10235945497906,1.60709706837847e-129,0.767404085019353,2.05478264792021,8.36727803934162e-33,0.443562457529767,2.10459793262672,8.48404886128418e-98,0.701749016960506,2.09603211546347,3.38216593701687e-80,0.718854207286317,2.06644875687028,2.46187057256878e-64,0.668393186404365,2.10342007620308,9.33546223954908e-64,0.666114034711251
"60",199,197,1.13790343721964,0.688051916827257,-0.0204469221870748,1.11323563087829,2.82018929459878e-12,-0.349128621750027,1.10019274123312,1.62171099789645e-07,-0.265453153464408,1.12404386944122,4.34033143865134e-26,-0.329605270136967,1.09010139788817,2.18047073299364e-66,-0.515156908844723,1.08338842446549,1.16864717518231e-29,-0.353117920827648,1.12132358121073,6.12370787850334e-29,-0.414964787441707,1.09373230407365,4.55744864353196e-29,-0.418742620942381,1.08274597682786,2.30106018804764e-49,-0.53410796283564,1.15670048875638,0.0138680760436376,-0.110316507378352,1.11386045629005,8.69524797803394e-17,-0.36493261714655,1.10875631239367,7.21587734155682e-06,-0.201759036463008
"61",199,199,1,0,1,1,0,1,1,0,1,1,0,1,1,0,1,1,0,1,1,0,1,1,0,1,1,0,1,1,0,1,1,0,1,1,0,1
"62",199,200,0.933931501782372,3.75559138336377e-08,-0.274811221148028,0.917176735496034,1.13857079218432e-28,-0.529230717698195,0.929318084422516,1.85937341186097e-17,-0.418464288449771,0.922947038422765,4.13036120088118e-72,-0.531721552158806,0.904727556504639,1.26545459503064e-62,-0.502052631433214,0.922231820170647,1.43147714545623e-64,-0.508900943486757,0.942406508325233,5.93129632665181e-75,-0.6314854361685,0.91506182213288,6.96430017455643e-26,-0.395820368235303,0.933130147194966,5.21559837750762e-26,-0.396758980456119,0.922266024274146,1.20174776401e-25,-0.445851908363694,0.913038085749441,4.92347717431565e-33,-0.5060777794056,0.929525150461728,4.16265651357058e-22,-0.41882978961628
"63",199,201,0.471242263788679,3.05190832591717e-39,0.599596922550362,0.465498988078776,2.98494257686203e-56,0.69693728626346,0.463209402234144,1.74138398002865e-42,0.625794604249903,0.458819304111001,1.10805362122257e-169,0.740362226119525,0.459679963552174,2.13385042367914e-142,0.699516839087428,0.456615199715115,3.84822609791534e-157,0.723965427084616,0.470791029381171,3.99440333106994e-117,0.742842594383775,0.464565955488282,4.91478418628933e-76,0.638755575349248,0.462278354517833,3.56668637902506e-126,0.764708171449881,0.472017293151224,8.34935841479091e-51,0.604330608004079,0.463424850466268,3.9769803546329e-67,0.679107684774228,0.46283761173789,1.14144976220174e-46,0.588258578627794
"64",200,176,5.04008710370126,1.53299532425052e-10,-0.317587497914686,5.09299500277896,2.2032044410541e-16,-0.405376737275674,4.96146225986698,5.91403765154824e-08,-0.274384796518564,5.13368632476875,7.62812496400807e-39,-0.400786638120802,5.11489971953503,3.31363603861687e-56,-0.478302245191981,4.98938322014353,1.42590429926696e-50,-0.455792735755405,4.96964691298227,3.13308233566406e-35,-0.455550716375369,5.04544239554571,2.4624210084165e-41,-0.493573718282073,4.89622553377977,2.36937714272413e-21,-0.359734071181974,5.19193986461826,1.35825939099046e-18,-0.380761356575973,5.14342591411132,8.13980660928726e-22,-0.416120841222533,4.99993726814812,1.4557791340089e-14,-0.339025357381329
"65",200,182,2.92971957008911,0.0273324463111834,0.112038636620841,2.93763278825441,0.0762827679451084,0.0912883816761719,2.91788165121162,0.0060937273241956,0.140831706525836,2.98461834098364,0.157394162873987,0.0453622136190124,2.96607348426083,1.12436547119217e-09,-0.194641946697308,2.94584455422863,9.54433245646161e-05,-0.1254029596507,2.91735746215094,0.234822421007707,-0.0462366995705786,2.93920762897643,0.0018309425411568,-0.121825249034724,2.91216042730339,0.963452630246246,-0.00179795171840756,3.00263427011631,0.127669035633136,0.0684241572879372,2.96335065952759,0.852426116836273,0.00845110877117924,2.92993445659013,0.324251539018783,-0.0447616258360968
"66",200,189,2.47421255680455,6.26869717538736e-05,0.201751873185988,2.50117652594214,1.02302669103262e-10,0.324483840778963,2.45635436355185,2.59163050846357e-09,0.300221161733825,2.51696522950368,1.37228934244909e-36,0.389428214171786,2.51718457054246,2.53870398735646e-44,0.428673438378415,2.46850308312236,2.54946056394591e-43,0.424088429064806,2.43125522712392,3.79867630604329e-38,0.472656173281198,2.47989150290795,1.15442377643885e-22,0.370658271642493,2.41695490667706,2.53820723215544e-10,0.244395383325783,2.54558747108444,3.15682264801132e-08,0.244992014265268,2.51998768704119,5.13876470064418e-16,0.356211201144111,2.47279809935538,4.6641531020211e-10,0.277459993419464
"67",200,190,2.36563876242632,2.88446466246151e-50,0.661943125344786,2.38006158944597,1.22443832363405e-37,0.595463371521942,2.26918779950913,3.79064096503934e-48,0.657444172797347,2.37800216550359,2.05881242701225e-150,0.710589529754892,2.36599997216743,7.97135685971843e-122,0.660666954395012,2.25898024471025,2.69229892382154e-111,0.638249279998825,2.3248482227141,8.47711287002899e-103,0.710466476815697,2.34882610137095,1.28951119686884e-68,0.613300520458253,2.23823000929886,1.39087388960083e-91,0.685305301312888,2.42149137325806,6.5736113455596e-83,0.727163792526951,2.39764649324789,3.64262543302577e-55,0.629733265255341,2.28819784875973,2.52765466427679e-42,0.564461663100776
"68",200,195,2.23997084497606,3.11918693138859e-14,0.372715056500906,2.24912893915287,5.30261404667728e-19,0.436346596631754,2.25932339794457,1.16711358232042e-18,0.432471240002952,2.27969473533719,7.34165060674183e-95,0.596606216555237,2.26935088942386,1.41111345874301e-107,0.629857866962561,2.28181676464853,2.59452245501513e-97,0.605274391576389,2.23163628959175,4.48706144004349e-73,0.625186831393778,2.24576970292287,6.36360679948405e-34,0.450612780704288,2.25555342373457,6.69973478577607e-46,0.517285304351926,2.27677421423072,5.74945647686539e-31,0.487039877402877,2.26367286906063,9.13620106828544e-28,0.467128394432213,2.26339292999778,1.53063871277744e-26,0.457315012120418
"69",200,197,1.2192223873398,4.95310209953286e-07,-0.251947604298564,1.21402317737277,3.09903002322037e-12,-0.348508640418416,1.18415836101479,1.26576643958161e-13,-0.368817086796868,1.21866483536677,1.10188842373803e-40,-0.409739671294774,1.20513407456645,7.13944435284547e-55,-0.473124611681535,1.1749130431469,4.40178994308621e-44,-0.427585950483064,1.19054128676169,1.11679254095488e-43,-0.502662560015064,1.1955836889444,1.17179404100023e-20,-0.353779592783772,1.16051165096251,1.61970792588812e-29,-0.421838679782717,1.25733634248677,1.821040055956e-07,-0.231401804246118,1.22018483424356,2.26071687695992e-20,-0.402316280412042,1.19316615716688,4.98063234481655e-15,-0.344653844276121
"70",200,199,1.07164724506105,3.75559138336349e-08,-0.274811221148028,1.0906733712632,1.13857079218236e-28,-0.529230717698202,1.07640345695588,1.85937341186174e-17,-0.418464288449769,1.08418374186667,4.13036120087516e-72,-0.531721552158809,1.10557371091556,1.26545459502709e-62,-0.502052631433219,1.08450882338096,1.43147714543652e-64,-0.508900943486778,1.06175472013602,5.93129632666651e-75,-0.631485436168497,1.09320532680362,6.96430017456066e-26,-0.395820368235301,1.07186925790161,5.21559837751328e-26,-0.396758980456115,1.08757243342315,1.20174776401033e-25,-0.445851908363693,1.09564340508916,4.92347717431686e-33,-0.5060777794056,1.07625924558711,4.16265651358033e-22,-0.418829789616271
"71",200,200,1,0,1,1,0,1,1,0,1,1,0,1,1,0,1,1,0,1,1,0,1,1,0,1,1,0,1,1,0,1,1,0,1,1,0,1
"72",200,201,0.504816554228979,4.62583151399127e-34,0.5647029362337,0.507630171861302,2.66528593905217e-46,0.647525123351145,0.498529944417728,1.55197524537204e-54,0.689079211220502,0.497280341280381,7.33912398778827e-113,0.639184670513099,0.508161190074614,1.47587792712128e-100,0.613283961973466,0.495177021496242,1.38939853754669e-151,0.71504870678082,0.499718512143614,1.30911301042484e-133,0.774893966105031,0.507796056557753,8.99470036902467e-50,0.53602823195601,0.49546835554183,4.98745272539353e-92,0.686521290443247,0.512828000725685,1.03647082368674e-47,0.588851622421454,0.507661740111042,6.21347158262803e-64,0.666812289946267,0.498017582468352,3.07876449223223e-69,0.686917813770482
