{"G2FN": "RES\n1b:x-dglc-HEX-1:5\n2s:n-acetyl\n3b:b-dglc-HEX-1:5\n4s:n-acetyl\n5b:b-dman-HEX-1:5\n6b:a-dman-HEX-1:5\n7b:b-dglc-HEX-1:5\n8s:n-acetyl\n9b:b-dgal-HEX-1:5\n10b:b-dglc-HEX-1:5\n11s:n-acetyl\n12b:a-dman-HEX-1:5\n13b:b-dglc-HEX-1:5\n14s:n-acetyl\n15b:b-dgal-HEX-1:5\n16b:a-lgal-HEX-1:5|6:d\nLIN\n1:1d(2+1)2n\n2:1o(4+1)3d\n3:3d(2+1)4n\n4:3o(4+1)5d\n5:5o(3+1)6d\n6:6o(2+1)7d\n7:7d(2+1)8n\n8:7o(4+1)9d\n9:5o(4+1)10d\n10:10d(2+1)11n\n11:5o(6+1)12d\n12:12o(2+1)13d\n13:13d(2+1)14n\n14:13o(4+1)15d\n15:1o(6+1)16d\n", "G0F": "RES\n1b:x-dglc-HEX-1:5\n2s:n-acetyl\n3b:b-dglc-HEX-1:5\n4s:n-acetyl\n5b:b-dman-HEX-1:5\n6b:a-dman-HEX-1:5\n7b:b-dglc-HEX-1:5\n8s:n-acetyl\n9b:a-dman-HEX-1:5\n10b:b-dglc-HEX-1:5\n11s:n-acetyl\n12b:a-lgal-HEX-1:5|6:d\nLIN\n1:1d(2+1)2n\n2:1o(4+1)3d\n3:3d(2+1)4n\n4:3o(4+1)5d\n5:5o(3+1)6d\n6:6o(2+1)7d\n7:7d(2+1)8n\n8:5o(6+1)9d\n9:9o(2+1)10d\n10:10d(2+1)11n\n11:1o(6+1)12d\n", "G1FN": "RES\n1b:x-dglc-HEX-1:5\n2s:n-acetyl\n3b:b-dglc-HEX-1:5\n4s:n-acetyl\n5b:b-dman-HEX-1:5\n6b:a-dman-HEX-1:5\n7b:b-dglc-HEX-1:5\n8s:n-acetyl\n9b:b-dglc-HEX-1:5\n10s:n-acetyl\n11b:a-dman-HEX-1:5\n12b:b-dglc-HEX-1:5\n13s:n-acetyl\n14b:b-dgal-HEX-1:5\n15b:a-lgal-HEX-1:5|6:d\nLIN\n1:1d(2+1)2n\n2:1o(4+1)3d\n3:3d(2+1)4n\n4:3o(4+1)5d\n5:5o(3+1)6d\n6:6o(2+1)7d\n7:7d(2+1)8n\n8:5o(4+1)9d\n9:9d(2+1)10n\n10:5o(6+1)11d\n11:11o(2+1)12d\n12:12d(2+1)13n\n13:12o(4+1)14d\n14:1o(6+1)15d\n", "G2N": "RES\n1b:x-dglc-HEX-1:5\n2s:n-acetyl\n3b:b-dglc-HEX-1:5\n4s:n-acetyl\n5b:b-dman-HEX-1:5\n6b:a-dman-HEX-1:5\n7b:b-dglc-HEX-1:5\n8s:n-acetyl\n9b:b-dgal-HEX-1:5\n10b:b-dglc-HEX-1:5\n11s:n-acetyl\n12b:a-dman-HEX-1:5\n13b:b-dglc-HEX-1:5\n14s:n-acetyl\n15b:b-dgal-HEX-1:5\nLIN\n1:1d(2+1)2n\n2:1o(4+1)3d\n3:3d(2+1)4n\n4:3o(4+1)5d\n5:5o(3+1)6d\n6:6o(2+1)7d\n7:7d(2+1)8n\n8:7o(4+1)9d\n9:5o(4+1)10d\n10:10d(2+1)11n\n11:5o(6+1)12d\n12:12o(2+1)13d\n13:13d(2+1)14n\n14:13o(4+1)15d\n", "G0FN": "RES\n1b:x-dglc-HEX-1:5\n2s:n-acetyl\n3b:b-dglc-HEX-1:5\n4s:n-acetyl\n5b:b-dman-HEX-1:5\n6b:a-dman-HEX-1:5\n7b:b-dglc-HEX-1:5\n8s:n-acetyl\n9b:b-dglc-HEX-1:5\n10s:n-acetyl\n11b:a-dman-HEX-1:5\n12b:b-dglc-HEX-1:5\n13s:n-acetyl\n14b:a-lgal-HEX-1:5|6:d\nLIN\n1:1d(2+1)2n\n2:1o(4+1)3d\n3:3d(2+1)4n\n4:3o(4+1)5d\n5:5o(3+1)6d\n6:6o(2+1)7d\n7:7d(2+1)8n\n8:5o(4+1)9d\n9:9d(2+1)10n\n10:5o(6+1)11d\n11:11o(2+1)12d\n12:12d(2+1)13n\n13:1o(6+1)14d\n", "G1N": "RES\n1b:x-dglc-HEX-1:5\n2s:n-acetyl\n3b:b-dglc-HEX-1:5\n4s:n-acetyl\n5b:b-dman-HEX-1:5\n6b:a-dman-HEX-1:5\n7b:b-dglc-HEX-1:5\n8s:n-acetyl\n9b:b-dglc-HEX-1:5\n10s:n-acetyl\n11b:a-dman-HEX-1:5\n12b:b-dglc-HEX-1:5\n13s:n-acetyl\n14b:b-dgal-HEX-1:5\nLIN\n1:1d(2+1)2n\n2:1o(4+1)3d\n3:3d(2+1)4n\n4:3o(4+1)5d\n5:5o(3+1)6d\n6:6o(2+1)7d\n7:7d(2+1)8n\n8:5o(4+1)9d\n9:9d(2+1)10n\n10:5o(6+1)11d\n11:11o(2+1)12d\n12:12d(2+1)13n\n13:12o(4+1)14d\n", "G2NS": "RES\n1b:x-dglc-HEX-1:5\n2s:n-acetyl\n3b:b-dglc-HEX-1:5\n4s:n-acetyl\n5b:b-dman-HEX-1:5\n6b:a-dman-HEX-1:5\n7b:b-dglc-HEX-1:5\n8s:n-acetyl\n9b:b-dgal-HEX-1:5\n10b:b-dglc-HEX-1:5\n11s:n-acetyl\n12b:a-dman-HEX-1:5\n13b:b-dglc-HEX-1:5\n14s:n-acetyl\n15b:b-dgal-HEX-1:5\n16b:b-dgro-dgal-NON-2:6|1:a|2:keto|3:d\n17s:n-acetyl\nLIN\n1:1d(2+1)2n\n2:1o(4+1)3d\n3:3d(2+1)4n\n4:3o(4+1)5d\n5:5o(3+1)6d\n6:6o(2+1)7d\n7:7d(2+1)8n\n8:7o(4+1)9d\n9:5o(4+1)10d\n10:10d(2+1)11n\n11:5o(6+1)12d\n12:12o(2+1)13d\n13:13d(2+1)14n\n14:13o(4+1)15d\n15:15o(6+2)16d\n16:16d(5+1)17n\n", "G1NS": "RES\n1b:x-dglc-HEX-1:5\n2s:n-acetyl\n3b:b-dglc-HEX-1:5\n4s:n-acetyl\n5b:b-dman-HEX-1:5\n6b:a-dman-HEX-1:5\n7b:b-dglc-HEX-1:5\n8s:n-acetyl\n9b:b-dglc-HEX-1:5\n10s:n-acetyl\n11b:a-dman-HEX-1:5\n12b:b-dglc-HEX-1:5\n13s:n-acetyl\n14b:b-dgal-HEX-1:5\n15b:b-dgro-dgal-NON-2:6|1:a|2:keto|3:d\n16s:n-acetyl\nLIN\n1:1d(2+1)2n\n2:1o(4+1)3d\n3:3d(2+1)4n\n4:3o(4+1)5d\n5:5o(3+1)6d\n6:6o(2+1)7d\n7:7d(2+1)8n\n8:5o(4+1)9d\n9:9d(2+1)10n\n10:5o(6+1)11d\n11:11o(2+1)12d\n12:12d(2+1)13n\n13:12o(4+1)14d\n14:14o(6+2)15d\n15:15d(5+1)16n\n", "G2": "RES\n1b:x-dglc-HEX-1:5\n2s:n-acetyl\n3b:b-dglc-HEX-1:5\n4s:n-acetyl\n5b:b-dman-HEX-1:5\n6b:a-dman-HEX-1:5\n7b:b-dglc-HEX-1:5\n8s:n-acetyl\n9b:b-dgal-HEX-1:5\n10b:a-dman-HEX-1:5\n11b:b-dglc-HEX-1:5\n12s:n-acetyl\n13b:b-dgal-HEX-1:5\nLIN\n1:1d(2+1)2n\n2:1o(4+1)3d\n3:3d(2+1)4n\n4:3o(4+1)5d\n5:5o(3+1)6d\n6:6o(2+1)7d\n7:7d(2+1)8n\n8:7o(4+1)9d\n9:5o(6+1)10d\n10:10o(2+1)11d\n11:11d(2+1)12n\n12:11o(4+1)13d\n", "G1S": "RES\n1b:x-dglc-HEX-1:5\n2s:n-acetyl\n3b:b-dglc-HEX-1:5\n4s:n-acetyl\n5b:b-dman-HEX-1:5\n6b:a-dman-HEX-1:5\n7b:b-dglc-HEX-1:5\n8s:n-acetyl\n9b:a-dman-HEX-1:5\n10b:b-dglc-HEX-1:5\n11s:n-acetyl\n12b:b-dgal-HEX-1:5\n13b:a-dgro-dgal-NON-2:6|1:a|2:keto|3:d\n14s:n-acetyl\nLIN\n1:1d(2+1)2n\n2:1o(4+1)3d\n3:3d(2+1)4n\n4:3o(4+1)5d\n5:5o(3+1)6d\n6:6o(2+1)7d\n7:7d(2+1)8n\n8:5o(6+1)9d\n9:9o(2+1)10d\n10:10d(2+1)11n\n11:10o(4+1)12d\n12:12o(6+2)13d\n13:13d(5+1)14n\n", "G1": "RES\n1b:x-dglc-HEX-1:5\n2s:n-acetyl\n3b:b-dglc-HEX-1:5\n4s:n-acetyl\n5b:b-dman-HEX-1:5\n6b:a-dman-HEX-1:5\n7b:b-dglc-HEX-1:5\n8s:n-acetyl\n9b:a-dman-HEX-1:5\n10b:b-dglc-HEX-1:5\n11s:n-acetyl\n12b:b-dgal-HEX-1:5\nLIN\n1:1d(2+1)2n\n2:1o(4+1)3d\n3:3d(2+1)4n\n4:3o(4+1)5d\n5:5o(3+1)6d\n6:6o(2+1)7d\n7:7d(2+1)8n\n8:5o(6+1)9d\n9:9o(2+1)10d\n10:10d(2+1)11n\n11:10o(4+1)12d\n", "G2FS": "RES\n1b:x-dglc-HEX-1:5\n2s:n-acetyl\n3b:b-dglc-HEX-1:5\n4s:n-acetyl\n5b:b-dman-HEX-1:5\n6b:a-dman-HEX-1:5\n7b:b-dglc-HEX-1:5\n8s:n-acetyl\n9b:b-dgal-HEX-1:5\n10b:a-dman-HEX-1:5\n11b:b-dglc-HEX-1:5\n12s:n-acetyl\n13b:b-dgal-HEX-1:5\n14b:a-dgro-dgal-NON-2:6|1:a|2:keto|3:d\n15s:n-acetyl\n16b:a-lgal-HEX-1:5|6:d\nLIN\n1:1d(2+1)2n\n2:1o(4+1)3d\n3:3d(2+1)4n\n4:3o(4+1)5d\n5:5o(3+1)6d\n6:6o(2+1)7d\n7:7d(2+1)8n\n8:7o(4+1)9d\n9:5o(6+1)10d\n10:10o(2+1)11d\n11:11d(2+1)12n\n12:11o(4+1)13d\n13:13o(6+2)14d\n14:14d(5+1)15n\n15:1o(6+1)16d\n", "G0": "RES\n1b:x-dglc-HEX-1:5\n2s:n-acetyl\n3b:b-dglc-HEX-1:5\n4s:n-acetyl\n5b:b-dman-HEX-1:5\n6b:a-dman-HEX-1:5\n7b:b-dglc-HEX-1:5\n8s:n-acetyl\n9b:a-dman-HEX-1:5\n10b:b-dglc-HEX-1:5\n11s:n-acetyl\nLIN\n1:1d(2+1)2n\n2:1o(4+1)3d\n3:3d(2+1)4n\n4:3o(4+1)5d\n5:5o(3+1)6d\n6:6o(2+1)7d\n7:7d(2+1)8n\n8:5o(6+1)9d\n9:9o(2+1)10d\n10:10d(2+1)11n\n", "G2FNS": "RES\n1b:x-dglc-HEX-1:5\n2s:n-acetyl\n3b:b-dglc-HEX-1:5\n4s:n-acetyl\n5b:b-dman-HEX-1:5\n6b:a-dman-HEX-1:5\n7b:b-dglc-HEX-1:5\n8s:n-acetyl\n9b:b-dgal-HEX-1:5\n10b:b-dglc-HEX-1:5\n11s:n-acetyl\n12b:a-dman-HEX-1:5\n13b:b-dglc-HEX-1:5\n14s:n-acetyl\n15b:b-dgal-HEX-1:5\n16b:a-dgro-dgal-NON-2:6|1:a|2:keto|3:d\n17s:n-acetyl\n18b:a-lgal-HEX-1:5|6:d\nLIN\n1:1d(2+1)2n\n2:1o(4+1)3d\n3:3d(2+1)4n\n4:3o(4+1)5d\n5:5o(3+1)6d\n6:6o(2+1)7d\n7:7d(2+1)8n\n8:7o(4+1)9d\n9:5o(4+1)10d\n10:10d(2+1)11n\n11:5o(6+1)12d\n12:12o(2+1)13d\n13:13d(2+1)14n\n14:13o(4+1)15d\n15:15o(6+2)16d\n16:16d(5+1)17n\n17:1o(6+1)18d\n", "G2S": "RES\n1b:x-dglc-HEX-1:5\n2s:n-acetyl\n3b:b-dglc-HEX-1:5\n4s:n-acetyl\n5b:b-dman-HEX-1:5\n6b:a-dman-HEX-1:5\n7b:b-dglc-HEX-1:5\n8s:n-acetyl\n9b:b-dgal-HEX-1:5\n10b:a-dman-HEX-1:5\n11b:b-dglc-HEX-1:5\n12s:n-acetyl\n13b:b-dgal-HEX-1:5\n14b:a-dgro-dgal-NON-2:6|1:a|2:keto|3:d\n15s:n-acetyl\nLIN\n1:1d(2+1)2n\n2:1o(4+1)3d\n3:3d(2+1)4n\n4:3o(4+1)5d\n5:5o(3+1)6d\n6:6o(2+1)7d\n7:7d(2+1)8n\n8:7o(4+1)9d\n9:5o(6+1)10d\n10:10o(2+1)11d\n11:11d(2+1)12n\n12:11o(4+1)13d\n13:13o(6+2)14d\n14:14d(5+1)15n\n", "G1FS": "RES\n1b:x-dglc-HEX-1:5\n2s:n-acetyl\n3b:b-dglc-HEX-1:5\n4s:n-acetyl\n5b:b-dman-HEX-1:5\n6b:a-dman-HEX-1:5\n7b:b-dglc-HEX-1:5\n8s:n-acetyl\n9b:a-dman-HEX-1:5\n10b:b-dglc-HEX-1:5\n11s:n-acetyl\n12b:b-dgal-HEX-1:5\n13b:a-dgro-dgal-NON-2:6|1:a|2:keto|3:d\n14s:n-acetyl\n15b:a-lgal-HEX-1:5|6:d\nLIN\n1:1d(2+1)2n\n2:1o(4+1)3d\n3:3d(2+1)4n\n4:3o(4+1)5d\n5:5o(3+1)6d\n6:6o(2+1)7d\n7:7d(2+1)8n\n8:5o(6+1)9d\n9:9o(2+1)10d\n10:10d(2+1)11n\n11:10o(4+1)12d\n12:12o(6+2)13d\n13:13d(5+1)14n\n14:1o(6+1)15d\n", "G1FNS": "RES\n1b:x-dglc-HEX-1:5\n2s:n-acetyl\n3b:b-dglc-HEX-1:5\n4s:n-acetyl\n5b:b-dman-HEX-1:5\n6b:a-dman-HEX-1:5\n7b:b-dglc-HEX-1:5\n8s:n-acetyl\n9b:b-dglc-HEX-1:5\n10s:n-acetyl\n11b:a-dman-HEX-1:5\n12b:b-dglc-HEX-1:5\n13s:n-acetyl\n14b:b-dgal-HEX-1:5\n15b:a-dgro-dgal-NON-2:6|1:a|2:keto|3:d\n16s:n-acetyl\n17b:a-lgal-HEX-1:5|6:d\nLIN\n1:1d(2+1)2n\n2:1o(4+1)3d\n3:3d(2+1)4n\n4:3o(4+1)5d\n5:5o(3+1)6d\n6:6o(2+1)7d\n7:7d(2+1)8n\n8:5o(4+1)9d\n9:9d(2+1)10n\n10:5o(6+1)11d\n11:11o(2+1)12d\n12:12d(2+1)13n\n13:12o(4+1)14d\n14:14o(6+2)15d\n15:15d(5+1)16n\n16:1o(6+1)17d\n", "G2F": "RES\n1b:x-dglc-HEX-1:5\n2s:n-acetyl\n3b:b-dglc-HEX-1:5\n4s:n-acetyl\n5b:b-dman-HEX-1:5\n6b:a-dman-HEX-1:5\n7b:b-dglc-HEX-1:5\n8s:n-acetyl\n9b:b-dgal-HEX-1:5\n10b:a-dman-HEX-1:5\n11b:b-dglc-HEX-1:5\n12s:n-acetyl\n13b:b-dgal-HEX-1:5\n14b:a-lgal-HEX-1:5|6:d\nLIN\n1:1d(2+1)2n\n2:1o(4+1)3d\n3:3d(2+1)4n\n4:3o(4+1)5d\n5:5o(3+1)6d\n6:6o(2+1)7d\n7:7d(2+1)8n\n8:7o(4+1)9d\n9:5o(6+1)10d\n10:10o(2+1)11d\n11:11d(2+1)12n\n12:11o(4+1)13d\n13:1o(6+1)14d\n", "G0N": "RES\n1b:x-dglc-HEX-1:5\n2s:n-acetyl\n3b:b-dglc-HEX-1:5\n4s:n-acetyl\n5b:b-dman-HEX-1:5\n6b:a-dman-HEX-1:5\n7b:b-dglc-HEX-1:5\n8s:n-acetyl\n9b:b-dglc-HEX-1:5\n10s:n-acetyl\n11b:a-dman-HEX-1:5\n12b:b-dglc-HEX-1:5\n13s:n-acetyl\nLIN\n1:1d(2+1)2n\n2:1o(4+1)3d\n3:3d(2+1)4n\n4:3o(4+1)5d\n5:5o(3+1)6d\n6:6o(2+1)7d\n7:7d(2+1)8n\n8:5o(4+1)9d\n9:9d(2+1)10n\n10:5o(6+1)11d\n11:11o(2+1)12d\n12:12d(2+1)13n\n", "G1F": "RES\n1b:x-dglc-HEX-1:5\n2s:n-acetyl\n3b:b-dglc-HEX-1:5\n4s:n-acetyl\n5b:b-dman-HEX-1:5\n6b:a-dman-HEX-1:5\n7b:b-dglc-HEX-1:5\n8s:n-acetyl\n9b:a-dman-HEX-1:5\n10b:b-dglc-HEX-1:5\n11s:n-acetyl\n12b:b-dgal-HEX-1:5\n13b:a-lgal-HEX-1:5|6:d\nLIN\n1:1d(2+1)2n\n2:1o(4+1)3d\n3:3d(2+1)4n\n4:3o(4+1)5d\n5:5o(3+1)6d\n6:6o(2+1)7d\n7:7d(2+1)8n\n8:5o(6+1)9d\n9:9o(2+1)10d\n10:10d(2+1)11n\n11:10o(4+1)12d\n12:1o(6+1)13d\n"}